label,x0,y0,x1,y1,x2,y2,x3,y3,x4,y4,x5,y5,x6,y6,x7,y7,x8,y8,x9,y9,x10,y10,x11,y11,x12,y12,x13,y13,x14,y14,x15,y15,x16,y16,x17,y17,x18,y18,x19,y19,x20,y20
0,0.29756349325180054,0.6274091005325317,0.35376444458961487,0.6062703132629395,0.409342885017395,0.5718179941177368,0.4568004012107849,0.5487921833992004,0.49565356969833374,0.5462815165519714,0.3689092695713043,0.4511869549751282,0.40166985988616943,0.38461625576019287,0.42012351751327515,0.34274882078170776,0.43515723943710327,0.30566659569740295,0.33308374881744385,0.43328601121902466,0.3472011387348175,0.34759217500686646,0.35645219683647156,0.2953258156776428,0.3629663288593292,0.25240635871887207,0.29907527565956116,0.4363940358161926,0.2932645082473755,0.35786545276641846,0.2907584607601166,0.3081126809120178,0.29054486751556396,0.2646109461784363,0.2673885226249695,0.45708173513412476,0.2436206042766571,0.40380531549453735,0.22923603653907776,0.36882829666137695,0.21886292099952698,0.334810733795166
0,0.2502685785293579,0.5756937861442566,0.3046852946281433,0.5526684522628784,0.3568267524242401,0.5146883726119995,0.4028000831604004,0.48645442724227905,0.44038107991218567,0.48011159896850586,0.3148139417171478,0.4019709825515747,0.3446776568889618,0.3314193785190582,0.361122190952301,0.2875804901123047,0.3743560314178467,0.24920055270195007,0.28033697605133057,0.38737547397613525,0.2938607931137085,0.30457139015197754,0.30073538422584534,0.25203245878219604,0.30495041608810425,0.20917156338691711,0.24744728207588196,0.39264941215515137,0.23938912153244019,0.31798121333122253,0.23624101281166077,0.270643949508667,0.23561960458755493,0.22974002361297607,0.21638670563697815,0.41461044549942017,0.19233253598213196,0.3653200566768646,0.1780223846435547,0.33186885714530945,0.1677156686782837,0.2989896535873413
0,0.2512102723121643,0.5233922004699707,0.30441659688949585,0.4999846816062927,0.35544106364250183,0.4614297151565552,0.3994327187538147,0.4324745237827301,0.43551766872406006,0.42557618021965027,0.314596563577652,0.3556613624095917,0.34427571296691895,0.2868655025959015,0.3598051071166992,0.24389371275901794,0.3721393644809723,0.20631587505340576,0.2806699573993683,0.3423188626766205,0.2951178252696991,0.2638644278049469,0.3022996783256531,0.21352636814117432,0.3064933121204376,0.17189465463161469,0.2482089400291443,0.3480578362941742,0.24201029539108276,0.2762918472290039,0.23906496167182922,0.23041020333766937,0.237912118434906,0.1905575394630432,0.2172093391418457,0.3695630729198456,0.19422216713428497,0.3232862651348114,0.18042227625846863,0.2914060652256012,0.17033742368221283,0.2602195739746094
0,0.21438013017177582,0.48015862703323364,0.2653915286064148,0.4566847085952759,0.31297653913497925,0.42112287878990173,0.35533374547958374,0.3945866525173187,0.3898111581802368,0.38744795322418213,0.27285444736480713,0.3167773187160492,0.2993932068347931,0.24686938524246216,0.31318703293800354,0.2034464031457901,0.3235378563404083,0.16529235243797302,0.24056531488895416,0.30643028020858765,0.25252532958984375,0.22897186875343323,0.2573937177658081,0.17894507944583893,0.25906452536582947,0.13770681619644165,0.20969262719154358,0.3136568069458008,0.20169809460639954,0.24543963372707367,0.19676372408866882,0.20091935992240906,0.19344516098499298,0.16267316043376923,0.1795661598443985,0.33543696999549866,0.15528684854507446,0.29157450795173645,0.14051413536071777,0.2620834708213806,0.1293286383152008,0.23413732647895813
0,0.1858854442834854,0.4491235017776489,0.23339132964611053,0.4215475916862488,0.27755534648895264,0.38324129581451416,0.3182561993598938,0.3545338809490204,0.3517801761627197,0.34290745854377747,0.23758918046951294,0.28304341435432434,0.25947999954223633,0.21232572197914124,0.2695752680301666,0.16754622757434845,0.2770012617111206,0.12802381813526154,0.20676589012145996,0.2748079299926758,0.2162303477525711,0.20046553015708923,0.2188873142004013,0.15155012905597687,0.2188291996717453,0.11117327213287354,0.17764964699745178,0.2850292921066284,0.16866031289100647,0.21955116093158722,0.1623854637145996,0.17672230303287506,0.15794457495212555,0.1397562474012375,0.15038344264030457,0.3101990222930908,0.12498599290847778,0.27109694480895996,0.10914471745491028,0.24323230981826782,0.09703591465950012,0.21617695689201355
0,0.31961748003959656,0.36381179094314575,0.37281233072280884,0.3501131534576416,0.4268677532672882,0.32489314675331116,0.47327548265457153,0.3059559464454651,0.5103822946548462,0.30103781819343567,0.3870522081851959,0.21424177289009094,0.41612178087234497,0.1514538824558258,0.43259933590888977,0.1135951578617096,0.4460386335849762,0.0794832706451416,0.3534035384654999,0.19947192072868347,0.3669130206108093,0.12465590983629227,0.3743944764137268,0.07804939150810242,0.3791009187698364,0.04018242657184601,0.32168614864349365,0.20310868322849274,0.3150642216205597,0.13624435663223267,0.31223201751708984,0.0937875509262085,0.31210243701934814,0.0572577565908432,0.2911810576915741,0.22163759171962738,0.2691028118133545,0.17672863602638245,0.25482702255249023,0.14525672793388367,0.24439695477485657,0.11513057351112366
0,0.39044150710105896,0.37248528003692627,0.4453881084918976,0.3607953190803528,0.501177191734314,0.33727526664733887,0.5498235821723938,0.32244834303855896,0.5886054635047913,0.3164682388305664,0.46505671739578247,0.2173488587141037,0.49476465582847595,0.14853915572166443,0.5120668411254883,0.10944502055644989,0.5269405841827393,0.0742553174495697,0.4299321174621582,0.1998855173587799,0.4479736387729645,0.12340275198221207,0.45814377069473267,0.07556107640266418,0.46465787291526794,0.03714729845523834,0.3945898413658142,0.20119257271289825,0.387817919254303,0.12784945964813232,0.3843483328819275,0.08165174722671509,0.3834996819496155,0.04363355040550232,0.36081528663635254,0.21820080280303955,0.3371640741825104,0.16836461424827576,0.32156020402908325,0.1336318850517273,0.31065577268600464,0.10142256319522858
0,0.49099233746528625,0.3670831620693207,0.5475613474845886,0.3549004793167114,0.6026030778884888,0.3343762457370758,0.6470876932144165,0.32251086831092834,0.6865202188491821,0.32149869203567505,0.5597195029258728,0.20885802805423737,0.5924712419509888,0.14635680615901947,0.612862229347229,0.1114748939871788,0.630730390548706,0.07980455458164215,0.5231356024742126,0.19149956107139587,0.5337209701538086,0.1113620176911354,0.5451164245605469,0.06511937081813812,0.5542639493942261,0.027024060487747192,0.4891790747642517,0.1926145702600479,0.4797407388687134,0.11837933957576752,0.4780478775501251,0.06835879385471344,0.47971677780151367,0.024690568447113037,0.4590124487876892,0.20930786430835724,0.43634194135665894,0.15397170186042786,0.423284113407135,0.11684992909431458,0.4149150848388672,0.08058905601501465
0,0.6289141774177551,0.4162641763687134,0.6845531463623047,0.41447657346725464,0.7395353317260742,0.4018945097923279,0.7870930433273315,0.40277451276779175,0.8277395963668823,0.4105881154537201,0.7127227187156677,0.26343896985054016,0.7433305382728577,0.20095296204090118,0.7633391618728638,0.1633210927248001,0.7806732058525085,0.13009372353553772,0.67665696144104,0.23973417282104492,0.690596342086792,0.15943406522274017,0.7014484405517578,0.11218464374542236,0.7096392512321472,0.07398667931556702,0.6422521471977234,0.23670919239521027,0.6406382322311401,0.16067230701446533,0.6421239376068115,0.11237168312072754,0.6456968188285828,0.06921567022800446,0.6095266342163086,0.25082841515541077,0.5946897864341736,0.1934162676334381,0.5858327150344849,0.15593311190605164,0.5802591443061829,0.11913645267486572
0,0.6470549702644348,0.5078813433647156,0.7026413679122925,0.5161323547363281,0.7543168663978577,0.5141113996505737,0.7955009937286377,0.5253435373306274,0.8290423154830933,0.5450136661529541,0.740257203578949,0.3755319118499756,0.7752333283424377,0.3204558491706848,0.7966635823249817,0.2855660915374756,0.8158148527145386,0.2558189630508423,0.7092190980911255,0.34645044803619385,0.7274159789085388,0.2698768079280853,0.7426417469978333,0.23260805010795593,0.7560718059539795,0.2070128470659256,0.6781839728355408,0.33830779790878296,0.6833415627479553,0.2678532004356384,0.6921858191490173,0.23701676726341248,0.7032187581062317,0.2138676792383194,0.6480928063392639,0.3473396897315979,0.6382948756217957,0.29369741678237915,0.6351666450500488,0.25859948992729187,0.6359429359436035,0.22578546404838562
0,0.6935559511184692,0.691491961479187,0.7445206642150879,0.709800124168396,0.7933498620986938,0.7182801961898804,0.8290483951568604,0.7212136387825012,0.8602890968322754,0.7331993579864502,0.7964707612991333,0.5669093728065491,0.8374934196472168,0.5197399258613586,0.8634667992591858,0.49175333976745605,0.885918140411377,0.46873217821121216,0.770935595035553,0.5353450179100037,0.8044354915618896,0.46545377373695374,0.8267629742622375,0.4235510230064392,0.8452847599983215,0.39036285877227783,0.742332398891449,0.5221740007400513,0.760692834854126,0.4484224319458008,0.7752053737640381,0.40271228551864624,0.7892472743988037,0.3643522560596466,0.7106612920761108,0.5254670977592468,0.709566593170166,0.4648101329803467,0.7102917432785034,0.4248201847076416,0.7137375473976135,0.38831254839897156
0,0.6746869087219238,0.730060338973999,0.7255383729934692,0.7506960034370422,0.7734511494636536,0.7559309601783752,0.8082712292671204,0.7622243762016296,0.8342165350914001,0.7744899392127991,0.7799056768417358,0.6207470893859863,0.823212742805481,0.5770564675331116,0.8492172360420227,0.5478013157844543,0.8703252077102661,0.5219600796699524,0.7572813630104065,0.5884644985198975,0.7939019799232483,0.5217723846435547,0.817743718624115,0.48094940185546875,0.8352997303009033,0.447187602519989,0.7301384806632996,0.5743837952613831,0.750877320766449,0.5020333528518677,0.7666541337966919,0.45699211955070496,0.780576229095459,0.4171253740787506,0.6988885998725891,0.5768032670021057,0.7029581069946289,0.5179754495620728,0.7066992521286011,0.4785860776901245,0.7124307155609131,0.44177913665771484
0,0.39209145307540894,0.8127299547195435,0.43286165595054626,0.8217127323150635,0.4749988615512848,0.8209622502326965,0.5095647573471069,0.8229629993438721,0.5387507677078247,0.8362663388252258,0.4706443250179291,0.7132464647293091,0.49787530303001404,0.6686148643493652,0.5138627886772156,0.6404244303703308,0.5285599231719971,0.6145326495170593,0.44865554571151733,0.6913320422172546,0.4659011662006378,0.6319639086723328,0.4777660369873047,0.5943268537521362,0.4880971908569336,0.56120765209198,0.4248884618282318,0.6855021715164185,0.4330085813999176,0.6291496753692627,0.43782252073287964,0.5928012728691101,0.4437936842441559,0.5596519708633423,0.4002859592437744,0.6929916739463806,0.39202940464019775,0.6497774124145508,0.38647785782814026,0.6215656995773315,0.3833301365375519,0.5942052006721497
0,0.3654530346393585,0.78598952293396,0.40463343262672424,0.786049485206604,0.44688093662261963,0.7796265482902527,0.48113104701042175,0.7850808501243591,0.5073361992835999,0.7941327095031738,0.436082661151886,0.6766119003295898,0.45765769481658936,0.6264368295669556,0.47045382857322693,0.5972895622253418,0.4825880229473114,0.570960283279419,0.41371995210647583,0.6583181023597717,0.4292771816253662,0.6001123785972595,0.43915697932243347,0.563887894153595,0.447371244430542,0.5327860116958618,0.38990020751953125,0.6545032858848572,0.3936327397823334,0.5984545946121216,0.39606988430023193,0.5639520287513733,0.40004968643188477,0.5333033800125122,0.365134060382843,0.6629838347434998,0.3559384346008301,0.6217564344406128,0.34970754384994507,0.5960856676101685,0.34583771228790283,0.5716344118118286
0,0.327999472618103,0.7881848216056824,0.36719053983688354,0.788925051689148,0.40789103507995605,0.7821545600891113,0.44089025259017944,0.7809610962867737,0.4673893451690674,0.7867054343223572,0.3928947448730469,0.6793314218521118,0.41265660524368286,0.6319290399551392,0.4230566918849945,0.6033212542533875,0.43235960602760315,0.5778473019599915,0.3714698851108551,0.6616018414497375,0.38329559564590454,0.6036741137504578,0.39096784591674805,0.5683935880661011,0.3969951868057251,0.5393354296684265,0.34947240352630615,0.6584087610244751,0.35039302706718445,0.6039929986000061,0.3507792055606842,0.5698970556259155,0.35202717781066895,0.5403757095336914,0.3272397220134735,0.667769193649292,0.31576332449913025,0.6300031542778015,0.3078935742378235,0.6054959297180176,0.30191516876220703,0.5822028517723083
0,0.2826899588108063,0.7570695877075195,0.3153194785118103,0.7536437511444092,0.3457832634449005,0.7393235564231873,0.37412935495376587,0.7330893278121948,0.39703840017318726,0.7362569570541382,0.32971063256263733,0.6409835815429688,0.3404864966869354,0.5903077125549316,0.34501931071281433,0.5573825240135193,0.34896084666252136,0.5281876921653748,0.30966585874557495,0.6287868022918701,0.315090537071228,0.573102593421936,0.31698936223983765,0.5358624458312988,0.31799301505088806,0.5046476125717163,0.2896786630153656,0.6309031248092651,0.28652480244636536,0.5788883566856384,0.2825074791908264,0.5462620854377747,0.2796495854854584,0.5182547569274902,0.2701364755630493,0.6453871130943298,0.25573086738586426,0.6110084056854248,0.2459014505147934,0.5880909562110901,0.23856323957443237,0.5664083361625671
0,0.2630789577960968,0.802099347114563,0.2943645417690277,0.795107364654541,0.32293644547462463,0.777614951133728,0.3498816192150116,0.7680884003639221,0.37219202518463135,0.7689176797866821,0.2992454767227173,0.682819664478302,0.30634406208992004,0.6316173076629639,0.30880191922187805,0.599190354347229,0.3112373948097229,0.5702662467956543,0.2788791060447693,0.6722443699836731,0.2792825996875763,0.6166070699691772,0.27825307846069336,0.5802851319313049,0.2771509885787964,0.5499672889709473,0.2596065402030945,0.6763632297515869,0.2523203492164612,0.6252956986427307,0.24565601348876953,0.5942901372909546,0.24066001176834106,0.5675913691520691,0.2415957748889923,0.6929634213447571,0.22462603449821472,0.6619691848754883,0.21286123991012573,0.6420323252677917,0.20324084162712097,0.6235143542289734
0,0.2591228485107422,0.8125130534172058,0.2914222776889801,0.7985281944274902,0.3191433846950531,0.7754307985305786,0.3448581099510193,0.7586029767990112,0.3679657280445099,0.7542923092842102,0.2891414761543274,0.6903522610664368,0.29520097374916077,0.6396820545196533,0.29715004563331604,0.6071823835372925,0.2983199954032898,0.5781987905502319,0.2681865990161896,0.6841880083084106,0.2681579291820526,0.6303298473358154,0.26576870679855347,0.5947620868682861,0.26278382539749146,0.5652624368667603,0.24900422990322113,0.6914087533950806,0.24091678857803345,0.643079400062561,0.23299925029277802,0.6118736267089844,0.2261495292186737,0.5852825045585632,0.23127178847789764,0.7097909450531006,0.21325889229774475,0.6816929578781128,0.20090097188949585,0.6624792814254761,0.19067241251468658,0.6445523500442505
0,0.27659621834754944,0.6063529253005981,0.3158128261566162,0.5936625599861145,0.35195112228393555,0.5719181299209595,0.3844880759716034,0.557232677936554,0.4113481044769287,0.553648829460144,0.31939518451690674,0.48077017068862915,0.3384425938129425,0.4296717941761017,0.3490351438522339,0.39834147691726685,0.3577412962913513,0.37083205580711365,0.2951734662055969,0.47209206223487854,0.30082130432128906,0.41500362753868103,0.3025195002555847,0.37889960408210754,0.302528440952301,0.3501848578453064,0.27251043915748596,0.478310763835907,0.2657887041568756,0.42728883028030396,0.26038122177124023,0.39510783553123474,0.25645211338996887,0.3678717315196991,0.25153982639312744,0.49651390314102173,0.23293504118919373,0.465148001909256,0.22037377953529358,0.44323110580444336,0.2103668451309204,0.42226484417915344
0,0.34706932306289673,0.5626775026321411,0.3892118036746979,0.552846372127533,0.43225476145744324,0.5348742008209229,0.47212356328964233,0.5293340682983398,0.5054264664649963,0.5337944030761719,0.4072779417037964,0.4327033460140228,0.43378520011901855,0.38124340772628784,0.44909632205963135,0.35092586278915405,0.4627285897731781,0.3235844373703003,0.3796708285808563,0.418373703956604,0.3901359736919403,0.35611096024513245,0.3954489827156067,0.3196600675582886,0.39925748109817505,0.2898574471473694,0.35321950912475586,0.42070332169532776,0.3486439883708954,0.36364805698394775,0.34491875767707825,0.32945361733436584,0.3434835374355316,0.2999972403049469,0.3284568190574646,0.4370174705982208,0.3101734220981598,0.3985363245010376,0.29703637957572937,0.37316176295280457,0.2872188985347748,0.3481173813343048
0,0.40166592597961426,0.5016293525695801,0.4484640955924988,0.492360383272171,0.49414825439453125,0.47382789850234985,0.5339559316635132,0.4662078022956848,0.5664277672767639,0.46711796522140503,0.4725743532180786,0.3656844198703766,0.5010607838630676,0.31431809067726135,0.5183948278427124,0.2832547724246979,0.5332372188568115,0.25281840562820435,0.44212469458580017,0.3486420512199402,0.45516639947891235,0.28369611501693726,0.46355143189430237,0.24356813728809357,0.4690447449684143,0.20820529758930206,0.4116073548793793,0.3503516912460327,0.4075396656990051,0.288498193025589,0.4048271179199219,0.24922627210617065,0.4040759801864624,0.2130551040172577,0.3823583722114563,0.3666403889656067,0.3643445372581482,0.3222975730895996,0.35314610600471497,0.2939675450325012,0.3453267216682434,0.26548486948013306
0,0.3861013352870941,0.4429475665092468,0.4472847580909729,0.426050066947937,0.5086513161659241,0.396756112575531,0.5660272836685181,0.3859410881996155,0.614165186882019,0.3894723653793335,0.4740108251571655,0.23938539624214172,0.5172368884086609,0.16646897792816162,0.546299934387207,0.12307007610797882,0.5709733963012695,0.08452531695365906,0.4349386692047119,0.21344901621341705,0.4577460289001465,0.1144469678401947,0.4697335362434387,0.047918662428855896,0.4768853187561035,-0.0073944926261901855,0.39475756883621216,0.2177543193101883,0.385766863822937,0.1292676329612732,0.3785931468009949,0.0685262382030487,0.3742033839225769,0.01556144654750824,0.3557168245315552,0.2450309544801712,0.32720914483070374,0.18695572018623352,0.30745482444763184,0.14775438606739044,0.2923933267593384,0.10887807607650757
0,0.40636304020881653,0.7152296304702759,0.4938403069972992,0.7180397510528564,0.5769989490509033,0.6960603594779968,0.6513143181800842,0.6839639544487,0.7230985164642334,0.6821516156196594,0.5247936248779297,0.4636974334716797,0.5863122344017029,0.34986045956611633,0.6245291233062744,0.27127474546432495,0.6559224128723145,0.19617342948913574,0.46025997400283813,0.4177590012550354,0.4756351709365845,0.26225998997688293,0.48465991020202637,0.16064408421516418,0.48850566148757935,0.07171571254730225,0.40182000398635864,0.42081359028816223,0.38094931840896606,0.28431248664855957,0.3647199273109436,0.19223171472549438,0.35340431332588196,0.10892084240913391,0.35214120149612427,0.46197307109832764,0.29776686429977417,0.3788297772407532,0.2612236738204956,0.32520240545272827,0.23201480507850647,0.27403855323791504
0,0.33091485500335693,0.7303528189659119,0.41457054018974304,0.7272206544876099,0.49184924364089966,0.7060448527336121,0.5660662055015564,0.7026932239532471,0.6355051398277283,0.704448938369751,0.43518543243408203,0.4767049252986908,0.48807036876678467,0.3628246784210205,0.5200763940811157,0.2852936387062073,0.5465309619903564,0.2103344202041626,0.37634727358818054,0.43592098355293274,0.3884018361568451,0.2878256142139435,0.39164459705352783,0.19240769743919373,0.3897542655467987,0.1096513569355011,0.322293221950531,0.44131985306739807,0.2950699031352997,0.309981107711792,0.2728245258331299,0.22191473841667175,0.25531476736068726,0.1430685818195343,0.2764872908592224,0.4823499917984009,0.2195473462343216,0.4018908441066742,0.17791710793972015,0.3554939031600952,0.14284378290176392,0.3120628595352173
0,0.2816360592842102,0.8771981000900269,0.3792237341403961,0.8784751296043396,0.47835463285446167,0.8568875789642334,0.5700145959854126,0.8562283515930176,0.6525707244873047,0.8691183924674988,0.4339774549007416,0.5691693425178528,0.5060992240905762,0.4468677043914795,0.5545337796211243,0.36153480410575867,0.5951716303825378,0.2819381654262543,0.3663310110569,0.5134092569351196,0.40174442529678345,0.35101234912872314,0.4194587171077728,0.24130359292030334,0.4313391447067261,0.14209991693496704,0.2972961962223053,0.508604884147644,0.2916632294654846,0.3475431203842163,0.28459006547927856,0.2392163872718811,0.27944257855415344,0.14195385575294495,0.23096206784248352,0.5450137853622437,0.1773134022951126,0.43142735958099365,0.13835638761520386,0.36240988969802856,0.10555475950241089,0.2983958423137665
0,0.5661198496818542,0.7833226919174194,0.674175500869751,0.7837017178535461,0.7774060964584351,0.7599806785583496,0.8578456044197083,0.7527244687080383,0.9258062243461609,0.7580995559692383,0.7389793395996094,0.5056087970733643,0.799522876739502,0.39045965671539307,0.83833909034729,0.31810617446899414,0.8731794357299805,0.2529456615447998,0.6770381927490234,0.45587974786758423,0.6994990110397339,0.2962210178375244,0.7150883674621582,0.19753620028495789,0.727449893951416,0.11320546269416809,0.6149136424064636,0.4530996084213257,0.613491415977478,0.30537912249565125,0.6143134236335754,0.20949521660804749,0.6191757917404175,0.1227785050868988,0.5543550848960876,0.48833319544792175,0.513839602470398,0.3844138979911804,0.4897949695587158,0.3133566975593567,0.4734448790550232,0.2451019287109375
0,0.25812214612960815,0.6624999046325684,0.2722444236278534,0.5289995670318604,0.29858672618865967,0.42124515771865845,0.3087489604949951,0.31789183616638184,0.29554063081741333,0.2387073040008545,0.43407905101776123,0.48435178399086,0.5278505086898804,0.39134079217910767,0.5858681201934814,0.33792632818222046,0.6359098553657532,0.29843389987945557,0.46594709157943726,0.5662685036659241,0.5877891778945923,0.5447767972946167,0.6624826192855835,0.5317156910896301,0.7201504111289978,0.5259017944335938,0.4742140769958496,0.6384779214859009,0.5761722922325134,0.6591430902481079,0.6401883363723755,0.6630798578262329,0.6878010034561157,0.6646274924278259,0.467899888753891,0.6922602653503418,0.5329102277755737,0.7423860430717468,0.5675457119941711,0.769345223903656,0.5992885828018188,0.7855316996574402
0,0.2534552216529846,0.6356714963912964,0.2717902660369873,0.5087370872497559,0.30049920082092285,0.4028641879558563,0.3098456859588623,0.30456244945526123,0.3022346496582031,0.22779172658920288,0.42610886693000793,0.4622672200202942,0.5190649032592773,0.3730725646018982,0.5765979886054993,0.3233945369720459,0.6261485815048218,0.28671354055404663,0.4524135887622833,0.5430734753608704,0.5727888345718384,0.5252050161361694,0.6474164128303528,0.5169658064842224,0.706928014755249,0.5148434042930603,0.458313912153244,0.6143857836723328,0.5589389204978943,0.6302311420440674,0.6244306564331055,0.6362404823303223,0.6771523952484131,0.6395373344421387,0.4510568082332611,0.6707176566123962,0.5143221020698547,0.7212477326393127,0.5518184900283813,0.7514519095420837,0.5884768962860107,0.7717751264572144
0,0.3381473422050476,0.7545390725135803,0.3819924592971802,0.6394317746162415,0.43031758069992065,0.5460025072097778,0.446115642786026,0.451160192489624,0.4375590980052948,0.36970025300979614,0.5164012908935547,0.6377867460250854,0.5910995006561279,0.650903046131134,0.5590097904205322,0.646186888217926,0.5237950682640076,0.6454700827598572,0.5193173289299011,0.724567711353302,0.5892494916915894,0.7154887914657593,0.5632352828979492,0.701286792755127,0.527144730091095,0.6992373466491699,0.510169506072998,0.7945852279663086,0.5736783146858215,0.7707563638687134,0.5518189668655396,0.7596022486686707,0.5180225372314453,0.756666898727417,0.4984838366508484,0.8483748435974121,0.5356223583221436,0.8161838054656982,0.5152295827865601,0.8041632771492004,0.4899252653121948,0.802487850189209
0,0.3271564245223999,0.7500753402709961,0.3596581816673279,0.6318702101707458,0.4042195677757263,0.5296525955200195,0.4185757637023926,0.4310739040374756,0.41238290071487427,0.35101473331451416,0.4834190607070923,0.6080400347709656,0.6045804023742676,0.5934727787971497,0.6746936440467834,0.5785092115402222,0.7291103005409241,0.5732481479644775,0.4963054060935974,0.6960987448692322,0.5929363965988159,0.6747595071792603,0.5573405027389526,0.6543422937393188,0.5079044103622437,0.6584134101867676,0.49187764525413513,0.7703718543052673,0.5626318454742432,0.7355309128761292,0.5324753522872925,0.724723219871521,0.4949178993701935,0.732856810092926,0.4858109652996063,0.8305773735046387,0.5417279005050659,0.7909978628158569,0.5133917331695557,0.7775728106498718,0.482547789812088,0.7821259498596191
0,0.31798288226127625,0.747658371925354,0.35148802399635315,0.6333909034729004,0.3991972804069519,0.5297300219535828,0.4144652485847473,0.4297789931297302,0.411215603351593,0.34613555669784546,0.47381216287612915,0.6094188094139099,0.5953269600868225,0.5954556465148926,0.6651406288146973,0.581832230091095,0.7194361090660095,0.5769538283348083,0.48289573192596436,0.6958634257316589,0.5871891975402832,0.6750356554985046,0.5555293560028076,0.6526844501495361,0.5064069628715515,0.6546885371208191,0.47630882263183594,0.7701327204704285,0.5543668866157532,0.735248327255249,0.5255099534988403,0.7229681015014648,0.48840877413749695,0.7303012609481812,0.4689989387989044,0.830943763256073,0.531711757183075,0.7907260060310364,0.5038778781890869,0.7770625948905945,0.47292426228523254,0.7828966379165649
0,0.32466089725494385,0.7560899257659912,0.3538933992385864,0.6377338767051697,0.40528956055641174,0.5265696048736572,0.42136242985725403,0.42736703157424927,0.41599100828170776,0.3424280881881714,0.4564749598503113,0.6002945303916931,0.5817956924438477,0.550171971321106,0.6519229412078857,0.5187102556228638,0.7054485082626343,0.49494725465774536,0.46217823028564453,0.6919417381286621,0.5887038707733154,0.6848071217536926,0.6583835482597351,0.6788597702980042,0.7060315608978271,0.6699355244636536,0.46364426612854004,0.7706478834152222,0.5869077444076538,0.7412097454071045,0.6046994924545288,0.7013164758682251,0.5966877341270447,0.6645675301551819,0.46514248847961426,0.8269582986831665,0.5545233488082886,0.7820295095443726,0.5591283440589905,0.7423385977745056,0.5455324053764343,0.7105035781860352
0,0.3104035556316376,0.7353978157043457,0.3363473415374756,0.62490314245224,0.38511109352111816,0.5070859789848328,0.4005745053291321,0.4058210253715515,0.3910900354385376,0.3199295997619629,0.43911758065223694,0.5666548013687134,0.5608487129211426,0.5155298709869385,0.629073441028595,0.4800347089767456,0.6822092533111572,0.45361024141311646,0.4450753331184387,0.647899866104126,0.5741152763366699,0.6385174989700317,0.6467991471290588,0.6351314783096313,0.7006651163101196,0.6330795288085938,0.44636666774749756,0.7260007858276367,0.5471600294113159,0.6981009244918823,0.5189793109893799,0.6811973452568054,0.47903168201446533,0.6719669103622437,0.44669249653816223,0.792639970779419,0.5216350555419922,0.7558656930923462,0.4954039454460144,0.7384436130523682,0.46103033423423767,0.7330911159515381
0,0.32488852739334106,0.711823046207428,0.35124510526657104,0.5994684100151062,0.3996621072292328,0.4889712929725647,0.41974136233329773,0.3956961929798126,0.4166907072067261,0.31441614031791687,0.4495225250720978,0.5302681922912598,0.5687648057937622,0.48775535821914673,0.6359028816223145,0.45442864298820496,0.6865172982215881,0.42867642641067505,0.46285706758499146,0.6080280542373657,0.601325273513794,0.6070406436920166,0.682891845703125,0.6089939475059509,0.741963267326355,0.6090576648712158,0.4689939618110657,0.6841000318527222,0.5856417417526245,0.6770098805427551,0.6417326927185059,0.6625639200210571,0.6749183535575867,0.6510500907897949,0.47090691328048706,0.7453327775001526,0.5470983982086182,0.7144131064414978,0.577348530292511,0.6872996687889099,0.5974843502044678,0.6654290556907654
0,0.3245561122894287,0.7042794823646545,0.3509509265422821,0.5891247987747192,0.40154939889907837,0.47926589846611023,0.4205660820007324,0.3842548727989197,0.4164891541004181,0.30389004945755005,0.43982774019241333,0.5241478681564331,0.5603657364845276,0.48599743843078613,0.6309432983398438,0.45555993914604187,0.6847173571586609,0.4351431131362915,0.4582770764827728,0.6070979833602905,0.5978951454162598,0.6048972010612488,0.6802992820739746,0.6099182963371277,0.7384465932846069,0.61325603723526,0.4684714078903198,0.6842687129974365,0.5879775285720825,0.669330894947052,0.6410808563232422,0.6494920253753662,0.6697546243667603,0.6338658332824707,0.4713551998138428,0.7419360280036926,0.5481194853782654,0.7130699157714844,0.575190007686615,0.6882142424583435,0.5900629162788391,0.6699482798576355
0,0.3110250234603882,0.6955896019935608,0.34551095962524414,0.584884524345398,0.3933574855327606,0.48193201422691345,0.41919562220573425,0.3868231177330017,0.42015090584754944,0.3049282133579254,0.46013233065605164,0.5276901125907898,0.5737605690956116,0.4697971045970917,0.6396995186805725,0.4346410632133484,0.6913077235221863,0.4066944420337677,0.4739086627960205,0.604134202003479,0.6024478673934937,0.5672202706336975,0.6807612180709839,0.5431692004203796,0.7407420873641968,0.5266819000244141,0.4770749509334564,0.6803803443908691,0.5959522724151611,0.6903752684593201,0.6686928868293762,0.6926699876785278,0.723334014415741,0.6912539005279541,0.4732010066509247,0.7463670969009399,0.5550870895385742,0.779974639415741,0.603901743888855,0.7986152768135071,0.6470227837562561,0.808489203453064
0,0.29868751764297485,0.6849672794342041,0.3320801258087158,0.572952151298523,0.37967878580093384,0.4731024205684662,0.4070053994655609,0.3767915368080139,0.40580374002456665,0.2934216856956482,0.4464607536792755,0.5152519941329956,0.5611724853515625,0.45815983414649963,0.6262929439544678,0.42245233058929443,0.6754744648933411,0.39381974935531616,0.45886388421058655,0.5915728211402893,0.58879554271698,0.5551320910453796,0.6651543974876404,0.5297456383705139,0.7205625772476196,0.5125877261161804,0.4617396891117096,0.6684950590133667,0.5811222195625305,0.6786732077598572,0.653395414352417,0.6777967810630798,0.7065001726150513,0.6746400594711304,0.45784643292427063,0.7353619933128357,0.5410752892494202,0.7683318853378296,0.5905297994613647,0.7856990098953247,0.6335625052452087,0.7949849963188171
0,0.9016801118850708,0.7872946262359619,0.8316561579704285,0.7559365630149841,0.7680286765098572,0.6941430568695068,0.7211307287216187,0.6348781585693359,0.6817440986633301,0.5847901701927185,0.823330283164978,0.5494473576545715,0.7920109033584595,0.4528493285179138,0.7731184363365173,0.39458921551704407,0.7593602538108826,0.3420335650444031,0.8670349717140198,0.533767819404602,0.84612637758255,0.4250308573246002,0.8327048420906067,0.3586978018283844,0.8216614723205566,0.3024613559246063,0.9107635617256165,0.5430378913879395,0.9068551063537598,0.4443210959434509,0.9042443037033081,0.3847707211971283,0.89847731590271,0.3315224051475525,0.9559705853462219,0.5712886452674866,0.9725167751312256,0.4999801516532898,0.9799147248268127,0.4548666775226593,0.9814335107803345,0.41178491711616516
0,0.762385368347168,0.521296501159668,0.6978448629379272,0.4965604245662689,0.6354585886001587,0.451799213886261,0.5859336853027344,0.4151889681816101,0.548071563243866,0.38606905937194824,0.6820552945137024,0.3132794201374054,0.6558965444564819,0.23026731610298157,0.6416860818862915,0.18031726777553558,0.6331416368484497,0.13657763600349426,0.7228487730026245,0.29763445258140564,0.7062333822250366,0.2026926726102829,0.698703944683075,0.14451813697814941,0.6957219839096069,0.0956646203994751,0.7632928490638733,0.3033665418624878,0.7646005153656006,0.21377377212047577,0.7684600949287415,0.15607191622257233,0.7714922428131104,0.10729527473449707,0.8030187487602234,0.32671281695365906,0.823661208152771,0.2631073594093323,0.8397631645202637,0.22608697414398193,0.8521696329116821,0.19424788653850555
0,0.7135978937149048,0.5150744318962097,0.6476324200630188,0.4912734925746918,0.5851638913154602,0.4517684578895569,0.5344489812850952,0.4188016355037689,0.49568498134613037,0.3909127116203308,0.6310405731201172,0.3098648190498352,0.6035903096199036,0.22635062038898468,0.5874130129814148,0.17670652270317078,0.5759992003440857,0.13227075338363647,0.6702666878700256,0.29180532693862915,0.6544492244720459,0.19728022813796997,0.6448972821235657,0.13814853131771088,0.6383318305015564,0.08824791014194489,0.7095773220062256,0.2952003479003906,0.7115878462791443,0.20515836775302887,0.7136812806129456,0.14717669785022736,0.7137470245361328,0.09639313817024231,0.748431921005249,0.31454962491989136,0.7687740921974182,0.24946054816246033,0.7816455960273743,0.20551782846450806,0.791610062122345,0.1645113229751587
0,0.579843282699585,0.4546932578086853,0.5130423903465271,0.4475858807563782,0.44904765486717224,0.4217211604118347,0.40176528692245483,0.396095871925354,0.36509817838668823,0.3768008351325989,0.4843742549419403,0.276369571685791,0.45621898770332336,0.19801589846611023,0.43817582726478577,0.15148557722568512,0.42392218112945557,0.11021734774112701,0.5220528244972229,0.252955824136734,0.49897903203964233,0.16245849430561066,0.48446124792099,0.10632377862930298,0.47313031554222107,0.05807963013648987,0.5620421171188354,0.2489275187253952,0.5574041604995728,0.1612037867307663,0.5551542639732361,0.10370941460132599,0.5512324571609497,0.05399523675441742,0.6031807661056519,0.260814368724823,0.6164764165878296,0.19342994689941406,0.6242225170135498,0.1490078717470169,0.6289376020431519,0.10870994627475739
0,0.49284055829048157,0.42536693811416626,0.42704832553863525,0.42179733514785767,0.3663659691810608,0.39809778332710266,0.31977424025535583,0.3767324388027191,0.28332215547561646,0.3613893687725067,0.4020799696445465,0.2529762387275696,0.3698415756225586,0.1825896054506302,0.35056501626968384,0.13885094225406647,0.33641737699508667,0.10008689761161804,0.4362402558326721,0.22699184715747833,0.41264548897743225,0.13844680786132812,0.39727604389190674,0.08464394509792328,0.38612064719200134,0.04069297015666962,0.47233137488365173,0.2214481085538864,0.46917903423309326,0.13344991207122803,0.46546289324760437,0.07866039872169495,0.46072307229042053,0.032455503940582275,0.5084162950515747,0.23344561457633972,0.5227040648460388,0.16870132088661194,0.5313022136688232,0.12533743679523468,0.5379068851470947,0.08637908101081848
0,0.39702123403549194,0.43551552295684814,0.33394521474838257,0.42794081568717957,0.27139368653297424,0.395719051361084,0.22501906752586365,0.3732694983482361,0.18872977793216705,0.3628656268119812,0.3085716664791107,0.24524372816085815,0.2802138030529022,0.17044885456562042,0.2633063793182373,0.12658686935901642,0.24939730763435364,0.09043623507022858,0.34571900963783264,0.22227667272090912,0.33451592922210693,0.12653876841068268,0.32553479075431824,0.06952527165412903,0.31822195649147034,0.024247899651527405,0.38216862082481384,0.22172406315803528,0.38744717836380005,0.12969623506069183,0.3880305290222168,0.07192747294902802,0.38684189319610596,0.02306191623210907,0.416720986366272,0.24018773436546326,0.4411233961582184,0.17544987797737122,0.45644575357437134,0.13309450447559357,0.4687339961528778,0.09441570937633514
0,0.36529606580734253,0.5528156161308289,0.3018891215324402,0.5460050106048584,0.245269775390625,0.5167839527130127,0.20121315121650696,0.49353042244911194,0.16576939821243286,0.4775279462337494,0.2768634855747223,0.36487576365470886,0.2467401921749115,0.2884104251861572,0.22859026491641998,0.24150151014328003,0.2135942578315735,0.20185436308383942,0.3131864070892334,0.3420275151729584,0.29796943068504333,0.2448793649673462,0.28655239939689636,0.18530474603176117,0.27679207921028137,0.1370294839143753,0.3494526743888855,0.342587947845459,0.35076406598091125,0.24655033648014069,0.35028350353240967,0.18751908838748932,0.3475775718688965,0.13711026310920715,0.3840223550796509,0.36279240250587463,0.4066081643104553,0.2993089556694031,0.42031243443489075,0.2573704123497009,0.4305324852466583,0.2180367261171341
0,0.3459327518939972,0.7775924205780029,0.27781230211257935,0.7592828273773193,0.22126370668411255,0.7164328694343567,0.1779460310935974,0.6856501698493958,0.14161764085292816,0.6636921167373657,0.26696833968162537,0.563568115234375,0.24185334146022797,0.47840726375579834,0.22495578229427338,0.4238647222518921,0.21158787608146667,0.3776687979698181,0.3065853714942932,0.546390950679779,0.29930827021598816,0.4451540410518646,0.293557733297348,0.3779202997684479,0.29129916429519653,0.3227851390838623,0.3437153697013855,0.5544485449790955,0.35378241539001465,0.4585626721382141,0.35726040601730347,0.39661577343940735,0.36008062958717346,0.34278255701065063,0.37675341963768005,0.5846757888793945,0.40550920367240906,0.527449369430542,0.4238685667514801,0.48695600032806396,0.44000256061553955,0.44836118817329407
0,0.3212495446205139,0.8400648236274719,0.25515007972717285,0.824471116065979,0.19543218612670898,0.7832025289535522,0.1467750370502472,0.7544420957565308,0.10502387583255768,0.7341700792312622,0.2330026626586914,0.6382207870483398,0.2016531080007553,0.554478645324707,0.1810654252767563,0.5014187097549438,0.16313771903514862,0.45556777715682983,0.2715097963809967,0.6216842532157898,0.26156702637672424,0.5221036672592163,0.2515791952610016,0.4541621208190918,0.24318470060825348,0.396016389131546,0.30828458070755005,0.6312291622161865,0.3157431185245514,0.537013053894043,0.31724271178245544,0.47371581196784973,0.31692954897880554,0.4174332320690155,0.3414325416088104,0.6624884009361267,0.3713757395744324,0.6063820123672485,0.3888055086135864,0.5647783279418945,0.40288245677948,0.524247944355011
0,0.3540077805519104,0.949536144733429,0.28796517848968506,0.9290598034858704,0.22939839959144592,0.8876377940177917,0.1777874231338501,0.8600428104400635,0.13264194130897522,0.8434380292892456,0.2692500352859497,0.7476332783699036,0.24491839110851288,0.6553022861480713,0.22844956815242767,0.5983078479766846,0.21464991569519043,0.5509762167930603,0.30638206005096436,0.738019585609436,0.2986917793750763,0.6311905980110168,0.28967180848121643,0.5620459318161011,0.2830837368965149,0.5029548406600952,0.34284329414367676,0.7538517117500305,0.35330215096473694,0.6564213633537292,0.35877498984336853,0.5910157561302185,0.3621790409088135,0.5323378443717957,0.3768729269504547,0.7914862036705017,0.4056338667869568,0.7362667322158813,0.42266666889190674,0.6988924741744995,0.43649256229400635,0.6625326871871948
0,0.48194384574890137,0.9910229444503784,0.4183116853237152,0.9579591751098633,0.3613789677619934,0.9078584909439087,0.31169208884239197,0.8785321712493896,0.26715463399887085,0.8597425222396851,0.41674742102622986,0.7886916399002075,0.3951055407524109,0.6890783905982971,0.3830893635749817,0.6247130632400513,0.375290185213089,0.5679076313972473,0.46425920724868774,0.7804487347602844,0.46794360876083374,0.670386552810669,0.46724021434783936,0.5987768173217773,0.46766188740730286,0.5346572399139404,0.5059633255004883,0.7993197441101074,0.5271469950675964,0.7032454013824463,0.5398923754692078,0.6366172432899475,0.5500943660736084,0.574661374092102,0.5422333478927612,0.8410345315933228,0.5857259035110474,0.7925443649291992,0.6153460144996643,0.7583196759223938,0.6408719420433044,0.7241382598876953
0,0.6131336092948914,0.9664736390113831,0.5514497756958008,0.9328123331069946,0.4936513900756836,0.8853871822357178,0.4438169002532959,0.8467666506767273,0.3994894027709961,0.820859432220459,0.5665116906166077,0.7636808753013611,0.5524223446846008,0.6575482487678528,0.545190691947937,0.5907090902328491,0.5434635281562805,0.5341183543205261,0.6140958070755005,0.7583557367324829,0.6171132326126099,0.6426423192024231,0.6227352619171143,0.566964328289032,0.6328368186950684,0.506156325340271,0.6555281281471252,0.7787378430366516,0.6858968138694763,0.6754785776138306,0.7060450315475464,0.6098665595054626,0.7239681482315063,0.5548670291900635,0.6911740899085999,0.821044921875,0.7426431775093079,0.7759657502174377,0.7764992117881775,0.7419428825378418,0.8060023784637451,0.7104482054710388
0,0.7100453972816467,0.9694671630859375,0.6518969535827637,0.9280328750610352,0.6012508273124695,0.8720935583114624,0.5595942735671997,0.8309425711631775,0.5214332342147827,0.8035218715667725,0.6904898881912231,0.7507271766662598,0.6830495595932007,0.6465521454811096,0.6805398464202881,0.5793182849884033,0.6806288361549377,0.5220961570739746,0.737361490726471,0.7486835718154907,0.7531288862228394,0.6343254446983337,0.7632309794425964,0.561876118183136,0.7724146246910095,0.5017150640487671,0.7756161689758301,0.772018551826477,0.8101973533630371,0.6787043809890747,0.8316683769226074,0.6176351308822632,0.8481650352478027,0.5641577243804932,0.8063549399375916,0.8159157037734985,0.8580323457717896,0.7747242450714111,0.8931359052658081,0.7474015355110168,0.9231078028678894,0.7207112908363342
0,0.7390891909599304,0.8230795860290527,0.6155795454978943,0.8218363523483276,0.5042891502380371,0.7749926447868347,0.4062972068786621,0.7439433932304382,0.3161085247993469,0.724518358707428,0.5626019835472107,0.48011717200279236,0.4994690418243408,0.32936418056488037,0.4602434039115906,0.23047631978988647,0.42690664529800415,0.14105629920959473,0.6390803456306458,0.4236629903316498,0.594970703125,0.243106871843338,0.5655057430267334,0.12144044041633606,0.5413917303085327,0.009459108114242554,0.7193606495857239,0.42282986640930176,0.7220108509063721,0.2397630512714386,0.7287086248397827,0.1114850640296936,0.7307146787643433,-0.010887444019317627,0.8008248805999756,0.467887282371521,0.8628371357917786,0.35833415389060974,0.90354323387146,0.27975693345069885,0.9352505207061768,0.1981719732284546
0,0.7148511409759521,0.7998513579368591,0.6036767363548279,0.7930604219436646,0.49950557947158813,0.7479038238525391,0.4051513075828552,0.7140995264053345,0.3178943693637848,0.6864510774612427,0.5569204688072205,0.47177305817604065,0.498709499835968,0.32562148571014404,0.46231013536453247,0.22316575050354004,0.43404620885849,0.1326127052307129,0.6361926198005676,0.4193876385688782,0.6008416414260864,0.23517371714115143,0.5800549983978271,0.10806599259376526,0.5665520429611206,-0.00617671012878418,0.7151157855987549,0.4223569929599762,0.7273018956184387,0.2438182681798935,0.7383166551589966,0.12070131301879883,0.7450994253158569,0.0060845911502838135,0.791853666305542,0.47191154956817627,0.8568054437637329,0.37399497628211975,0.9005796313285828,0.30474162101745605,0.9355069994926453,0.23433952033519745
0,0.5705996751785278,0.8591140508651733,0.452831506729126,0.8558608889579773,0.3419815003871918,0.801726222038269,0.2488871067762375,0.7710428833961487,0.16553929448127747,0.759432852268219,0.40159332752227783,0.5330231785774231,0.34076792001724243,0.3812081515789032,0.30262815952301025,0.2823728621006012,0.2709384858608246,0.19567015767097473,0.478456974029541,0.48599594831466675,0.44358551502227783,0.30155235528945923,0.41777491569519043,0.1784406304359436,0.3971676826477051,0.07046854496002197,0.5550710558891296,0.4919244945049286,0.5610982775688171,0.31489473581314087,0.5628241300582886,0.19522863626480103,0.5605964660644531,0.0859861969947815,0.6307272911071777,0.5422847867012024,0.6960735321044922,0.4412327706813812,0.7395337820053101,0.36965346336364746,0.774860680103302,0.2998292148113251
0,0.8069738149642944,0.7032545208930969,0.7612941265106201,0.5800386071205139,0.7172082662582397,0.48591986298561096,0.6800369024276733,0.3936929702758789,0.6705276966094971,0.31243789196014404,0.6038174629211426,0.576721727848053,0.547067403793335,0.5950959324836731,0.5767775774002075,0.5955216288566589,0.6090218424797058,0.5965380072593689,0.5929967164993286,0.6598363518714905,0.5403249859809875,0.6511240601539612,0.5646321177482605,0.6381082534790039,0.5943525433540344,0.6356483101844788,0.5999451279640198,0.7301819324493408,0.5524039268493652,0.7023397088050842,0.5699805617332458,0.6868277192115784,0.5950117707252502,0.6837736368179321,0.6131306886672974,0.7854058146476746,0.5788965225219727,0.7500694990158081,0.593902587890625,0.7339785099029541,0.611767053604126,0.7305321097373962
0,0.8010528683662415,0.6956205368041992,0.7576355338096619,0.5746013522148132,0.7131273746490479,0.47892341017723083,0.6759464740753174,0.3850840926170349,0.6679961085319519,0.30309098958969116,0.6088688373565674,0.558432936668396,0.5492421388626099,0.5789324641227722,0.5793258547782898,0.5843119025230408,0.6134122610092163,0.5855776071548462,0.5974706411361694,0.6409223675727844,0.5399918556213379,0.6365385055541992,0.5672516226768494,0.6290745139122009,0.5985549092292786,0.6294986009597778,0.6021863222122192,0.7129991054534912,0.5461336970329285,0.688622236251831,0.5681970715522766,0.67788165807724,0.5959128141403198,0.6791843175888062,0.6136394739151001,0.7706179618835449,0.5689039826393127,0.7348453402519226,0.5863963961601257,0.720640242099762,0.6061127781867981,0.7201347947120667
0,0.8042285442352295,0.6888597011566162,0.7741315960884094,0.5663593411445618,0.7318270802497864,0.47329437732696533,0.7022790908813477,0.3774484395980835,0.6934460997581482,0.29308512806892395,0.649651825428009,0.5354019403457642,0.5352904796600342,0.5341786742210388,0.46703699231147766,0.5349034667015076,0.4133627116680145,0.5394612550735474,0.6291649341583252,0.615790605545044,0.5577115416526794,0.5945315361022949,0.5878464579582214,0.5853717923164368,0.6281365752220154,0.5895802974700928,0.6272294521331787,0.6943427324295044,0.5643042922019958,0.6576490998268127,0.5885350704193115,0.6452982425689697,0.6213600039482117,0.6493601202964783,0.6308385133743286,0.7584764957427979,0.562676727771759,0.7233613729476929,0.5582036972045898,0.6961988210678101,0.5608943104743958,0.6832648515701294
0,0.8020666837692261,0.692486047744751,0.7731282711029053,0.569892942905426,0.7331400513648987,0.48080646991729736,0.7047052383422852,0.3856050372123718,0.6954433917999268,0.3007117807865143,0.6515147686004639,0.5416461229324341,0.53545743227005,0.5408432483673096,0.46620288491249084,0.5393937230110168,0.4117853343486786,0.5428155064582825,0.6316148042678833,0.621379554271698,0.5576010346412659,0.6052173376083374,0.5879678726196289,0.5977524518966675,0.6279667615890503,0.6006631851196289,0.6321645379066467,0.6999078392982483,0.5676640868186951,0.6686193346977234,0.5907867550849915,0.6564508676528931,0.6227708458900452,0.6584697365760803,0.6386633515357971,0.7641744017601013,0.566881000995636,0.732582688331604,0.5519194602966309,0.7046210765838623,0.5449650883674622,0.6876277923583984
0,0.8325625658035278,0.6937340497970581,0.8047219514846802,0.5843207836151123,0.7479629516601562,0.4762563705444336,0.7102023363113403,0.3826720714569092,0.7179441452026367,0.3006765842437744,0.7222280502319336,0.5046181678771973,0.6173141598701477,0.45340800285339355,0.5581275820732117,0.4239271283149719,0.5129719972610474,0.3977091312408447,0.7027714252471924,0.5865398049354553,0.577960193157196,0.5890181064605713,0.49827852845191956,0.594348669052124,0.4408716559410095,0.6010206937789917,0.6914992332458496,0.6670598387718201,0.6073416471481323,0.6383799314498901,0.6372560262680054,0.6246611475944519,0.6738143563270569,0.6284463405609131,0.6847187280654907,0.7368401288986206,0.6245779991149902,0.6908499002456665,0.6500786542892456,0.6828939914703369,0.6782344579696655,0.6898418068885803
0,0.8213932514190674,0.693870484828949,0.7910091280937195,0.5831267833709717,0.7339531183242798,0.47572386264801025,0.6925994157791138,0.3850329518318176,0.6937986612319946,0.3042084574699402,0.6998899579048157,0.5063362121582031,0.5932905673980713,0.447748601436615,0.5322139263153076,0.4133121371269226,0.48505640029907227,0.3850526213645935,0.6789286732673645,0.5883439183235168,0.5541393756866455,0.5946049690246582,0.4766414761543274,0.6024577021598816,0.41850054264068604,0.6122552752494812,0.6703261137008667,0.6686627268791199,0.5930062532424927,0.6488186120986938,0.6220073699951172,0.626623809337616,0.657196581363678,0.6247525811195374,0.6684815287590027,0.7417871356010437,0.6172543168067932,0.6993447542190552,0.6411194205284119,0.687748372554779,0.6677348017692566,0.6900376677513123
0,0.8045259714126587,0.651211142539978,0.7413658499717712,0.630540132522583,0.6634460687637329,0.5835505127906799,0.5940470099449158,0.589905858039856,0.5431450605392456,0.6019875407218933,0.6597008109092712,0.46494320034980774,0.6110682487487793,0.37501201033592224,0.5876368284225464,0.31556886434555054,0.5672234296798706,0.26254260540008545,0.698220431804657,0.4360433518886566,0.6563172340393066,0.331216424703598,0.6367483735084534,0.25932613015174866,0.6209258437156677,0.1995868682861328,0.7462112903594971,0.4393967092037201,0.7411004900932312,0.3478749990463257,0.738548219203949,0.2874349355697632,0.7343419790267944,0.2360568344593048,0.7960730791091919,0.4633098244667053,0.7855397462844849,0.4459165930747986,0.779461145401001,0.4744481146335602,0.7719596028327942,0.4971431493759155
0,0.8238752484321594,0.6457918286323547,0.756043553352356,0.6288823485374451,0.681010365486145,0.5904570817947388,0.6120189428329468,0.5851123929023743,0.5604021549224854,0.5912037491798401,0.6808904409408569,0.444509893655777,0.6303688287734985,0.35234829783439636,0.6004638075828552,0.29218196868896484,0.5776851773262024,0.23878024518489838,0.7195289134979248,0.4078618586063385,0.6750938296318054,0.30360665917396545,0.6482028961181641,0.23348437249660492,0.6265172362327576,0.17415758967399597,0.7687233686447144,0.3963003158569336,0.7479615807533264,0.28762370347976685,0.7366225719451904,0.21455250680446625,0.7241802215576172,0.15047085285186768,0.8244383335113525,0.406648725271225,0.8455069065093994,0.33072537183761597,0.8560584783554077,0.27677544951438904,0.8603590726852417,0.22713272273540497
0,0.8314836621284485,0.6598994135856628,0.7630991339683533,0.6430163383483887,0.6870257258415222,0.6013321280479431,0.6178561449050903,0.5906383991241455,0.5654250979423523,0.5991702079772949,0.6850200295448303,0.4531666934490204,0.6332870721817017,0.35985904932022095,0.6034635305404663,0.29931318759918213,0.5804059505462646,0.2448648363351822,0.7274721264839172,0.41574156284332275,0.6831416487693787,0.30709660053253174,0.655901312828064,0.23576055467128754,0.6337788105010986,0.17431920766830444,0.7795161008834839,0.40505313873291016,0.759179413318634,0.29212766885757446,0.7479140162467957,0.2174660712480545,0.7365940809249878,0.15120506286621094,0.8367223739624023,0.41729333996772766,0.857643723487854,0.3372366428375244,0.8712343573570251,0.28084903955459595,0.8798438310623169,0.22865264117717743
0,0.7134120464324951,0.7540588974952698,0.6605079174041748,0.7266826629638672,0.6231696009635925,0.6611699461936951,0.653857946395874,0.614652693271637,0.7001176476478577,0.5995044112205505,0.6303375363349915,0.5561177730560303,0.6046440601348877,0.47877320647239685,0.5894713401794434,0.43100646138191223,0.576047420501709,0.38977518677711487,0.6702530384063721,0.5405975580215454,0.6565822958946228,0.44542497396469116,0.6468806266784668,0.38556188344955444,0.6378302574157715,0.33356189727783203,0.7082992196083069,0.5538014769554138,0.7214139699935913,0.46691882610321045,0.7297002673149109,0.4080525040626526,0.7350376844406128,0.35568666458129883,0.7424983978271484,0.5877528786659241,0.777572512626648,0.5364332795143127,0.8022016882896423,0.500193178653717,0.8217105865478516,0.46521449089050293
0,0.7145557999610901,0.7540645003318787,0.6619911193847656,0.7250223159790039,0.6251751780509949,0.6591121554374695,0.6561200618743896,0.6124715209007263,0.7028447389602661,0.6000831723213196,0.6336721181869507,0.5541642904281616,0.6073453426361084,0.4762745499610901,0.5917322039604187,0.42840999364852905,0.5784035325050354,0.38651835918426514,0.673244833946228,0.5403960943222046,0.6589071154594421,0.44429463148117065,0.6497697830200195,0.38365793228149414,0.6418245434761047,0.33113014698028564,0.7112945914268494,0.5548306107521057,0.7243562936782837,0.4671086370944977,0.7344967722892761,0.40743833780288696,0.7416842579841614,0.354434609413147,0.746022641658783,0.5894707441329956,0.7812426686286926,0.5369552373886108,0.8063233494758606,0.5005438327789307,0.8260965347290039,0.46576911211013794
0,0.7189440131187439,0.7615956664085388,0.665952205657959,0.7324995994567871,0.6299635171890259,0.6674053072929382,0.6615998148918152,0.6167875528335571,0.7091843485832214,0.6017252802848816,0.6365222334861755,0.5611768364906311,0.6112272143363953,0.4804966449737549,0.5968366861343384,0.42957738041877747,0.5855306386947632,0.3847777545452118,0.6779974699020386,0.5452771186828613,0.6640701293945312,0.4481290578842163,0.6565876603126526,0.38631004095077515,0.6506757736206055,0.3324577212333679,0.7176358103752136,0.5591199994087219,0.7328436970710754,0.4706755578517914,0.7441129684448242,0.41163915395736694,0.7525956034660339,0.35945895314216614,0.7536182403564453,0.5944219827651978,0.7894166707992554,0.543017566204071,0.8138351440429688,0.5062763690948486,0.8334797024726868,0.47067052125930786
0,0.7176640629768372,0.753726065158844,0.6656981706619263,0.7232714891433716,0.6249440908432007,0.6541079878807068,0.6131040453910828,0.5885668396949768,0.6149835586547852,0.5293846726417542,0.6376760005950928,0.5541547536849976,0.6229259967803955,0.4825733006000519,0.6216996908187866,0.4836992025375366,0.6229921579360962,0.4957578778266907,0.6716153621673584,0.5368983745574951,0.6594297289848328,0.4403713047504425,0.6517786979675293,0.38344264030456543,0.6485814452171326,0.3354557156562805,0.7066962718963623,0.5454183220863342,0.7176182270050049,0.45561689138412476,0.7258832454681396,0.3994463086128235,0.7329490184783936,0.34759438037872314,0.740718424320221,0.5741561055183411,0.7680988311767578,0.5175748467445374,0.7910135984420776,0.4802028238773346,0.8097666501998901,0.44327831268310547
0,0.7169212698936462,0.7544957399368286,0.6648883819580078,0.7213566303253174,0.6258668899536133,0.6507039070129395,0.6142524480819702,0.587251603603363,0.6166377067565918,0.5302054286003113,0.6413363218307495,0.5505082011222839,0.6263087391853333,0.47883141040802,0.6266403198242188,0.48573634028434753,0.6295453906059265,0.5021947026252747,0.6746871471405029,0.5348745584487915,0.6634337902069092,0.4379275143146515,0.656333327293396,0.38195937871932983,0.6533451080322266,0.335376501083374,0.7087854743003845,0.5454497337341309,0.721294641494751,0.45545515418052673,0.7301767468452454,0.3997119963169098,0.7375187873840332,0.3482319116592407,0.7415642142295837,0.5767281651496887,0.7699177861213684,0.519781768321991,0.7933987379074097,0.48210006952285767,0.8125715851783752,0.44500598311424255
0,0.7144805192947388,0.7517614364624023,0.6654009222984314,0.7205132246017456,0.6287711262702942,0.6413508057594299,0.6218452453613281,0.5717870593070984,0.639174222946167,0.5151614546775818,0.6293967366218567,0.5566945672035217,0.6185207962989807,0.47504350543022156,0.6295590400695801,0.5204650163650513,0.6394807696342468,0.562789797782898,0.6668553948402405,0.5445919036865234,0.6643702983856201,0.45059219002723694,0.6649117469787598,0.4830454885959625,0.6666727662086487,0.5187183618545532,0.7025139927864075,0.5475579500198364,0.7049868106842041,0.46151283383369446,0.6995813846588135,0.4145129919052124,0.6932334303855896,0.36784476041793823,0.7356311082839966,0.5655132532119751,0.7655150294303894,0.517874002456665,0.788808286190033,0.48450779914855957,0.8053427934646606,0.44838279485702515
0,0.7148983478546143,0.7482496500015259,0.6677194833755493,0.7178773283958435,0.6295434236526489,0.6381040215492249,0.6217612624168396,0.572102427482605,0.6414445638656616,0.5189310908317566,0.6324303150177002,0.5533406138420105,0.6204497218132019,0.47428643703460693,0.6310216188430786,0.5211430191993713,0.6428409814834595,0.5609469413757324,0.6675450801849365,0.5418800115585327,0.6629010438919067,0.45078617334365845,0.6638941764831543,0.4910457730293274,0.6690446138381958,0.5316563248634338,0.701953649520874,0.5447355508804321,0.7036194801330566,0.45580777525901794,0.6967255473136902,0.405101478099823,0.6910415291786194,0.35394519567489624,0.7346835136413574,0.5625911355018616,0.7672250866889954,0.5176830887794495,0.7909051775932312,0.4860231578350067,0.8086608648300171,0.4517630338668823
0,0.7133159041404724,0.7434390187263489,0.6671943664550781,0.7147105932235718,0.6298377513885498,0.6356945037841797,0.6211077570915222,0.5685281157493591,0.6404305100440979,0.5160121917724609,0.631710410118103,0.551569938659668,0.6209908127784729,0.47287869453430176,0.632550835609436,0.5188584327697754,0.6439027786254883,0.5577367544174194,0.6669252514839172,0.5401013493537903,0.662136435508728,0.4492240846157074,0.6631800532341003,0.4890350103378296,0.6674144864082336,0.5294102430343628,0.7013442516326904,0.542966902256012,0.7031587958335876,0.4552411735057831,0.6960747838020325,0.4041920006275177,0.689798891544342,0.35328495502471924,0.734346330165863,0.5608454942703247,0.767094612121582,0.5161945223808289,0.7907038927078247,0.4842011332511902,0.8081278800964355,0.4497751295566559
0,0.7122517228126526,0.7318669557571411,0.6649988293647766,0.7033570408821106,0.6335468888282776,0.6256489157676697,0.6397160291671753,0.552985429763794,0.6612792015075684,0.5008314847946167,0.6278310418128967,0.5703351497650146,0.6151136159896851,0.5010579228401184,0.6232718825340271,0.5297086834907532,0.6327168345451355,0.5666044354438782,0.6614643335342407,0.5506818890571594,0.6529473066329956,0.47838324308395386,0.6523358821868896,0.5049440264701843,0.6564764380455017,0.5399996638298035,0.6963071823120117,0.5461861491203308,0.6936514973640442,0.4719766676425934,0.6840197443962097,0.4870704412460327,0.6804811954498291,0.5153910517692566,0.7300227880477905,0.5541223883628845,0.755947470664978,0.5020701289176941,0.7743391990661621,0.46635085344314575,0.7903167605400085,0.43587562441825867
0,0.7115550637245178,0.7350555062294006,0.6643508672714233,0.7052091956138611,0.6318137645721436,0.6298590898513794,0.6372349262237549,0.5600266456604004,0.6573019027709961,0.5084212422370911,0.6291883587837219,0.5705452561378479,0.6142303943634033,0.5056572556495667,0.6243385076522827,0.5379416942596436,0.6349565386772156,0.5742250084877014,0.6616827845573425,0.5515590906143188,0.6501644253730774,0.48417025804519653,0.6503844857215881,0.5154942274093628,0.6553557515144348,0.549764096736908,0.6962912678718567,0.5471373796463013,0.6914821267127991,0.4762837886810303,0.6818728446960449,0.495307981967926,0.678167462348938,0.5245332717895508,0.7299351692199707,0.5553194880485535,0.7568573355674744,0.5033370852470398,0.7755508422851562,0.46809038519859314,0.7915394306182861,0.4364702105522156
0,0.7150907516479492,0.7231318950653076,0.6645972728729248,0.6986237168312073,0.6303771138191223,0.6266102194786072,0.6474536657333374,0.5574765205383301,0.6817786693572998,0.520404040813446,0.6251047253608704,0.5727732181549072,0.6112144589424133,0.5007696151733398,0.6242439150810242,0.5486676096916199,0.6344493627548218,0.5829443335533142,0.6573527455329895,0.5542964339256287,0.6459951400756836,0.47475266456604004,0.6539668440818787,0.5267124772071838,0.659081757068634,0.5608524084091187,0.6906722784042358,0.5468924045562744,0.6796939969062805,0.46668678522109985,0.6825512051582336,0.5140461921691895,0.685824990272522,0.5516628623008728,0.7238020300865173,0.5488321185112,0.7115145325660706,0.4871995151042938,0.7087730765342712,0.5133068561553955,0.7105330228805542,0.5437910556793213
0,0.715705156326294,0.7219911217689514,0.6673473715782166,0.6976116299629211,0.6304981708526611,0.6235852241516113,0.6461941599845886,0.5533214211463928,0.6852021217346191,0.5245122313499451,0.6255449056625366,0.5728920698165894,0.6112788915634155,0.5020428895950317,0.6281175017356873,0.5543192625045776,0.6381480693817139,0.5835257768630981,0.6573455929756165,0.5539776682853699,0.6448217630386353,0.47779977321624756,0.6564927697181702,0.535203218460083,0.6610369086265564,0.5622400641441345,0.6905025839805603,0.5461130142211914,0.6790490746498108,0.46808403730392456,0.6844393610954285,0.5200762152671814,0.6867004632949829,0.5524366497993469,0.7232788801193237,0.546555757522583,0.7125004529953003,0.4876698851585388,0.710848331451416,0.5169435739517212,0.7121487259864807,0.5445718765258789
0,0.7208770513534546,0.7390325665473938,0.6588881611824036,0.7098775506019592,0.6089072227478027,0.6522186398506165,0.611504316329956,0.5889391899108887,0.6562650799751282,0.582308828830719,0.636635422706604,0.5882560014724731,0.6238555908203125,0.5406051874160767,0.632989764213562,0.598232090473175,0.6393301486968994,0.614824652671814,0.6706712245941162,0.5782910585403442,0.6565021276473999,0.5417706966400146,0.6645044088363647,0.6069910526275635,0.6718401908874512,0.6154813766479492,0.7034581899642944,0.575088381767273,0.6905161142349243,0.5484315156936646,0.6943451762199402,0.6098068356513977,0.7007757425308228,0.6190502047538757,0.7392568588256836,0.5778055787086487,0.7212129831314087,0.5499835014343262,0.7216401696205139,0.5898119211196899,0.729701578617096,0.6006918549537659
0,0.7227743268013,0.739006519317627,0.6602154970169067,0.7065954804420471,0.6107218861579895,0.6471289992332458,0.6151996850967407,0.5853858590126038,0.6589056253433228,0.5803897380828857,0.6396157145500183,0.5871676206588745,0.6277468204498291,0.5391693711280823,0.6383283138275146,0.5963744521141052,0.6444474458694458,0.6113342642784119,0.6732519865036011,0.5774931907653809,0.6603094935417175,0.5393296480178833,0.6696589589118958,0.6050764918327332,0.6755825281143188,0.6129471659660339,0.7056180238723755,0.5734959840774536,0.6940838694572449,0.5449302792549133,0.6985229849815369,0.6061429381370544,0.7036973237991333,0.6149872541427612,0.7410038113594055,0.5748180150985718,0.7253033518791199,0.5449138283729553,0.725843608379364,0.5833079218864441,0.7331166863441467,0.5930718779563904
0,0.7213670015335083,0.735830545425415,0.6596336364746094,0.7073088884353638,0.6095396280288696,0.6460784077644348,0.613655149936676,0.5815823078155518,0.6584877371788025,0.5782324075698853,0.6384151577949524,0.5841124653816223,0.6281192302703857,0.5356184840202332,0.6370572447776794,0.5947776436805725,0.6420998573303223,0.6103547811508179,0.6725399494171143,0.5752251148223877,0.6611073017120361,0.5374022126197815,0.6690639853477478,0.6048131585121155,0.6741787791252136,0.6121528148651123,0.7052823305130005,0.5723433494567871,0.6958520412445068,0.5425471067428589,0.6987985968589783,0.6058051586151123,0.7026058435440063,0.6152112483978271,0.7410227060317993,0.5748795866966248,0.7271685600280762,0.5405449867248535,0.7270042300224304,0.5800237655639648,0.7335861921310425,0.5917686820030212
0,0.7798503637313843,0.5459543466567993,0.7266897559165955,0.5140200853347778,0.6863603591918945,0.4537726044654846,0.6970612406730652,0.397625595331192,0.737638533115387,0.39504873752593994,0.7081059217453003,0.3944414258003235,0.7107361555099487,0.34662994742393494,0.7177169322967529,0.40025168657302856,0.7176851034164429,0.41950714588165283,0.7402602434158325,0.3906500041484833,0.7437470555305481,0.35762321949005127,0.7473324537277222,0.4192007780075073,0.7420206069946289,0.4263814389705658,0.7715023756027222,0.39062878489494324,0.7759040594100952,0.36399200558662415,0.775748074054718,0.42182886600494385,0.7702877521514893,0.4304385185241699,0.8042474389076233,0.39581650495529175,0.8050326108932495,0.3639380633831024,0.8039510250091553,0.4040282666683197,0.8028583526611328,0.41684943437576294
0,0.6182383298873901,0.45034199953079224,0.5510886311531067,0.44143274426460266,0.49352744221687317,0.3908514082431793,0.4982038736343384,0.3244383931159973,0.5454260110855103,0.2999288737773895,0.5185461640357971,0.31987902522087097,0.5099813938140869,0.2724986672401428,0.5212576389312744,0.3320055902004242,0.5246017575263977,0.3502996861934662,0.5541700720787048,0.3030147850513458,0.5462314486503601,0.2645525336265564,0.5576919317245483,0.3341715335845947,0.5579123497009277,0.34391990303993225,0.589555025100708,0.2918970584869385,0.5832215547561646,0.2599492073059082,0.5918022990226746,0.32683852314949036,0.5917043685913086,0.3385795056819916,0.6293147206306458,0.2875329852104187,0.6168903112411499,0.25321412086486816,0.6221185922622681,0.2985903024673462,0.6261317133903503,0.3133414089679718
0,0.6374849081039429,0.516751766204834,0.5539778470993042,0.4849125146865845,0.4873169958591461,0.4008185565471649,0.5024998188018799,0.30975157022476196,0.5701058506965637,0.2953190505504608,0.5301056504249573,0.3067924976348877,0.524152398109436,0.24181804060935974,0.5284363031387329,0.3254157602787018,0.532655656337738,0.3430841267108917,0.5811554193496704,0.29617270827293396,0.5755261778831482,0.2454526424407959,0.5764083862304688,0.3419295847415924,0.5785970091819763,0.347721666097641,0.6294235587120056,0.2951519787311554,0.626422107219696,0.2508077025413513,0.6214829683303833,0.3413148522377014,0.6215445399284363,0.353283166885376,0.6814639568328857,0.30175524950027466,0.6744696497917175,0.24845263361930847,0.6686760783195496,0.3072402775287628,0.6717067360877991,0.3247342109680176
0,0.6866432428359985,0.8310811519622803,0.5363805890083313,0.7538865804672241,0.40832310914993286,0.571038007736206,0.4150303304195404,0.3890944719314575,0.5279504060745239,0.37900927662849426,0.5123104453086853,0.3662540018558502,0.4860529601573944,0.2514847218990326,0.4960464537143707,0.4195583760738373,0.5071837306022644,0.44213443994522095,0.5963534712791443,0.35503992438316345,0.5731966495513916,0.2661757171154022,0.5751351118087769,0.4678087532520294,0.5800681114196777,0.4613569676876068,0.6810470819473267,0.3611697256565094,0.6641576886177063,0.27182403206825256,0.6507112979888916,0.4585517346858978,0.656745433807373,0.47173619270324707,0.7747950553894043,0.38023221492767334,0.7650503516197205,0.2709435224533081,0.7446541786193848,0.38457512855529785,0.747076690196991,0.41406527161598206
0,0.44756922125816345,0.6568773984909058,0.35000133514404297,0.6092179417610168,0.2690820097923279,0.5030667781829834,0.2634367346763611,0.39133498072624207,0.3302646279335022,0.3599805533885956,0.3627795875072479,0.3778496980667114,0.31771737337112427,0.30138906836509705,0.32620084285736084,0.41244789958000183,0.34183090925216675,0.4225958585739136,0.41719570755958557,0.3777591288089752,0.3724343478679657,0.3116735816001892,0.3807360529899597,0.4412142336368561,0.4017910361289978,0.43568116426467896,0.47265151143074036,0.3760981261730194,0.4308348000049591,0.3064986765384674,0.4295686185359955,0.42889168858528137,0.45242342352867126,0.4324066638946533,0.5327456593513489,0.3798084855079651,0.5039472579956055,0.30186545848846436,0.49464643001556396,0.37442371249198914,0.5136258006095886,0.3917365074157715
0,0.2898755967617035,0.7340196371078491,0.17856957018375397,0.700971245765686,0.0763426125049591,0.5921688675880432,0.055875107645988464,0.46824368834495544,0.1200689971446991,0.41637617349624634,0.1750941425561905,0.44319212436676025,0.12326870113611221,0.351334810256958,0.1315532922744751,0.4738794267177582,0.15674731135368347,0.5105955004692078,0.23704418540000916,0.43616411089897156,0.1803368628025055,0.37128394842147827,0.1908062994480133,0.5166574120521545,0.22410538792610168,0.5265317559242249,0.30104556679725647,0.4287288188934326,0.2512322962284088,0.3616984784603119,0.25187283754348755,0.4993804097175598,0.28052523732185364,0.5124619007110596,0.37407416105270386,0.43087372183799744,0.3376411199569702,0.3469492793083191,0.325850248336792,0.4373893141746521,0.3442177176475525,0.4654473662376404
0,0.7108445763587952,0.8184176683425903,0.5879025459289551,0.7574988007545471,0.5004472136497498,0.6054633259773254,0.5465608835220337,0.49158239364624023,0.6411561965942383,0.4713383913040161,0.5973708629608154,0.5044909119606018,0.5921953916549683,0.41904136538505554,0.5765326619148254,0.5281155109405518,0.5816088318824768,0.5670934319496155,0.6676418781280518,0.497086763381958,0.6626032590866089,0.42407968640327454,0.6370180249214172,0.5555066466331482,0.648480236530304,0.5732855796813965,0.7343789339065552,0.5094985365867615,0.7343829274177551,0.44141560792922974,0.7007692456245422,0.5675773620605469,0.7073296308517456,0.5953715443611145,0.8040569424629211,0.5343775749206543,0.7875787615776062,0.47820162773132324,0.7576442360877991,0.5627242922782898,0.7629663944244385,0.593254804611206
0,0.8136399388313293,0.6001358032226562,0.7276947498321533,0.5134444236755371,0.6637006998062134,0.3725774884223938,0.6900712847709656,0.256649374961853,0.771374523639679,0.2599632740020752,0.7380697727203369,0.27209699153900146,0.7503794431686401,0.18595755100250244,0.7399402260780334,0.2966637909412384,0.7342565059661865,0.32008928060531616,0.8010929226875305,0.27855294942855835,0.8147310018539429,0.2218364030122757,0.7933349609375,0.3481479287147522,0.7832509279251099,0.34902223944664,0.8622668385505676,0.29978418350219727,0.8789641857147217,0.23872947692871094,0.8522881865501404,0.3518051505088806,0.8399990797042847,0.3667845129966736,0.9237390756607056,0.3296131491661072,0.9449517726898193,0.2573464512825012,0.922900915145874,0.3246268630027771,0.9136726260185242,0.3498845100402832
0,0.28953075408935547,0.755072832107544,0.3736174702644348,0.7390856742858887,0.45879799127578735,0.7042526006698608,0.5364655256271362,0.6839153170585632,0.6037549376487732,0.6756595373153687,0.4089164137840271,0.48254549503326416,0.4662867784500122,0.37646156549453735,0.5001304745674133,0.306549072265625,0.5272787809371948,0.24076774716377258,0.35278767347335815,0.44607996940612793,0.3768645226955414,0.30887365341186523,0.38938719034194946,0.22420305013656616,0.395384281873703,0.15284830331802368,0.29876211285591125,0.44754716753959656,0.29309627413749695,0.32023581862449646,0.28643685579299927,0.23611268401145935,0.28065067529678345,0.1613132655620575,0.24765704572200775,0.4790729284286499,0.21599912643432617,0.38646048307418823,0.19641387462615967,0.3246527910232544,0.18066349625587463,0.26413363218307495
0,0.3179594874382019,0.7700239419937134,0.40734055638313293,0.7544225454330444,0.4970859885215759,0.716735303401947,0.5757068395614624,0.6881957054138184,0.6417557001113892,0.6690384745597839,0.44338878989219666,0.48919734358787537,0.5005323886871338,0.3772786259651184,0.5351473093032837,0.3034532964229584,0.5631473064422607,0.2338472306728363,0.38603177666664124,0.4528385102748871,0.4115121066570282,0.3131445646286011,0.42337048053741455,0.22406092286109924,0.42878445982933044,0.14745008945465088,0.3296756148338318,0.45468050241470337,0.32423511147499084,0.3238546848297119,0.31687647104263306,0.23588436841964722,0.31067919731140137,0.1561046540737152,0.2752448320388794,0.487201452255249,0.24117618799209595,0.39308682084083557,0.21960298717021942,0.33057326078414917,0.2023247927427292,0.26925915479660034
0,0.2527342438697815,0.6753861904144287,0.23533307015895844,0.5551533102989197,0.22814837098121643,0.44095301628112793,0.2154018133878708,0.3426661491394043,0.19360697269439697,0.2714202404022217,0.36068418622016907,0.41318750381469727,0.40712472796440125,0.27784478664398193,0.4333933889865875,0.19368669390678406,0.45717406272888184,0.12418821454048157,0.4052455425262451,0.46261194348335266,0.48705968260765076,0.3412720263004303,0.5397582650184631,0.26605355739593506,0.5822962522506714,0.20678934454917908,0.4322253167629242,0.5284075140953064,0.5264310836791992,0.45454615354537964,0.5896874666213989,0.4064275026321411,0.6400558948516846,0.36612388491630554,0.4448245167732239,0.5986670255661011,0.5277597904205322,0.5878159999847412,0.5804488658905029,0.5822285413742065,0.6297673583030701,0.5696696639060974
0,0.2572598159313202,0.6721747517585754,0.24104075133800507,0.5502561926841736,0.23859359323978424,0.4350849986076355,0.23038478195667267,0.33726397156715393,0.21035002171993256,0.2669038772583008,0.37016844749450684,0.40900206565856934,0.4190009534358978,0.27626579999923706,0.44928550720214844,0.19527170062065125,0.47720080614089966,0.1301858127117157,0.41418471932411194,0.461735337972641,0.4990154504776001,0.3446185290813446,0.5545860528945923,0.2736360430717468,0.5988420248031616,0.21819165349006653,0.44093844294548035,0.5290861129760742,0.5358052849769592,0.4573211371898651,0.6005904078483582,0.41285082697868347,0.651809811592102,0.37580984830856323,0.4527968466281891,0.599311888217926,0.5356574058532715,0.5881971120834351,0.5875429511070251,0.5853580236434937,0.6350505352020264,0.5771476626396179
0,0.23062236607074738,0.5728436708450317,0.27967342734336853,0.4610610008239746,0.33963659405708313,0.36582696437835693,0.37952566146850586,0.27060258388519287,0.3930664360523224,0.18546384572982788,0.42552095651626587,0.4593672454357147,0.5458256602287292,0.4048953950405121,0.6162988543510437,0.37875252962112427,0.6760267615318298,0.3618142008781433,0.4301891028881073,0.5464704632759094,0.5657012462615967,0.5560731887817383,0.6478557586669922,0.5655948519706726,0.7103211879730225,0.5782015323638916,0.4191525876522064,0.6228175759315491,0.5268620252609253,0.6779728531837463,0.5974606871604919,0.7115072011947632,0.6533815264701843,0.7362799644470215,0.4005139470100403,0.6829078793525696,0.47518375515937805,0.7507004737854004,0.5166821479797363,0.7947051525115967,0.5559490323066711,0.8271414041519165
0,0.2731321156024933,0.6835018992424011,0.29383963346481323,0.5714898109436035,0.33056560158729553,0.455605149269104,0.35072240233421326,0.3514828681945801,0.3439570665359497,0.2635873258113861,0.4133676290512085,0.49461328983306885,0.5453000068664551,0.5128070116043091,0.6274281740188599,0.5189843773841858,0.6878525018692017,0.5314542651176453,0.43286341428756714,0.5896042585372925,0.5348188877105713,0.5974626541137695,0.493450403213501,0.5936436653137207,0.439007043838501,0.5950924158096313,0.438256174325943,0.6751887202262878,0.5233067870140076,0.6634938716888428,0.4864492416381836,0.6602202653884888,0.4372160732746124,0.6594166159629822,0.4419592618942261,0.7472341060638428,0.493274062871933,0.7176879048347473,0.4579205811023712,0.7152886390686035,0.4223580062389374,0.7149384021759033
0,0.27513039112091064,0.6752854585647583,0.29502198100090027,0.5668330788612366,0.3388095796108246,0.44115665555000305,0.35533076524734497,0.3381802439689636,0.3493441641330719,0.24619755148887634,0.39991283416748047,0.4823134243488312,0.5283238887786865,0.43691542744636536,0.6023054122924805,0.3994441330432892,0.6619642972946167,0.37677067518234253,0.4071384072303772,0.5679652690887451,0.5380332469940186,0.5844820737838745,0.6161172986030579,0.6014627814292908,0.6729542016983032,0.6147839426994324,0.410663902759552,0.6525245904922485,0.5117124319076538,0.6448465585708618,0.4791477918624878,0.6349166035652161,0.4332498013973236,0.6285550594329834,0.41561412811279297,0.7236854434013367,0.4915139079093933,0.6891714334487915,0.4616735875606537,0.6755619049072266,0.4256287217140198,0.6712034344673157
0,0.27974629402160645,0.6758046746253967,0.30843988060951233,0.5583295226097107,0.35539567470550537,0.43587779998779297,0.3818356692790985,0.3393605947494507,0.3786797821521759,0.25274839997291565,0.38716888427734375,0.4677395224571228,0.5181441903114319,0.4182000756263733,0.596331000328064,0.3872702717781067,0.6577673554420471,0.36494773626327515,0.40079036355018616,0.5593228936195374,0.5560883283615112,0.5532915592193604,0.6462172865867615,0.5560672283172607,0.7098143696784973,0.5552909970283508,0.4134882390499115,0.6451355218887329,0.5326616168022156,0.6494671702384949,0.5976088643074036,0.6459447145462036,0.6390198469161987,0.6437009572982788,0.4235535264015198,0.7115892171859741,0.4991656243801117,0.6946722269058228,0.5221238732337952,0.6833486557006836,0.5376011729240417,0.6747462153434753
0,0.27883273363113403,0.6504354476928711,0.3120482265949249,0.5347304940223694,0.3503919243812561,0.4294367730617523,0.37399518489837646,0.33362579345703125,0.368630051612854,0.25235992670059204,0.4243510961532593,0.4552138149738312,0.535798966884613,0.3779248297214508,0.5998054146766663,0.32867711782455444,0.6516394019126892,0.28779858350753784,0.44588130712509155,0.5316442847251892,0.5678714513778687,0.47403448820114136,0.64275062084198,0.43043220043182373,0.6991993188858032,0.3965485095977783,0.45439407229423523,0.6163821220397949,0.5767799615859985,0.623549222946167,0.6520248651504517,0.633791446685791,0.7082197666168213,0.6400567293167114,0.4506533741950989,0.6923258304595947,0.5325798988342285,0.7529667019844055,0.5793718099594116,0.7849748730659485,0.6210458278656006,0.8049032688140869
0,0.32818400859832764,0.7850202322006226,0.4022252559661865,0.7725505828857422,0.46211332082748413,0.7126501798629761,0.4256541430950165,0.6154317259788513,0.37956729531288147,0.5504347681999207,0.5136411190032959,0.5349953770637512,0.5937004685401917,0.4609265923500061,0.6410106420516968,0.4043705463409424,0.678809404373169,0.35348162055015564,0.4583877921104431,0.477559894323349,0.4994804859161377,0.34034228324890137,0.5228258371353149,0.24996164441108704,0.540532112121582,0.17292705178260803,0.40014126896858215,0.4758228659629822,0.41254568099975586,0.34405750036239624,0.416262149810791,0.25692838430404663,0.42249032855033875,0.17631390690803528,0.33691608905792236,0.5143117308616638,0.2994607985019684,0.4318752884864807,0.26955345273017883,0.376070499420166,0.24656783044338226,0.317416250705719
0,0.34955811500549316,0.7385275363922119,0.4253216087818146,0.732393205165863,0.5037295818328857,0.685088574886322,0.5494437217712402,0.6293891072273254,0.5390380620956421,0.5605581998825073,0.5120691061019897,0.5020617246627808,0.554054856300354,0.4337594509124756,0.5463921427726746,0.4829449951648712,0.5252331495285034,0.5410915613174438,0.465709924697876,0.45133739709854126,0.5073792338371277,0.3265678882598877,0.537855327129364,0.2464558184146881,0.5656877160072327,0.16268330812454224,0.4128102958202362,0.4438523054122925,0.42017075419425964,0.3201073408126831,0.423655241727829,0.23496288061141968,0.4330391585826874,0.15392369031906128,0.35504382848739624,0.4748953580856323,0.31879591941833496,0.3940713703632355,0.28923535346984863,0.33584585785865784,0.267258882522583,0.2780560851097107
0,0.3354969918727875,0.7106214761734009,0.4055260121822357,0.7044592499732971,0.486412912607193,0.6490764617919922,0.5154014229774475,0.5713861584663391,0.48086482286453247,0.505519449710846,0.5004529356956482,0.4762597680091858,0.5228783488273621,0.4012589752674103,0.49921804666519165,0.4484851360321045,0.4813293218612671,0.4993428885936737,0.4557901918888092,0.43974676728248596,0.4883005619049072,0.35404300689697266,0.4702988266944885,0.40976524353027344,0.46060284972190857,0.45148295164108276,0.4044318199157715,0.42694908380508423,0.4400521218776703,0.3169238567352295,0.4596145749092102,0.24422100186347961,0.48211491107940674,0.16740748286247253,0.3474327027797699,0.43850743770599365,0.32054564356803894,0.36222976446151733,0.2938656508922577,0.3138645887374878,0.2753790616989136,0.2544979751110077
0,0.32610762119293213,0.7134811878204346,0.39350584149360657,0.7183417081832886,0.45606979727745056,0.6833146214485168,0.46578601002693176,0.5935579538345337,0.4269651472568512,0.5287365317344666,0.48158323764801025,0.5389567613601685,0.5174791216850281,0.4668176770210266,0.4857962727546692,0.5142843127250671,0.4607183337211609,0.5572612881660461,0.4392169713973999,0.49092039465904236,0.4804924726486206,0.3934173882007599,0.44933217763900757,0.4681655168533325,0.4377327561378479,0.5072529911994934,0.3987785875797272,0.46589648723602295,0.4213372468948364,0.3775368332862854,0.41025030612945557,0.4524039030075073,0.4006287455558777,0.5118020176887512,0.3501654267311096,0.45922744274139404,0.3423705995082855,0.35637232661247253,0.3334212899208069,0.29541921615600586,0.3267737030982971,0.24242517352104187
0,0.32617107033729553,0.690417468547821,0.4062651991844177,0.6994988322257996,0.4893685579299927,0.6461066007614136,0.4827101230621338,0.5423961281776428,0.41247236728668213,0.5117292404174805,0.4844215512275696,0.5515445470809937,0.5059067010879517,0.4910629987716675,0.47414737939834595,0.55000901222229,0.46211421489715576,0.5707279443740845,0.4447852373123169,0.5134795904159546,0.46352720260620117,0.45483216643333435,0.4363781809806824,0.5268473625183105,0.42821428179740906,0.5414072275161743,0.4038717746734619,0.48804181814193726,0.4169955551624298,0.4336603283882141,0.4033147692680359,0.5072044730186462,0.39873600006103516,0.526982307434082,0.3589184284210205,0.4660797119140625,0.37901896238327026,0.4230154752731323,0.37636852264404297,0.4706970155239105,0.37118667364120483,0.4935847818851471
0,0.32118135690689087,0.5025520324707031,0.39697566628456116,0.4704504609107971,0.445841521024704,0.39791685342788696,0.41486912965774536,0.3199368119239807,0.35801708698272705,0.32875823974609375,0.41038793325424194,0.34345743060112,0.41432908177375793,0.28372013568878174,0.4084957540035248,0.34077057242393494,0.40673762559890747,0.36577677726745605,0.3683861792087555,0.3372536897659302,0.3738219439983368,0.2809527814388275,0.3732050061225891,0.35136544704437256,0.37021252512931824,0.3686492443084717,0.3285561203956604,0.3386498689651489,0.33141687512397766,0.2928597331047058,0.33915698528289795,0.3608797788619995,0.33844369649887085,0.38152092695236206,0.28605613112449646,0.3450453579425812,0.29816076159477234,0.29945820569992065,0.3069753050804138,0.34060606360435486,0.3035315275192261,0.36182650923728943
0,0.629301905632019,0.49332576990127563,0.703589916229248,0.48063188791275024,0.7633100152015686,0.4346664547920227,0.7573370933532715,0.36766937375068665,0.7121135592460632,0.3550737202167511,0.7267119884490967,0.35781779885292053,0.7590208053588867,0.31926217675209045,0.7417231798171997,0.37039366364479065,0.7236500382423401,0.3905695080757141,0.6936544179916382,0.3389662504196167,0.725090503692627,0.3035891652107239,0.7066144347190857,0.36526840925216675,0.689418375492096,0.3778042495250702,0.6588960886001587,0.32569465041160583,0.6878262162208557,0.2989610433578491,0.6757910251617432,0.3603280186653137,0.658464789390564,0.3737335503101349,0.6185382008552551,0.31570133566856384,0.6545689105987549,0.29409247636795044,0.6502159833908081,0.33670932054519653,0.6321985125541687,0.34965744614601135
0,0.5490676164627075,0.6486964225769043,0.6748690605163574,0.6687184572219849,0.8127133846282959,0.5828669667243958,0.8037382364273071,0.44556504487991333,0.7015206217765808,0.4152248203754425,0.7710475921630859,0.40429237484931946,0.8260577917098999,0.3439426124095917,0.7716381549835205,0.4529767334461212,0.7488077282905579,0.46950212121009827,0.7057036757469177,0.3574464023113251,0.7638666033744812,0.29435041546821594,0.7135037183761597,0.4253496527671814,0.6904764771461487,0.4244767427444458,0.6393119692802429,0.3284343183040619,0.6870605945587158,0.27659666538238525,0.6579044461250305,0.40475767850875854,0.6374639272689819,0.40664708614349365,0.5677444934844971,0.3043140172958374,0.6205371022224426,0.2647554874420166,0.6124531030654907,0.35290947556495667,0.5903685092926025,0.36244651675224304
0,0.2684440612792969,0.9016274809837341,0.369578093290329,0.9058854579925537,0.4793594777584076,0.8330808281898499,0.5224015116691589,0.7047474980354309,0.5091900825500488,0.5589563250541687,0.5917626619338989,0.630010724067688,0.7323462963104248,0.49834489822387695,0.8303359746932983,0.41333866119384766,0.9075881242752075,0.345927357673645,0.5108367204666138,0.5520057678222656,0.559235692024231,0.47264206409454346,0.49617695808410645,0.5714187622070312,0.4535380005836487,0.641525387763977,0.42293980717658997,0.5001327395439148,0.4703928530216217,0.35902541875839233,0.5135337114334106,0.25191420316696167,0.5616012811660767,0.12799552083015442,0.3302610516548157,0.49254825711250305,0.29770588874816895,0.33605676889419556,0.2743449807167053,0.2438257932662964,0.2603094279766083,0.13143357634544373
0,0.2571514844894409,0.919644832611084,0.34075212478637695,0.9294531345367432,0.4254319965839386,0.8754835724830627,0.4181044101715088,0.7572157382965088,0.37656745314598083,0.6402362585067749,0.5455892086029053,0.6044626235961914,0.6894612312316895,0.4869855046272278,0.7909501791000366,0.39304840564727783,0.8637871742248535,0.3241577446460724,0.46200528740882874,0.5385528802871704,0.47615283727645874,0.48347359895706177,0.4031282663345337,0.6602933406829834,0.38674312829971313,0.7458338737487793,0.37835103273391724,0.5043880939483643,0.37047863006591797,0.45465850830078125,0.3372419476509094,0.6232603192329407,0.3275350332260132,0.7179862856864929,0.29462188482284546,0.4913199841976166,0.28000667691230774,0.32481417059898376,0.2667953670024872,0.22069796919822693,0.27510643005371094,0.0962846577167511
0,0.2728329300880432,0.902971088886261,0.35257914662361145,0.9096474647521973,0.4381882846355438,0.8308984041213989,0.42489945888519287,0.6693553924560547,0.4137105643749237,0.5267238020896912,0.5492412447929382,0.5831884741783142,0.6606724858283997,0.4062846302986145,0.7354015111923218,0.2962212562561035,0.7900615930557251,0.19914960861206055,0.4687957167625427,0.519174337387085,0.47398650646209717,0.497589111328125,0.42665576934814453,0.6336178779602051,0.4072566032409668,0.6995880007743835,0.3853176534175873,0.4981790781021118,0.3603174090385437,0.5340180993080139,0.33621862530708313,0.6789312362670898,0.33878183364868164,0.7313135862350464,0.30265122652053833,0.5036971569061279,0.2860259413719177,0.5485155582427979,0.2737639844417572,0.6684684157371521,0.28152918815612793,0.7104880809783936
0,0.810585618019104,0.7540252804756165,0.7455761432647705,0.7430607676506042,0.6786534190177917,0.6798340678215027,0.628028154373169,0.6286810040473938,0.576519250869751,0.619297206401825,0.6788039803504944,0.5846157073974609,0.6552413702011108,0.49172550439834595,0.6426044702529907,0.4382431209087372,0.6318890452384949,0.3816939890384674,0.716248631477356,0.5700423121452332,0.7178007364273071,0.5547614097595215,0.7276690006256104,0.6290274858474731,0.7253952622413635,0.6377079486846924,0.7572171688079834,0.5667282938957214,0.7644997835159302,0.5513753890991211,0.7640154361724854,0.6245180368423462,0.7540953755378723,0.6470729112625122,0.7972231507301331,0.5678033232688904,0.7957704067230225,0.4958771765232086,0.7916246652603149,0.45249998569488525,0.7880029678344727,0.39994803071022034
0,0.8245782852172852,0.743738055229187,0.7550272345542908,0.7286134958267212,0.6910186409950256,0.6628357768058777,0.642693042755127,0.5971800088882446,0.5959227681159973,0.5697352886199951,0.7064313292503357,0.5765553116798401,0.6944670677185059,0.5125060677528381,0.7068988084793091,0.5779364705085754,0.7154046893119812,0.6183550357818604,0.7440629601478577,0.5674328207969666,0.7401041984558105,0.5284431576728821,0.7441587448120117,0.6116485595703125,0.7394869327545166,0.6261703968048096,0.7811802625656128,0.5627683401107788,0.7805655002593994,0.5315344333648682,0.7774845361709595,0.6112561225891113,0.7734252214431763,0.6473326086997986,0.8150590658187866,0.5595093369483948,0.8172783851623535,0.48187947273254395,0.8160931468009949,0.43129080533981323,0.8183706998825073,0.37778952717781067
0,0.820184588432312,0.7453818917274475,0.7568433284759521,0.7257245779037476,0.7001832127571106,0.6495038270950317,0.6571232676506042,0.5770375728607178,0.6175357103347778,0.5484310388565063,0.7057443857192993,0.5894601345062256,0.678493082523346,0.5107879042625427,0.7014126777648926,0.5492449998855591,0.7178117632865906,0.5909837484359741,0.7388689517974854,0.5654461979866028,0.7215721011161804,0.4736083447933197,0.7088033556938171,0.41922467947006226,0.6988557577133179,0.36487746238708496,0.7752086520195007,0.5607556700706482,0.7705100178718567,0.5109267830848694,0.7690736055374146,0.5779677033424377,0.7681524157524109,0.6302430629730225,0.8140474557876587,0.5559065341949463,0.8198337554931641,0.48051556944847107,0.8308637142181396,0.42728811502456665,0.8360189199447632,0.3751046657562256
0,0.8262763619422913,0.746845543384552,0.7544237375259399,0.740043044090271,0.6811732053756714,0.7145744562149048,0.6247249245643616,0.689995527267456,0.5818730592727661,0.6784622669219971,0.7083747982978821,0.5582032799720764,0.6707717180252075,0.4794170558452606,0.6488798260688782,0.4330759048461914,0.6313115954399109,0.3903326988220215,0.7516601085662842,0.5295067429542542,0.7204282879829407,0.43557578325271606,0.701473593711853,0.37609341740608215,0.686928927898407,0.3253517746925354,0.7988468408584595,0.5226818323135376,0.7976992130279541,0.42985790967941284,0.7968471050262451,0.368649959564209,0.7940648198127747,0.3169790208339691,0.847025454044342,0.5361807942390442,0.8720895648002625,0.46773838996887207,0.8926010131835938,0.42750656604766846,0.9086506962776184,0.3933626115322113
0,0.8371777534484863,0.7652553915977478,0.773603618144989,0.7339552640914917,0.7254749536514282,0.6550707817077637,0.7615280151367188,0.5883430242538452,0.8216360807418823,0.5746880769729614,0.7150449752807617,0.5506613850593567,0.6695879697799683,0.4743384122848511,0.6412005424499512,0.4277985692024231,0.6192227602005005,0.3870459198951721,0.7570856213569641,0.519485354423523,0.722250759601593,0.42524081468582153,0.69864821434021,0.36417245864868164,0.68069988489151,0.3131529688835144,0.8039844632148743,0.5180985927581787,0.7996928095817566,0.4231564402580261,0.7970748543739319,0.3595249056816101,0.7945194840431213,0.3060397207736969,0.8510305285453796,0.5373439192771912,0.8786007761955261,0.4691799283027649,0.89984530210495,0.42586827278137207,0.9177539348602295,0.38982638716697693
0,0.836945116519928,0.7437474131584167,0.7752558588981628,0.7257442474365234,0.7125303745269775,0.6686248779296875,0.6782452464103699,0.599566638469696,0.68359375,0.5302934050559998,0.7134859561920166,0.5536099672317505,0.6882641315460205,0.4761102795600891,0.6970652937889099,0.49663054943084717,0.7115979790687561,0.5286079049110413,0.7462936639785767,0.5196397304534912,0.7181479334831238,0.41643303632736206,0.7026160955429077,0.35604918003082275,0.6921687126159668,0.30373913049697876,0.7864047884941101,0.5129127502441406,0.776017963886261,0.41489899158477783,0.7721291184425354,0.35286635160446167,0.7669411897659302,0.29797250032424927,0.8324965834617615,0.527658998966217,0.84842848777771,0.45516595244407654,0.8615063428878784,0.40626776218414307,0.8706046938896179,0.3603949248790741
0,0.834395706653595,0.7475815415382385,0.7786586880683899,0.7232748866081238,0.7263748049736023,0.6550111174583435,0.7036512494087219,0.5856818556785583,0.7225978374481201,0.5205019116401672,0.7202956676483154,0.5511219501495361,0.7010576725006104,0.47960346937179565,0.712977945804596,0.49867260456085205,0.7285715341567993,0.5292555093765259,0.7560405731201172,0.5249978303909302,0.7416778802871704,0.4364432096481323,0.7480362057685852,0.4713336229324341,0.7556518316268921,0.5139439105987549,0.7946870923042297,0.5150148272514343,0.7909976243972778,0.4176807403564453,0.7840385437011719,0.35880589485168457,0.7757166624069214,0.3055805563926697,0.8344352841377258,0.5226438045501709,0.8582358956336975,0.4554181694984436,0.8795009851455688,0.4126715660095215,0.8941947221755981,0.37293100357055664
0,0.8309651017189026,0.735752522945404,0.7705044746398926,0.7154858708381653,0.7174292802810669,0.6513977646827698,0.7136769890785217,0.5724324584007263,0.7462387084960938,0.5203179121017456,0.7143857479095459,0.5561069846153259,0.6867900490760803,0.48730912804603577,0.694677472114563,0.514130711555481,0.7106983065605164,0.5490588545799255,0.7500815987586975,0.526996910572052,0.7254724502563477,0.4472067058086395,0.7294939756393433,0.47938981652259827,0.7426164746284485,0.5203136801719666,0.7901017069816589,0.5129171013832092,0.7747247815132141,0.42977020144462585,0.767911434173584,0.45221468806266785,0.7690253257751465,0.4853253960609436,0.8327301144599915,0.5161666870117188,0.8539614677429199,0.4488266706466675,0.8663622140884399,0.40249112248420715,0.8769867420196533,0.36226001381874084
0,0.8323798179626465,0.7264496088027954,0.7745025157928467,0.7035605907440186,0.7287465929985046,0.6247168779373169,0.7545856833457947,0.5407165884971619,0.8028064370155334,0.5022522211074829,0.7220892310142517,0.5745960474014282,0.7021734118461609,0.49945205450057983,0.721916139125824,0.5544182658195496,0.738707959651947,0.5875071287155151,0.7585183382034302,0.5474167466163635,0.7400069236755371,0.46944722533226013,0.7560433149337769,0.5325917601585388,0.7697451710700989,0.5664787888526917,0.7950926423072815,0.5293325185775757,0.778761088848114,0.45540371537208557,0.785927414894104,0.5142340064048767,0.794514536857605,0.5499619245529175,0.831500768661499,0.5192808508872986,0.8114699721336365,0.4555031955242157,0.8109219670295715,0.4942554831504822,0.8183844685554504,0.5276448726654053
0,0.34016790986061096,0.6680861115455627,0.4020328223705292,0.6607686877250671,0.46235305070877075,0.5940259695053101,0.4835730493068695,0.516704261302948,0.46437937021255493,0.4666588306427002,0.43037232756614685,0.5226521492004395,0.45067670941352844,0.4961375296115875,0.43130671977996826,0.5545817613601685,0.420467734336853,0.548069953918457,0.3928564786911011,0.5083141326904297,0.41307199001312256,0.4823443591594696,0.39882200956344604,0.5535252690315247,0.3927386403083801,0.5407487750053406,0.3570995330810547,0.5048919320106506,0.3744885325431824,0.4719361364841461,0.3696022629737854,0.5393337607383728,0.36185330152511597,0.5369847416877747,0.31968334317207336,0.4959794282913208,0.336723655462265,0.48347651958465576,0.33820465207099915,0.5298991799354553,0.33398085832595825,0.5319267511367798
0,0.31001782417297363,0.6493053436279297,0.3704182803630829,0.656964123249054,0.43942791223526,0.5944521427154541,0.4644532799720764,0.5106523633003235,0.4415234327316284,0.45852696895599365,0.40625131130218506,0.5087453722953796,0.4233235716819763,0.48018619418144226,0.4063466489315033,0.540462076663971,0.39906179904937744,0.5413758158683777,0.36942604184150696,0.493442565202713,0.38344499468803406,0.47046777606010437,0.3692927956581116,0.5456463098526001,0.36778292059898376,0.5309767723083496,0.3342186212539673,0.4850374460220337,0.34477919340133667,0.4587116241455078,0.33796408772468567,0.5282653570175171,0.3363317847251892,0.5249455571174622,0.29676783084869385,0.47374624013900757,0.3061406910419464,0.4571947753429413,0.304619699716568,0.5075135827064514,0.3027075529098511,0.515141487121582
0,0.5754659175872803,0.5142860412597656,0.643587052822113,0.5620573163032532,0.7336915731430054,0.5511398315429688,0.7897299528121948,0.489225298166275,0.799307644367218,0.4268377423286438,0.7385141849517822,0.44994205236434937,0.7787104845046997,0.43235212564468384,0.7331209182739258,0.482321560382843,0.7166884541511536,0.4789493680000305,0.7118847370147705,0.4062727093696594,0.7507191300392151,0.387564092874527,0.7007756233215332,0.4547654986381531,0.6887449622154236,0.4448421001434326,0.6802659034729004,0.3706173598766327,0.7216404676437378,0.3448784649372101,0.6774630546569824,0.4167719781398773,0.6594347357749939,0.414473295211792,0.6411740183830261,0.3328218162059784,0.6791467070579529,0.3234626054763794,0.6542258858680725,0.3740438222885132,0.6370131969451904,0.3748575448989868
0,0.4616098403930664,0.4653201103210449,0.539315938949585,0.47790414094924927,0.6052398681640625,0.5375301241874695,0.6424495577812195,0.6113861799240112,0.6429954171180725,0.6739450097084045,0.6084675788879395,0.5713401436805725,0.611687183380127,0.6911280155181885,0.5997636318206787,0.6700078248977661,0.5946403741836548,0.636195719242096,0.5622820854187012,0.5951757431030273,0.5747873783111572,0.7055317163467407,0.5674958229064941,0.6800176501274109,0.5596861839294434,0.6436548233032227,0.5156862735748291,0.6168100833892822,0.5334363579750061,0.7022129893302917,0.5273094177246094,0.675757884979248,0.5196243524551392,0.6400096416473389,0.4721076488494873,0.6339073777198792,0.49401921033859253,0.6872059106826782,0.486386775970459,0.6617807149887085,0.4777930676937103,0.636792778968811
1,0.795355498790741,0.8545366525650024,0.8136225938796997,0.7538970112800598,0.816408634185791,0.6639959216117859,0.8050931096076965,0.5953274965286255,0.8079160451889038,0.5228922963142395,0.8912922739982605,0.7373120188713074,0.8235411047935486,0.6368916630744934,0.7773239612579346,0.5899602174758911,0.741058886051178,0.5648872256278992,0.8583654165267944,0.7873572707176208,0.7727268934249878,0.666329026222229,0.765100359916687,0.6911795735359192,0.7799260020256042,0.7250061631202698,0.8135069608688354,0.8275984525680542,0.7330856919288635,0.6974045634269714,0.7404261827468872,0.7267189025878906,0.7649921774864197,0.763664186000824,0.7670650482177734,0.8553609848022461,0.7089343070983887,0.7469642162322998,0.717681884765625,0.7600918412208557,0.739928662776947,0.7928372621536255
1,0.7838060855865479,0.7771276831626892,0.799131453037262,0.6781161427497864,0.7991248965263367,0.5863093137741089,0.7851042747497559,0.515722393989563,0.7842622995376587,0.4411885142326355,0.8683820962905884,0.638488233089447,0.8013866543769836,0.5393297672271729,0.7564997673034668,0.4966082274913788,0.7224150896072388,0.475815087556839,0.8377787470817566,0.6872404217720032,0.7545012831687927,0.5722143650054932,0.742051362991333,0.598859429359436,0.7565218806266785,0.6296839118003845,0.7978847622871399,0.7274858355522156,0.720541775226593,0.6063862442970276,0.7193360328674316,0.6344556212425232,0.738434374332428,0.6710203289985657,0.7548750638961792,0.7556801438331604,0.6990551948547363,0.6567908525466919,0.7024296522140503,0.668109118938446,0.7204127311706543,0.7003145813941956
1,0.4992178678512573,0.736926257610321,0.5137215256690979,0.6468974947929382,0.4855058193206787,0.5428980588912964,0.44327613711357117,0.46493375301361084,0.4274464547634125,0.3979126214981079,0.5121591687202454,0.5851010680198669,0.44024914503097534,0.506169855594635,0.40795567631721497,0.4725680947303772,0.382498562335968,0.4524734318256378,0.47174322605133057,0.636857807636261,0.40102192759513855,0.5289351940155029,0.41557636857032776,0.5429183840751648,0.4347629249095917,0.5780577063560486,0.43237921595573425,0.6800591945648193,0.3790990710258484,0.5716469883918762,0.3953379690647125,0.5920796394348145,0.41180092096328735,0.6252896189689636,0.39288628101348877,0.7131596207618713,0.35604506731033325,0.6221999526023865,0.3752622604370117,0.639319121837616,0.3895954191684723,0.6724562644958496
1,0.38479122519493103,0.7475880980491638,0.4324518144130707,0.6227124929428101,0.45935070514678955,0.5139179825782776,0.47798067331314087,0.4255869686603546,0.5130243897438049,0.3390260338783264,0.5426986813545227,0.6232430934906006,0.5018935203552246,0.47175332903862,0.45081865787506104,0.39078617095947266,0.4092028737068176,0.3445761799812317,0.49621814489364624,0.6780020594596863,0.4097543954849243,0.4732677638530731,0.37059685587882996,0.4994623363018036,0.3788371980190277,0.5477839708328247,0.434768944978714,0.7196875810623169,0.3507479429244995,0.5192950963973999,0.33408695459365845,0.5554113984107971,0.35283902287483215,0.6080403923988342,0.37264859676361084,0.747756838798523,0.31497108936309814,0.5919939875602722,0.30927711725234985,0.607128381729126,0.32706260681152344,0.6540700197219849
1,0.3874540328979492,0.8088491559028625,0.43927454948425293,0.697803795337677,0.47287097573280334,0.5802112817764282,0.4894435405731201,0.47917482256889343,0.5269337296485901,0.3893260359764099,0.5451796650886536,0.7045660614967346,0.5090001821517944,0.5554625988006592,0.4492132365703583,0.47257936000823975,0.40300413966178894,0.4190654158592224,0.4928434193134308,0.7606759667396545,0.4096671938896179,0.5514558553695679,0.371817409992218,0.5690978765487671,0.37845945358276367,0.6224854588508606,0.42364126443862915,0.7999929189682007,0.34567707777023315,0.5893728733062744,0.3327338695526123,0.6204541921615601,0.3527292013168335,0.6807295083999634,0.3559758961200714,0.8215214014053345,0.3009226322174072,0.6448294520378113,0.2994931936264038,0.6537148356437683,0.3213428854942322,0.7041806578636169
1,0.41100457310676575,0.8290778994560242,0.48605597019195557,0.6985947489738464,0.5471900701522827,0.5705499649047852,0.5713866949081421,0.43646278977394104,0.6084411144256592,0.32129132747650146,0.6350951790809631,0.7980933785438538,0.5667750239372253,0.5434612035751343,0.5036467909812927,0.40189075469970703,0.45779648423194885,0.3216094970703125,0.5567952394485474,0.8784245252609253,0.43397054076194763,0.571709394454956,0.43185412883758545,0.5717174410820007,0.44481614232063293,0.6211787462234497,0.4560739994049072,0.9212304353713989,0.34776949882507324,0.6214221119880676,0.369263619184494,0.6284449100494385,0.4009769558906555,0.6774643063545227,0.3621100187301636,0.9379040002822876,0.2851817309856415,0.7153000235557556,0.31396523118019104,0.709196925163269,0.35300397872924805,0.7505748271942139
1,0.2311563938856125,0.8641089200973511,0.24473698437213898,0.7653235793113708,0.2300187051296234,0.6456711292266846,0.1948612481355667,0.5559835433959961,0.17764443159103394,0.4852823317050934,0.26932305097579956,0.7747021317481995,0.1759304255247116,0.6401751637458801,0.16367216408252716,0.6299123167991638,0.17327672243118286,0.6388520002365112,0.21254512667655945,0.8455749154090881,0.11423972249031067,0.6672415137290955,0.13723307847976685,0.686910092830658,0.16999295353889465,0.7334753274917603,0.15453030169010162,0.8890665769577026,0.073030024766922,0.710490882396698,0.1047004833817482,0.7335838079452515,0.13721542060375214,0.7777606248855591,0.10391779989004135,0.9112126231193542,0.05179861932992935,0.772604763507843,0.0782446414232254,0.7885189056396484,0.10908948630094528,0.8326923251152039
1,0.2117103934288025,0.6717711091041565,0.23498746752738953,0.5727983117103577,0.215129554271698,0.4283127784729004,0.1833101212978363,0.31445083022117615,0.1795186698436737,0.23073026537895203,0.2555249035358429,0.4871489405632019,0.1833145171403885,0.36086326837539673,0.1354023963212967,0.3154314458370209,0.09742947667837143,0.2922501564025879,0.1991458684206009,0.5489664077758789,0.10869453847408295,0.3963707983493805,0.12300798296928406,0.4198800325393677,0.1493348926305771,0.4661863148212433,0.13943879306316376,0.6004087924957275,0.06346797943115234,0.4473661184310913,0.0882779061794281,0.4775247573852539,0.11583995074033737,0.5251757502555847,0.08005228638648987,0.6422713398933411,0.02367854118347168,0.5169637799263,0.05008938908576965,0.5338684320449829,0.07527821511030197,0.5721229910850525
1,0.7444409728050232,0.6299839019775391,0.787214994430542,0.4306336045265198,0.8621276021003723,0.3159672021865845,0.9293463230133057,0.2405102252960205,0.9833117127418518,0.15290707349777222,0.9975667595863342,0.432247519493103,0.9903649091720581,0.2695167660713196,0.9228812456130981,0.2059788554906845,0.8587695956230164,0.17268706858158112,0.9823997020721436,0.48853394389152527,0.9022218585014343,0.29300713539123535,0.8286823630332947,0.32773974537849426,0.8097039461135864,0.38445228338241577,0.942734956741333,0.5250656604766846,0.8564682006835938,0.3331884741783142,0.8007246255874634,0.3781466782093048,0.7918009757995605,0.4360077977180481,0.8891332745552063,0.5494273900985718,0.8174355626106262,0.3976196050643921,0.7818248867988586,0.4147298038005829,0.7790683507919312,0.45435699820518494
1,0.7718030214309692,0.8769324421882629,0.7963274121284485,0.7224307656288147,0.8521467447280884,0.6176589727401733,0.8944879174232483,0.5431323647499084,0.9286243319511414,0.46526002883911133,0.9844175577163696,0.7034550309181213,0.9478361010551453,0.5719127058982849,0.8826330900192261,0.5295038223266602,0.8306760787963867,0.518673837184906,0.9709575176239014,0.7602095603942871,0.8769246935844421,0.6063451766967773,0.8121046423912048,0.6199864149093628,0.7877485752105713,0.6553810834884644,0.9334923624992371,0.803984522819519,0.8389230966567993,0.6534671783447266,0.790779173374176,0.6756900548934937,0.7797605991363525,0.7108628749847412,0.8845499753952026,0.8366151452064514,0.8126235008239746,0.713459312915802,0.777732789516449,0.7167143225669861,0.7721932530403137,0.7394441366195679
1,0.8316690921783447,0.7431668639183044,0.811913251876831,0.6485831141471863,0.8291855454444885,0.5405804514884949,0.8470715284347534,0.46835118532180786,0.8545662760734558,0.3985389173030853,0.9425230026245117,0.5301146507263184,0.912649929523468,0.4539957344532013,0.8666277527809143,0.4445716440677643,0.8231476545333862,0.44522398710250854,0.9684380888938904,0.5581079125404358,0.8900535702705383,0.501048743724823,0.8437424898147583,0.56796795129776,0.8243581652641296,0.6195887327194214,0.9800152778625488,0.5967935919761658,0.8936377763748169,0.5416682362556458,0.8572174310684204,0.6119417548179626,0.8451604247093201,0.6597138047218323,0.9795708656311035,0.643344521522522,0.9128952026367188,0.5895490050315857,0.8856830596923828,0.6319385766983032,0.8834720253944397,0.665651261806488
1,0.8630929589271545,0.7855402231216431,0.8655204772949219,0.6905801892280579,0.8571835160255432,0.6006401777267456,0.8301635980606079,0.5324262976646423,0.8172650933265686,0.46210724115371704,0.9446117877960205,0.661775529384613,0.8618217706680298,0.5810502767562866,0.8038316965103149,0.5489644408226013,0.7617756724357605,0.5322563648223877,0.9238720536231995,0.7240608930587769,0.8110056519508362,0.6279032826423645,0.8066326975822449,0.635250449180603,0.8211989402770996,0.6542478203773499,0.8881396055221558,0.7794426679611206,0.779975950717926,0.6739093065261841,0.7898933291435242,0.6798325777053833,0.8163846135139465,0.6944973468780518,0.8487483859062195,0.8221947550773621,0.7702736258506775,0.7354703545570374,0.7796515226364136,0.7257980704307556,0.8058330416679382,0.7315144538879395
1,0.29063528776168823,0.8703510165214539,0.28376221656799316,0.7607125043869019,0.2898004651069641,0.6609760522842407,0.3159066140651703,0.5823742747306824,0.33141028881073,0.5126025676727295,0.19313794374465942,0.7105401158332825,0.2853230834007263,0.6223183870315552,0.34091535210609436,0.579958438873291,0.37967419624328613,0.5507187843322754,0.2151941955089569,0.7808287739753723,0.3273022770881653,0.6554845571517944,0.33923983573913574,0.6567409634590149,0.327921599149704,0.6719997525215149,0.25163891911506653,0.8374145030975342,0.3502310514450073,0.7167686820030212,0.3465443551540375,0.7228625416755676,0.3258500397205353,0.7442459464073181,0.29048314690589905,0.8814455270767212,0.36573463678359985,0.7747073173522949,0.3597882091999054,0.7625740170478821,0.3408436179161072,0.7765308618545532
1,0.24988219141960144,0.6535063982009888,0.25936269760131836,0.55561363697052,0.2543022036552429,0.4742285907268524,0.2527634799480438,0.41034209728240967,0.25952088832855225,0.3572639226913452,0.12502436339855194,0.4774880111217499,0.19889847934246063,0.39348411560058594,0.2428620457649231,0.3540470600128174,0.27141207456588745,0.32021564245224,0.13088484108448029,0.5263571739196777,0.2277919054031372,0.4227912724018097,0.25775018334388733,0.46340426802635193,0.2546931207180023,0.4955657720565796,0.15937405824661255,0.5712006688117981,0.2516106963157654,0.47692954540252686,0.26969200372695923,0.5165669918060303,0.2606607675552368,0.545784592628479,0.19870419800281525,0.6083508133888245,0.2706421911716461,0.5311072468757629,0.2798922061920166,0.5519148111343384,0.2675287127494812,0.575913667678833
1,0.34104451537132263,0.4923005700111389,0.3465425670146942,0.38610708713531494,0.35499733686447144,0.29114171862602234,0.3761439621448517,0.21520015597343445,0.3866894543170929,0.148606538772583,0.24540048837661743,0.30364811420440674,0.33625271916389465,0.23537373542785645,0.3898009657859802,0.20175711810588837,0.4286705255508423,0.17859040200710297,0.2586659789085388,0.3588789701461792,0.3686065077781677,0.27574533224105835,0.3812270164489746,0.3089636266231537,0.3644515872001648,0.33704298734664917,0.2901136875152588,0.4124613404273987,0.38852423429489136,0.32910633087158203,0.39497485756874084,0.35626059770584106,0.37946054339408875,0.3806627690792084,0.32858407497406006,0.4582582116127014,0.4074292778968811,0.38488662242889404,0.41212910413742065,0.3977600336074829,0.39833253622055054,0.4219420850276947
1,0.5426750183105469,0.5215637683868408,0.5502929091453552,0.43209531903266907,0.5871827602386475,0.3226486146450043,0.6371940970420837,0.2443961501121521,0.67364901304245,0.17990942299365997,0.5210541486740112,0.30977362394332886,0.6219705939292908,0.24618691205978394,0.6821488738059998,0.2294301837682724,0.7248607873916626,0.22407114505767822,0.5410079956054688,0.37187299132347107,0.6534662246704102,0.29182687401771545,0.6504879593849182,0.31891757249832153,0.6200597286224365,0.356596976518631,0.5731849670410156,0.43169674277305603,0.6745373606681824,0.3447735905647278,0.6684955358505249,0.36750680208206177,0.6431829333305359,0.3945184051990509,0.6099562644958496,0.48365896940231323,0.6823857426643372,0.4182667136192322,0.6712778210639954,0.42765238881111145,0.6475581526756287,0.4413735270500183
1,0.6183852553367615,0.587063193321228,0.6283189654350281,0.484769344329834,0.6936326026916504,0.38471031188964844,0.7608441710472107,0.31933003664016724,0.7949188947677612,0.251512348651886,0.6351918578147888,0.38059234619140625,0.746113121509552,0.3319353759288788,0.8069827556610107,0.3173806071281433,0.8529282808303833,0.31214678287506104,0.6546196937561035,0.45561808347702026,0.7723016142845154,0.38031983375549316,0.7557339668273926,0.39205625653266907,0.7174371480941772,0.4164693057537079,0.6802728176116943,0.5254539251327515,0.7874631881713867,0.43739619851112366,0.7688030004501343,0.4477477967739105,0.7376793622970581,0.46801233291625977,0.7100081443786621,0.5830739736557007,0.786204993724823,0.5074648261070251,0.7681627869606018,0.5055860280990601,0.7396818995475769,0.5193716287612915
1,0.6551178693771362,0.8089813590049744,0.6670844554901123,0.7087521553039551,0.7328569889068604,0.6214601993560791,0.8064066767692566,0.5764584541320801,0.8533542156219482,0.5284806489944458,0.7040322422981262,0.6802034378051758,0.8114563226699829,0.6295000910758972,0.8672595024108887,0.6023500561714172,0.9109621644020081,0.5836211442947388,0.7280238270759583,0.7593958973884583,0.838983952999115,0.660925567150116,0.8131106495857239,0.6469194889068604,0.7761075496673584,0.6621954441070557,0.7534671425819397,0.8210949301719666,0.848192036151886,0.7204491496086121,0.8175867199897766,0.708848774433136,0.7851269245147705,0.7248484492301941,0.7784156203269958,0.8640748262405396,0.8403180837631226,0.7775222659111023,0.8179832100868225,0.7648792266845703,0.7956255674362183,0.7828994989395142
1,0.5583230257034302,0.962238073348999,0.5087307095527649,0.8882152438163757,0.4897378981113434,0.7756881713867188,0.49595534801483154,0.6774613261222839,0.4841773808002472,0.6046106815338135,0.46668142080307007,0.8767362833023071,0.5096303820610046,0.7322691679000854,0.5328546166419983,0.6556534767150879,0.5540537238121033,0.59862220287323,0.5270946621894836,0.9070615768432617,0.5532640814781189,0.7275649309158325,0.5455914735794067,0.7424777746200562,0.5338280200958252,0.787409245967865,0.5830376148223877,0.9163740873336792,0.5944973230361938,0.7434574365615845,0.5808048844337463,0.7617442607879639,0.5664419531822205,0.7986632585525513,0.6310996413230896,0.9111352562904358,0.6349544525146484,0.7696490287780762,0.6170709133148193,0.7815775871276855,0.6039395928382874,0.8177121877670288
1,0.4326052963733673,1.0537753105163574,0.3780929744243622,0.9625532627105713,0.3294852077960968,0.8488084077835083,0.30829736590385437,0.7496575117111206,0.2852482199668884,0.6816644668579102,0.27122581005096436,0.9577805995941162,0.30415016412734985,0.7959877252578735,0.33827632665634155,0.7255458831787109,0.36002954840660095,0.6875845193862915,0.31965771317481995,0.9803904891014099,0.34821686148643494,0.7964319586753845,0.3798430860042572,0.8029006123542786,0.3883737325668335,0.8423426747322083,0.37389877438545227,0.9887433052062988,0.3904857039451599,0.8167603015899658,0.41340240836143494,0.8291423320770264,0.4154679775238037,0.8659109473228455,0.4253236949443817,0.9858274459838867,0.4332053065299988,0.8381651639938354,0.4431312084197998,0.8503989577293396,0.44442033767700195,0.8909823298454285
1,0.3521098494529724,0.9507426023483276,0.30599895119667053,0.8615126609802246,0.249642476439476,0.7825760245323181,0.21360455453395844,0.7068284153938293,0.1840578317642212,0.6439578533172607,0.17193152010440826,0.9066087007522583,0.1984976828098297,0.745223343372345,0.23146794736385345,0.6766390204429626,0.24807794392108917,0.6397159695625305,0.2091902494430542,0.9326328039169312,0.23414745926856995,0.7505805492401123,0.2825648784637451,0.7471019625663757,0.30557480454444885,0.7743793725967407,0.25905299186706543,0.9402921199798584,0.2767251133918762,0.7738323211669922,0.3135119378566742,0.7824237942695618,0.32474029064178467,0.8145562410354614,0.3106077313423157,0.933460533618927,0.3163592219352722,0.7972537875175476,0.33508050441741943,0.80451500415802,0.34103041887283325,0.8373768925666809
1,0.6458534002304077,0.8627422451972961,0.6066232323646545,0.8345494270324707,0.563430905342102,0.7883955836296082,0.5454326272010803,0.7325823903083801,0.5529567003250122,0.6846528053283691,0.5353944301605225,0.9036338925361633,0.5653046369552612,0.7682898044586182,0.5906442999839783,0.7103018164634705,0.5885836482048035,0.6992357969284058,0.591414213180542,0.9318214654922485,0.6178468465805054,0.7640886306762695,0.6309095025062561,0.7383098006248474,0.6227083206176758,0.7698397636413574,0.6460207104682922,0.938897430896759,0.6609241962432861,0.7824774980545044,0.6609137654304504,0.7710719108581543,0.6513761281967163,0.8065997362136841,0.6933606266975403,0.9346468448638916,0.6986783742904663,0.8177998065948486,0.6948136687278748,0.8055915236473083,0.6875630617141724,0.8304295539855957
1,0.7710466384887695,0.9461349844932556,0.7429537177085876,0.8836973905563354,0.752108097076416,0.7818459272384644,0.7768403887748718,0.6908931732177734,0.7796262502670288,0.615789532661438,0.7539322376251221,0.8746777176856995,0.8066513538360596,0.7345343828201294,0.8290242552757263,0.6579407453536987,0.8431124091148376,0.5996221303939819,0.8077305555343628,0.9043624997138977,0.841473400592804,0.7341331243515015,0.8227024674415588,0.75737065076828,0.8093797564506531,0.8082108497619629,0.8540970087051392,0.9203803539276123,0.8775613903999329,0.7627520561218262,0.8586823344230652,0.7854171991348267,0.8473386168479919,0.8331854939460754,0.8914287090301514,0.9207155704498291,0.90257728099823,0.7946081161499023,0.8824058175086975,0.8093966841697693,0.8703041672706604,0.8511664271354675
1,0.8296571969985962,0.839305579662323,0.8044265508651733,0.7566794753074646,0.8209215402603149,0.6533051133155823,0.8550817966461182,0.5681214332580566,0.8645481467247009,0.49101075530052185,0.8289791941642761,0.7402990460395813,0.8831716179847717,0.6234697699546814,0.9075275659561157,0.5530142784118652,0.9281608462333679,0.49796172976493835,0.8883820176124573,0.7772493958473206,0.9250433444976807,0.6191463470458984,0.897710382938385,0.6207571029663086,0.8836325407028198,0.6529504656791687,0.9369779229164124,0.7982142567634583,0.9565495252609253,0.6508017182350159,0.9284493327140808,0.66139817237854,0.9169031977653503,0.6967793703079224,0.9739646315574646,0.8037937879562378,0.9814921617507935,0.6813305616378784,0.9581486582756042,0.6881884932518005,0.9481740593910217,0.7202563285827637
1,0.720589280128479,0.6985299587249756,0.6710686683654785,0.6166380643844604,0.6767146587371826,0.48690611124038696,0.7059040665626526,0.3699013590812683,0.7035521864891052,0.28125113248825073,0.6614686250686646,0.5235238075256348,0.7175841927528381,0.3961803913116455,0.7466784715652466,0.3348061740398407,0.7725749015808105,0.2909590005874634,0.720736026763916,0.5468389987945557,0.7613660097122192,0.39394107460975647,0.7467297911643982,0.40549421310424805,0.733744740486145,0.4428234398365021,0.7741479873657227,0.5635818243026733,0.7989764213562012,0.4228413701057434,0.7835438847541809,0.4391106963157654,0.7754272222518921,0.4743229150772095,0.8207530975341797,0.5742579102516174,0.8277151584625244,0.4631046652793884,0.8120419979095459,0.47730469703674316,0.8076773881912231,0.5102904438972473
