label,x0,y0,x1,y1,x2,y2,x3,y3,x4,y4,x5,y5,x6,y6,x7,y7,x8,y8,x9,y9,x10,y10,x11,y11,x12,y12,x13,y13,x14,y14,x15,y15,x16,y16,x17,y17,x18,y18,x19,y19,x20,y20
1,0.896183967590332,0.8067942261695862,0.8310930132865906,0.8078190088272095,0.7650890946388245,0.7815636396408081,0.7081761360168457,0.7763434052467346,0.6642699241638184,0.7756018042564392,0.7882769107818604,0.6222226619720459,0.7704265117645264,0.5354807376861572,0.7650856375694275,0.4825781583786011,0.7577564120292664,0.43221166729927063,0.8202266097068787,0.5983573198318481,0.7874538898468018,0.5184274911880493,0.7674600481987,0.47422701120376587,0.7472800016403198,0.4369724690914154,0.8579908013343811,0.5960352420806885,0.8509225845336914,0.5183897018432617,0.8512016534805298,0.4651522636413574,0.8469839692115784,0.4212038218975067,0.8945938944816589,0.6083628535270691,0.8786017894744873,0.5359808802604675,0.8644284009933472,0.49041205644607544,0.8499162793159485,0.44629573822021484
1,0.9040844440460205,0.8164780735969543,0.8392850756645203,0.8175750970840454,0.7737045288085938,0.7887195944786072,0.7158759832382202,0.7807871103286743,0.6725368499755859,0.7786180973052979,0.7957170605659485,0.6307960152626038,0.7785279154777527,0.5447019934654236,0.7735874056816101,0.4921966791152954,0.7664101719856262,0.4422207474708557,0.8278878927230835,0.6070128679275513,0.7958299517631531,0.5281005501747131,0.7754309177398682,0.48515784740448,0.7542610764503479,0.4496470093727112,0.8659330606460571,0.6045917868614197,0.8580798506736755,0.5269536375999451,0.8583602905273438,0.4725078046321869,0.8539896011352539,0.4281020760536194,0.9021167755126953,0.6170365810394287,0.8848305940628052,0.5468041896820068,0.8697777986526489,0.5042364597320557,0.8547222018241882,0.463034451007843
1,0.9401335716247559,0.9195181727409363,0.8746873140335083,0.9173266291618347,0.8104434013366699,0.892280638217926,0.7554548382759094,0.8907743692398071,0.7125844955444336,0.8899809718132019,0.8315315842628479,0.7306367754936218,0.817589282989502,0.6476082801818848,0.8131959438323975,0.5950865149497986,0.8100987672805786,0.5454814434051514,0.8644925355911255,0.7092730402946472,0.8344554901123047,0.6279631853103638,0.8188079595565796,0.5785296559333801,0.8048560619354248,0.5358301401138306,0.9036178588867188,0.7084466218948364,0.9009497165679932,0.6356140971183777,0.9078381061553955,0.5954455137252808,0.9089139699935913,0.5612935423851013,0.9431690573692322,0.7217117547988892,0.9309016466140747,0.6512886881828308,0.9215053915977478,0.6076686978340149,0.9112498164176941,0.5650101900100708
1,0.9203166365623474,0.731698215007782,0.8564943671226501,0.7344781756401062,0.7938216924667358,0.7164348363876343,0.7376208901405334,0.716530978679657,0.6933990716934204,0.715667188167572,0.8080114722251892,0.5575013160705566,0.7894859910011292,0.47303661704063416,0.7834998965263367,0.4206564724445343,0.7764033079147339,0.37002235651016235,0.8381692171096802,0.5331281423568726,0.8023906350135803,0.4562930762767792,0.7811856865882874,0.41070324182510376,0.7604656219482422,0.37118417024612427,0.8756133913993835,0.5290684700012207,0.8664701581001282,0.4485493302345276,0.8667120933532715,0.3928307592868805,0.8625909090042114,0.348441481590271,0.9126921892166138,0.5385451912879944,0.8963412642478943,0.4672645330429077,0.8817493319511414,0.42315757274627686,0.8664562702178955,0.38128530979156494
1,0.8933574557304382,0.5075300931930542,0.8317673802375793,0.5154104828834534,0.7699043154716492,0.49955448508262634,0.7138603925704956,0.49917298555374146,0.6716333627700806,0.49831312894821167,0.7795517444610596,0.34690603613853455,0.7572553753852844,0.26742711663246155,0.751467227935791,0.21713805198669434,0.743309736251831,0.1677941381931305,0.8073487281799316,0.31943845748901367,0.771402895450592,0.2485417127609253,0.7501049637794495,0.2091967612504959,0.7288616895675659,0.17479737102985382,0.8435191512107849,0.31190258264541626,0.8325812220573425,0.2315804362297058,0.8304097056388855,0.16768847405910492,0.8257303237915039,0.11543095111846924,0.8792842030525208,0.31862086057662964,0.8613184690475464,0.25045275688171387,0.8463588356971741,0.2097649872303009,0.8319393992424011,0.17046838998794556
1,0.7908607125282288,0.4289250671863556,0.7221794128417969,0.429561972618103,0.6583796143531799,0.40874820947647095,0.6034137010574341,0.402741402387619,0.5608101487159729,0.39972037076950073,0.6922191977500916,0.25196540355682373,0.6791648864746094,0.16755585372447968,0.6779429316520691,0.11755961179733276,0.6728972792625427,0.06914301216602325,0.724979817867279,0.22723990678787231,0.7004683613777161,0.1473880112171173,0.6849556565284729,0.10485343635082245,0.6694684624671936,0.06892985105514526,0.7605680227279663,0.2237226665019989,0.755328357219696,0.1424691081047058,0.7543954849243164,0.07913005352020264,0.7515527009963989,0.026034146547317505,0.794063150882721,0.23332765698432922,0.7821475267410278,0.1656111776828766,0.7689735889434814,0.12379272282123566,0.755474865436554,0.08406388759613037
1,0.7402263879776001,0.4273480772972107,0.670927882194519,0.4316195547580719,0.606633722782135,0.4151095151901245,0.5522865653038025,0.410331666469574,0.5106555223464966,0.40726181864738464,0.6408697962760925,0.25305166840553284,0.6269621253013611,0.169864222407341,0.6223302483558655,0.11769811809062958,0.6176244616508484,0.07000945508480072,0.6712614297866821,0.23077116906642914,0.6440591812133789,0.1477447748184204,0.6271345019340515,0.0997367799282074,0.6118709444999695,0.059582531452178955,0.7064070105552673,0.22470277547836304,0.6905915141105652,0.1447472721338272,0.6798282265663147,0.09126962721347809,0.6689616441726685,0.048190221190452576,0.7421791553497314,0.23165801167488098,0.7279117703437805,0.16353687644004822,0.7125452756881714,0.12074300646781921,0.6967117786407471,0.08251357078552246
1,0.8989314436912537,0.4444213807582855,0.8337662816047668,0.43443727493286133,0.7732076644897461,0.40698671340942383,0.7166714072227478,0.3933209180831909,0.6732504367828369,0.3789346516132355,0.8064321875572205,0.25461748242378235,0.7986480593681335,0.1685241013765335,0.7999075055122375,0.11628301441669464,0.8008134961128235,0.06522999703884125,0.8410876989364624,0.2351023256778717,0.8163864016532898,0.1526707112789154,0.802534818649292,0.1033371239900589,0.7896246910095215,0.05933377146720886,0.8792045712471008,0.2367478311061859,0.8833293318748474,0.1591588258743286,0.8876998424530029,0.11105813086032867,0.8869830965995789,0.07322061061859131,0.9158098697662354,0.25084835290908813,0.9086992144584656,0.18068554997444153,0.8984755277633667,0.13868893682956696,0.8868762850761414,0.09947259724140167
1,0.7976192831993103,0.4346296191215515,0.7302037477493286,0.42883992195129395,0.6670042276382446,0.400987833738327,0.6120630502700806,0.39085936546325684,0.5681909322738647,0.38337960839271545,0.7044247984886169,0.24727316200733185,0.6945756673812866,0.16117848455905914,0.6943037509918213,0.10937175154685974,0.690134584903717,0.059842780232429504,0.7394035458564758,0.2275974452495575,0.7171337604522705,0.1491561233997345,0.7009209394454956,0.10319294035434723,0.6840571761131287,0.06415411829948425,0.7764715552330017,0.22715604305267334,0.7776153683662415,0.14429602026939392,0.7805991172790527,0.08333525061607361,0.7809523344039917,0.03362828493118286,0.810340940952301,0.23816052079200745,0.7996894121170044,0.16607794165611267,0.7874484658241272,0.12174750864505768,0.7747359871864319,0.0801725834608078
1,0.665521502494812,0.42505791783332825,0.5961055755615234,0.4189325273036957,0.5315262079238892,0.3907697796821594,0.47954562306404114,0.37795162200927734,0.4402991533279419,0.37027508020401,0.5780815482139587,0.23792579770088196,0.5744798183441162,0.15395978093147278,0.5743311047554016,0.10091987252235413,0.5740672945976257,0.054596781730651855,0.6102784276008606,0.22368165850639343,0.5936575531959534,0.13782690465450287,0.5821760296821594,0.08618535101413727,0.5718086957931519,0.04470615088939667,0.6455150246620178,0.22230762243270874,0.6330456137657166,0.14466962218284607,0.6233094930648804,0.09379918873310089,0.6136555671691895,0.051577553153038025,0.681876003742218,0.23225387930870056,0.674756646156311,0.16391800343990326,0.6641378402709961,0.11857648193836212,0.6522718667984009,0.07746681571006775
1,0.5461398959159851,0.4077601432800293,0.4764869213104248,0.40570783615112305,0.4130729138851166,0.37805667519569397,0.3630337715148926,0.363797128200531,0.32513490319252014,0.35415953397750854,0.46333715319633484,0.22328785061836243,0.46241524815559387,0.14066463708877563,0.46199536323547363,0.08733141422271729,0.46111345291137695,0.042404383420944214,0.4947246313095093,0.2080708146095276,0.4838918149471283,0.11771285533905029,0.4725729525089264,0.06425295770168304,0.46121248602867126,0.022133946418762207,0.5274932384490967,0.20546922087669373,0.5184885263442993,0.12410928308963776,0.5088327527046204,0.07290403544902802,0.4985925555229187,0.03141652047634125,0.5594751834869385,0.2155063897371292,0.5526162981987,0.14629557728767395,0.5422782301902771,0.10061395168304443,0.5305061936378479,0.06020185351371765
1,0.4488528072834015,0.3955286145210266,0.38211554288864136,0.3967432677745819,0.3232085406780243,0.3641401529312134,0.27755627036094666,0.3469984829425812,0.24214278161525726,0.3347109258174896,0.3800754249095917,0.20851604640483856,0.38156384229660034,0.1255197525024414,0.3822563886642456,0.07188287377357483,0.382190078496933,0.028494521975517273,0.41147640347480774,0.1944616436958313,0.40749654173851013,0.10581563413143158,0.4007130563259125,0.05170844495296478,0.39326220750808716,0.010934814810752869,0.4422221779823303,0.19211110472679138,0.4384920597076416,0.1087501049041748,0.4284884035587311,0.054605379700660706,0.4175862967967987,0.009997040033340454,0.4696437120437622,0.20092064142227173,0.463841050863266,0.13296392560005188,0.453529953956604,0.086036816239357,0.44125866889953613,0.04421398043632507
1,0.3166187107563019,0.4787991940975189,0.25170984864234924,0.4777519404888153,0.19663602113723755,0.44399750232696533,0.1532248854637146,0.4322715997695923,0.1189357340335846,0.4250010848045349,0.24890315532684326,0.27536171674728394,0.24840259552001953,0.183329239487648,0.24674242734909058,0.12570297718048096,0.2433653622865677,0.07662895321846008,0.27740949392318726,0.26019513607025146,0.2722226679325104,0.16536040604114532,0.2589285373687744,0.10975779592990875,0.2445916384458542,0.06686598062515259,0.3047521114349365,0.26035308837890625,0.30670198798179626,0.15692609548568726,0.29495009779930115,0.09070706367492676,0.2812596261501312,0.03645515441894531,0.32781359553337097,0.2728138864040375,0.31782492995262146,0.2034052610397339,0.3049300014972687,0.15713545680046082,0.2895320951938629,0.11634238064289093
1,0.3603188693523407,0.5107078552246094,0.2883809208869934,0.5154629945755005,0.21605095267295837,0.5007188320159912,0.1533796191215515,0.5091376304626465,0.10357846319675446,0.5135351419448853,0.23773586750030518,0.3126092255115509,0.22004464268684387,0.21873579919338226,0.2120230495929718,0.15964284539222717,0.20340965688228607,0.1037883460521698,0.26999807357788086,0.28472641110420227,0.2375599890947342,0.18981672823429108,0.21707633137702942,0.13176825642585754,0.1976456195116043,0.0789361298084259,0.309259831905365,0.2810024619102478,0.2973816394805908,0.18734923005104065,0.29202619194984436,0.12041711807250977,0.28450724482536316,0.06546938419342041,0.34844982624053955,0.29447638988494873,0.33183756470680237,0.21973328292369843,0.31431952118873596,0.17352452874183655,0.2954236567020416,0.13072015345096588
1,0.3045261800289154,0.5616900324821472,0.23658061027526855,0.5688355565071106,0.1678711324930191,0.5532428622245789,0.11298583447933197,0.5575796365737915,0.0683169811964035,0.5662634372711182,0.19592203199863434,0.3662722408771515,0.18037110567092896,0.27013713121414185,0.1740545928478241,0.20996762812137604,0.16648277640342712,0.1534445434808731,0.2277470976114273,0.33892813324928284,0.2030181586742401,0.24325916171073914,0.18191811442375183,0.1837848573923111,0.1609572470188141,0.13059262931346893,0.26289671659469604,0.33448344469070435,0.2546663284301758,0.23551338911056519,0.24586008489131927,0.16855961084365845,0.2353372722864151,0.11216026544570923,0.29684460163116455,0.34796783328056335,0.28300178050994873,0.27475684881210327,0.267239511013031,0.22952570021152496,0.24976485967636108,0.1885719746351242
1,0.3157346844673157,0.7749114036560059,0.24386635422706604,0.7799943685531616,0.17348837852478027,0.7555789947509766,0.11817178130149841,0.7559776902198792,0.07304514199495316,0.7631493210792542,0.19871464371681213,0.5664142966270447,0.1820901781320572,0.47464051842689514,0.17075884342193604,0.41772937774658203,0.15759320557117462,0.36697614192962646,0.2311357855796814,0.5467098951339722,0.20640303194522858,0.44829970598220825,0.1820831000804901,0.3887012004852295,0.15696096420288086,0.34029632806777954,0.26652511954307556,0.5492713451385498,0.260225772857666,0.4494359493255615,0.24527405202388763,0.392098605632782,0.22638991475105286,0.34909215569496155,0.29928717017173767,0.5693075060844421,0.28454580903053284,0.4976809322834015,0.26539885997772217,0.45246273279190063,0.2431826889514923,0.41446393728256226
1,0.37000522017478943,0.8255893588066101,0.2942887842655182,0.8243647217750549,0.2213335633277893,0.7937426567077637,0.16095885634422302,0.7924551963806152,0.11195659637451172,0.7955822348594666,0.2517719268798828,0.6114014983177185,0.2377019077539444,0.5206025242805481,0.22844931483268738,0.4648398756980896,0.21636489033699036,0.41383934020996094,0.2846240699291229,0.591338038444519,0.26068952679634094,0.49408870935440063,0.2381167858839035,0.4359162449836731,0.21287432312965393,0.3867075443267822,0.32119107246398926,0.5961108207702637,0.3178490996360779,0.501397430896759,0.3061694800853729,0.44572633504867554,0.2885303199291229,0.4030681252479553,0.35542502999305725,0.6198199391365051,0.34099653363227844,0.5484566688537598,0.3236011862754822,0.5059205293655396,0.30300644040107727,0.4696548581123352
1,0.4675304889678955,0.8652702569961548,0.3982490003108978,0.8466575145721436,0.32998549938201904,0.8099185228347778,0.2712705731391907,0.8060303926467896,0.22228169441223145,0.8073282837867737,0.37446123361587524,0.6332449913024902,0.36360204219818115,0.5366535782814026,0.35612544417381287,0.480989933013916,0.3456852436065674,0.43108895421028137,0.41237398982048035,0.6222474575042725,0.39079251885414124,0.5202881693840027,0.3682765066623688,0.461078405380249,0.34391331672668457,0.4104745388031006,0.45362588763237,0.6373775005340576,0.4561341404914856,0.5409960746765137,0.45085278153419495,0.4852610230445862,0.4385431110858917,0.44053274393081665,0.4925830364227295,0.6724581718444824,0.4904404878616333,0.6006727814674377,0.47822099924087524,0.5601853132247925,0.46012476086616516,0.5259796380996704
1,0.6992049217224121,0.8872279524803162,0.633846640586853,0.8654870390892029,0.5671164989471436,0.8223385810852051,0.508596658706665,0.8094265460968018,0.4592400789260864,0.8080734610557556,0.6232669353485107,0.6552746295928955,0.6305361986160278,0.5615211725234985,0.6391491889953613,0.502955973148346,0.6466670632362366,0.4456166625022888,0.662971019744873,0.6460646390914917,0.6520048975944519,0.5449313521385193,0.6467834115028381,0.4818379282951355,0.6422019600868225,0.4211808741092682,0.7039094567298889,0.6627478003501892,0.7254565954208374,0.5882470011711121,0.7415232062339783,0.5497006177902222,0.7483441829681396,0.5136400461196899,0.7418733835220337,0.6958328485488892,0.7498970031738281,0.6226550340652466,0.7526336908340454,0.5751045942306519,0.7516195774078369,0.5284939408302307
1,0.7864487767219543,0.9295969009399414,0.7187338471412659,0.9037210941314697,0.6575943827629089,0.8601616621017456,0.6030759811401367,0.8417216539382935,0.5561522841453552,0.8348150849342346,0.7257958650588989,0.695395827293396,0.736066460609436,0.599536120891571,0.7488454580307007,0.5417670011520386,0.7609182000160217,0.48399001359939575,0.766502857208252,0.6871078014373779,0.7610524892807007,0.5845489501953125,0.7595057487487793,0.5220344662666321,0.7588100433349609,0.4626619517803192,0.8052524328231812,0.7063006162643433,0.833069920539856,0.6264910697937012,0.8576837778091431,0.5808156728744507,0.8740478754043579,0.5397015810012817,0.8392505645751953,0.742982029914856,0.8563326597213745,0.6685987710952759,0.8630481958389282,0.6245673894882202,0.8653892874717712,0.5797973275184631
0,0.8711214065551758,0.9493322372436523,0.8019922971725464,0.9207578897476196,0.7417487502098083,0.8743786811828613,0.6901891827583313,0.8430366516113281,0.6439618468284607,0.8287985324859619,0.8031090497970581,0.7220243215560913,0.775715172290802,0.6249827146530151,0.7603414058685303,0.5654297471046448,0.7484193444252014,0.5127834677696228,0.8454776406288147,0.704041063785553,0.8289805054664612,0.591980516910553,0.8175663948059082,0.5241409540176392,0.8077577352523804,0.46748438477516174,0.887886106967926,0.713444709777832,0.8925763368606567,0.6073129773139954,0.8922474384307861,0.5422878265380859,0.8885387778282166,0.486335426568985,0.9292819499969482,0.7438265085220337,0.9481668472290039,0.6713439226150513,0.9526326060295105,0.6226429343223572,0.9517298936843872,0.5769556164741516
0,0.8663893342018127,0.9500336050987244,0.8003069162368774,0.9213696122169495,0.7426683902740479,0.8741810917854309,0.6939480900764465,0.8407102227210999,0.6495117545127869,0.8263586163520813,0.8020462989807129,0.7251168489456177,0.777776837348938,0.6292076706886292,0.7647028565406799,0.570217490196228,0.7547613978385925,0.5182107090950012,0.8449751734733582,0.7086501121520996,0.8320144414901733,0.597058117389679,0.8220618963241577,0.5295664072036743,0.8127802610397339,0.473066508769989,0.8873590230941772,0.7188602089881897,0.8935900926589966,0.6145079731941223,0.8932455778121948,0.5493961572647095,0.889348566532135,0.4928435683250427,0.928569495677948,0.7493982911109924,0.9486126899719238,0.6776078939437866,0.9544095396995544,0.6294666528701782,0.95464688539505,0.5841912031173706
0,0.8729170560836792,0.8801742792129517,0.8088791370391846,0.8536911010742188,0.7505694627761841,0.8071059584617615,0.7044920921325684,0.7710419297218323,0.6609984636306763,0.7532674074172974,0.8088133335113525,0.6601976752281189,0.7845526337623596,0.5656514167785645,0.7713039517402649,0.5073753595352173,0.7610437870025635,0.4562816619873047,0.85042405128479,0.6448469758033752,0.8365432620048523,0.5368735194206238,0.8277065753936768,0.4722222685813904,0.8196965456008911,0.4174233078956604,0.891421914100647,0.6550465226173401,0.8980119824409485,0.5555079579353333,0.8987125158309937,0.4933701455593109,0.8954868316650391,0.4375532269477844,0.931648313999176,0.6859002113342285,0.9517064094543457,0.6154398918151855,0.957366943359375,0.5684128999710083,0.9571574926376343,0.5229017734527588
0,0.8666387796401978,0.8632028698921204,0.8031511306762695,0.844016432762146,0.7545103430747986,0.7959389686584473,0.7252359986305237,0.7455071210861206,0.6893759965896606,0.7076963186264038,0.7980386018753052,0.6452078223228455,0.7731187343597412,0.5520520806312561,0.7593560814857483,0.4948667585849762,0.7493332028388977,0.4430028796195984,0.8410273790359497,0.6276713609695435,0.8268500566482544,0.5199264287948608,0.8169735670089722,0.45414358377456665,0.8075369596481323,0.39786121249198914,0.8824604153633118,0.6370038390159607,0.8875694274902344,0.535544753074646,0.888498067855835,0.4722881317138672,0.8854222297668457,0.4153628945350647,0.9226541519165039,0.6666029095649719,0.9401543140411377,0.5956640243530273,0.9461857676506042,0.549092173576355,0.9465315341949463,0.5041979551315308
0,0.8602447509765625,0.8710646033287048,0.8039932250976562,0.8391408920288086,0.7733373045921326,0.7758008241653442,0.8147499561309814,0.7284960746765137,0.8627812266349792,0.7141577005386353,0.7868013978004456,0.6489455103874207,0.7548508644104004,0.5608764290809631,0.7367622256278992,0.5037167072296143,0.7235608696937561,0.45368754863739014,0.8305613994598389,0.6299639940261841,0.8117367029190063,0.5230398178100586,0.7983821034431458,0.45606446266174316,0.7862532734870911,0.3997688293457031,0.8724610209465027,0.6406357288360596,0.875543475151062,0.5392122864723206,0.8742967247962952,0.4764683246612549,0.8697814345359802,0.42258673906326294,0.9145706295967102,0.6723557710647583,0.9358835220336914,0.6011872291564941,0.9440751075744629,0.5535576939582825,0.9457685947418213,0.5097411870956421
0,0.862519383430481,0.8353361487388611,0.8223301768302917,0.8100780248641968,0.8090111613273621,0.7478358745574951,0.8545238971710205,0.6912357807159424,0.8957570791244507,0.6493246555328369,0.78861403465271,0.6144973635673523,0.7564817667007446,0.5232733488082886,0.7382681369781494,0.46643924713134766,0.7224383354187012,0.4155259132385254,0.8318343162536621,0.5915451645851135,0.8175209760665894,0.4788748621940613,0.8113004565238953,0.41151946783065796,0.8019524812698364,0.35409024357795715,0.8687732219696045,0.602310299873352,0.8843286037445068,0.5079145431518555,0.8924192190170288,0.4490370750427246,0.8927256464958191,0.3918687403202057,0.9036899209022522,0.6389594078063965,0.9165180325508118,0.579993724822998,0.9140475988388062,0.6059675216674805,0.9061779975891113,0.6393703818321228
0,0.8567255139350891,0.8205209970474243,0.8077849745750427,0.7916202545166016,0.7915147542953491,0.7239924073219299,0.8283283710479736,0.6542131900787354,0.8585901260375977,0.6050461530685425,0.7650750279426575,0.6094564199447632,0.729079008102417,0.5230082273483276,0.7067445516586304,0.46750372648239136,0.6886053085327148,0.41929784417152405,0.8070662021636963,0.5827311873435974,0.7941551804542542,0.477420836687088,0.7887212038040161,0.4138205349445343,0.7820317149162292,0.3564300239086151,0.8453789353370667,0.5885286927223206,0.8442345261573792,0.5002469420433044,0.8547244071960449,0.5427433252334595,0.8595646023750305,0.5824406743049622,0.8835520148277283,0.6131066679954529,0.8886906504631042,0.5461459159851074,0.8879878520965576,0.5615543723106384,0.882644772529602,0.5875296592712402
0,0.8509608507156372,0.8139220476150513,0.8004752993583679,0.7827221751213074,0.7751510739326477,0.7114304900169373,0.7832408547401428,0.6422913670539856,0.7868045568466187,0.5869279503822327,0.7553395628929138,0.6064441800117493,0.7226793766021729,0.521895170211792,0.7038180232048035,0.4668782949447632,0.69038325548172,0.42020559310913086,0.7982616424560547,0.5889710783958435,0.7902269959449768,0.48572051525115967,0.804560661315918,0.5226606130599976,0.8128352761268616,0.5700253844261169,0.8386348485946655,0.5931195616722107,0.8384706974029541,0.502178966999054,0.8467493653297424,0.5427495837211609,0.8492786884307861,0.5918545722961426,0.8770071268081665,0.6159438490867615,0.8824132084846497,0.541877806186676,0.8816713690757751,0.552767276763916,0.8756694197654724,0.5856769680976868
0,0.8280982971191406,0.7991238236427307,0.7704866528511047,0.7678332924842834,0.7290180325508118,0.7049265503883362,0.7242021560668945,0.6279390454292297,0.7461531758308411,0.5729824304580688,0.7313641309738159,0.6116362810134888,0.7196892499923706,0.5378737449645996,0.7306063175201416,0.5897566676139832,0.7370401620864868,0.625932514667511,0.7683438658714294,0.5995710492134094,0.7634738683700562,0.541046142578125,0.772028923034668,0.6109211444854736,0.7707613110542297,0.6376247406005859,0.8065299391746521,0.5961489677429199,0.8028509616851807,0.5318329334259033,0.8060701489448547,0.5958006381988525,0.8045963644981384,0.6265290379524231,0.8449468016624451,0.6012371778488159,0.8417495489120483,0.5374751091003418,0.8382843732833862,0.5744209289550781,0.8342885971069336,0.6026679873466492
0,0.6410349011421204,0.6384377479553223,0.5779131650924683,0.6475053429603577,0.5149288773536682,0.6158854961395264,0.48486003279685974,0.5550702214241028,0.4925627112388611,0.4960174858570099,0.5258598327636719,0.5247534513473511,0.4925616681575775,0.4959571957588196,0.5173263549804688,0.5479127168655396,0.534511923789978,0.5580107569694519,0.5502106547355652,0.49992403388023376,0.5153180360794067,0.4699019193649292,0.5436147451400757,0.5360779166221619,0.5620244741439819,0.5403695106506348,0.5788942575454712,0.4774223864078522,0.5433247089385986,0.441179484128952,0.5661607980728149,0.510087788105011,0.5853009819984436,0.5235055685043335,0.6136687994003296,0.45887869596481323,0.5785567164421082,0.4178728461265564,0.5836123824119568,0.4655943810939789,0.5965805053710938,0.4850364327430725
0,0.615471601486206,0.5872118473052979,0.5548547506332397,0.6114088892936707,0.48672693967819214,0.6003482937812805,0.44725728034973145,0.5486030578613281,0.45022356510162354,0.49056512117385864,0.4884006679058075,0.4991457164287567,0.4525647461414337,0.4764755070209503,0.48383432626724243,0.5244687795639038,0.5019720792770386,0.5315825939178467,0.5104968547821045,0.4699084460735321,0.4737580418586731,0.4492048919200897,0.5100451707839966,0.5075932741165161,0.5274354815483093,0.5039353966712952,0.5353984832763672,0.4414404630661011,0.49737152457237244,0.4172211289405823,0.5282520651817322,0.4779943823814392,0.5474635362625122,0.48010411858558655,0.5664228796958923,0.4145052433013916,0.525533139705658,0.387610524892807,0.5391092300415039,0.4329458475112915,0.5568292737007141,0.44340580701828003
0,0.3904641270637512,0.44277870655059814,0.33807218074798584,0.49963340163230896,0.27591657638549805,0.5208293795585632,0.22715333104133606,0.49111273884773254,0.21036481857299805,0.43425577878952026,0.25223344564437866,0.4336932599544525,0.2159840166568756,0.42470723390579224,0.2512524724006653,0.4490010738372803,0.27753204107284546,0.45536378026008606,0.2626098692417145,0.39545002579689026,0.22122518718242645,0.38447415828704834,0.2699739336967468,0.418121337890625,0.29883280396461487,0.4207073152065277,0.27779772877693176,0.3556053340435028,0.2338440865278244,0.3423382043838501,0.2791045308113098,0.38111960887908936,0.30906617641448975,0.3883630931377411,0.2996000349521637,0.3148564398288727,0.2553698420524597,0.3025403618812561,0.2777070999145508,0.33612921833992004,0.3001134693622589,0.34813952445983887
0,0.3232484757900238,0.3356029689311981,0.264578640460968,0.392192006111145,0.19864754378795624,0.4098719358444214,0.14739727973937988,0.3741651475429535,0.133148193359375,0.31310877203941345,0.1805098056793213,0.3248535096645355,0.14209222793579102,0.3071388006210327,0.17592692375183105,0.3305840790271759,0.20418941974639893,0.34315526485443115,0.19255268573760986,0.2838972508907318,0.15013736486434937,0.2661060094833374,0.19875898957252502,0.3004074692726135,0.23169226944446564,0.31174802780151367,0.21038351953029633,0.24433177709579468,0.164883092045784,0.2246369868516922,0.21083474159240723,0.2647501230239868,0.24621447920799255,0.2813883125782013,0.23562131822109222,0.20572474598884583,0.19093017280101776,0.18447594344615936,0.2111174613237381,0.21762333810329437,0.2346029430627823,0.2378159910440445
0,0.31353694200515747,0.28330564498901367,0.2497863620519638,0.3335886001586914,0.18248486518859863,0.3452550768852234,0.13293994963169098,0.30468320846557617,0.11930647492408752,0.23940607905387878,0.1689637154340744,0.25766727328300476,0.13120180368423462,0.2348472774028778,0.16276590526103973,0.25842729210853577,0.19273914396762848,0.27354055643081665,0.1835927814245224,0.21728679537773132,0.14204266667366028,0.1940947324037552,0.18929384648799896,0.23040716350078583,0.22394485771656036,0.24548335373401642,0.20367880165576935,0.17816656827926636,0.15814828872680664,0.15415923297405243,0.2025512456893921,0.1969161182641983,0.23887541890144348,0.21790212392807007,0.23138894140720367,0.1404334008693695,0.18657734990119934,0.11345003545284271,0.20521320402622223,0.14882013201713562,0.2283683568239212,0.1738966554403305
0,0.38693270087242126,0.2795480489730835,0.321810245513916,0.32171955704689026,0.25327247381210327,0.3221224248409271,0.20599721372127533,0.27522245049476624,0.19237928092479706,0.2156989872455597,0.23696619272232056,0.23843488097190857,0.20385286211967468,0.20871852338314056,0.2368037849664688,0.23665660619735718,0.2640683948993683,0.25546520948410034,0.2549121081829071,0.19843603670597076,0.22108331322669983,0.16862064599990845,0.26585710048675537,0.21147345006465912,0.2935217022895813,0.23036415874958038,0.2785705327987671,0.16188906133174896,0.24014101922512054,0.1282682716846466,0.28007733821868896,0.17599713802337646,0.3095015287399292,0.2003297507762909,0.30948975682258606,0.12829354405403137,0.2704722583293915,0.0919012725353241,0.2860710918903351,0.1273726224899292,0.30382707715034485,0.15269465744495392
0,0.5286887288093567,0.2804241478443146,0.46207088232040405,0.31233277916908264,0.39342206716537476,0.3028799891471863,0.3487246334552765,0.24662905931472778,0.34433692693710327,0.1807209998369217,0.38603511452674866,0.21932999789714813,0.3520042598247528,0.17935314774513245,0.3825170695781708,0.21304699778556824,0.4067912697792053,0.23503677546977997,0.4073622524738312,0.18201959133148193,0.37526968121528625,0.14378347992897034,0.4147644340991974,0.19434814155101776,0.4367789924144745,0.21652396023273468,0.43332844972610474,0.1505296230316162,0.399666965007782,0.11020833998918533,0.4339406192302704,0.16504007577896118,0.45739784836769104,0.19298239052295685,0.4667249023914337,0.12185900658369064,0.43239128589630127,0.08023080229759216,0.44435805082321167,0.11882694065570831,0.4576709568500519,0.1468372344970703
0,0.7079057693481445,0.2834148705005646,0.6431817412376404,0.3056986331939697,0.5737265944480896,0.2785215675830841,0.5341443419456482,0.20996032655239105,0.5405834913253784,0.15067389607429504,0.5675045847892761,0.19483743607997894,0.5445193648338318,0.14435191452503204,0.5746328234672546,0.18887902796268463,0.5908658504486084,0.21744193136692047,0.5941412448883057,0.16282203793525696,0.5721142888069153,0.11538638174533844,0.6068266034126282,0.17647451162338257,0.6160434484481812,0.20205341279506683,0.6237511038780212,0.1372753530740738,0.6018458008766174,0.08724372833967209,0.6326661705970764,0.15047085285186768,0.6434146165847778,0.18043166399002075,0.6589170098304749,0.11700449138879776,0.6381767988204956,0.07273322343826294,0.6538165807723999,0.11605051904916763,0.6610056757926941,0.14102324843406677
0,0.7959226965904236,0.3107188045978546,0.7296972870826721,0.3165467381477356,0.6673083901405334,0.28476884961128235,0.6360263824462891,0.21343904733657837,0.6441172361373901,0.15222413837909698,0.6661254167556763,0.19535017013549805,0.6508992314338684,0.1473226547241211,0.6758511662483215,0.1959570199251175,0.6875645518302917,0.22590212523937225,0.6951262950897217,0.16821470856666565,0.681495189666748,0.12328210473060608,0.708612859249115,0.18715287744998932,0.7105669379234314,0.20995599031448364,0.7269232273101807,0.14901073276996613,0.7155492901802063,0.10023556649684906,0.7367328405380249,0.16354498267173767,0.7396227717399597,0.1902223378419876,0.7637508511543274,0.1376418173313141,0.7515353560447693,0.09139824658632278,0.7601168155670166,0.13384856283664703,0.7609653472900391,0.15795564651489258
0,0.8779579997062683,0.5149847269058228,0.8204785585403442,0.5185278654098511,0.7611074447631836,0.4833569824695587,0.7315925359725952,0.415269136428833,0.7424464821815491,0.35972273349761963,0.7569356560707092,0.39837586879730225,0.743592381477356,0.35423943400382996,0.7672607898712158,0.4056236147880554,0.7735609412193298,0.42505353689193726,0.7854081988334656,0.3741677403450012,0.7754918336868286,0.3334859311580658,0.8013210296630859,0.39940446615219116,0.7983882427215576,0.4113573431968689,0.8169994950294495,0.3565346896648407,0.8091319799423218,0.31348004937171936,0.8292246460914612,0.3766864836215973,0.8276199698448181,0.39092588424682617,0.8533503413200378,0.34409433603286743,0.8429915904998779,0.3058082163333893,0.8519803285598755,0.3503447473049164,0.8512202501296997,0.368437796831131
0,0.882429838180542,0.6649519205093384,0.8207207918167114,0.6645714044570923,0.7641962170600891,0.6365211606025696,0.7328165769577026,0.5740890502929688,0.7457764744758606,0.5183292627334595,0.7593902945518494,0.5504535436630249,0.7442901134490967,0.5084934830665588,0.7671177983283997,0.5584145188331604,0.7754859924316406,0.577675461769104,0.79021155834198,0.5268611907958984,0.7756103277206421,0.4901873767375946,0.8012424111366272,0.5531166195869446,0.8001329302787781,0.5616858601570129,0.8224435448646545,0.5081931352615356,0.8087019324302673,0.47244173288345337,0.827771782875061,0.5313946604728699,0.827389121055603,0.5407459735870361,0.8577077984809875,0.49486202001571655,0.8431428074836731,0.4655418395996094,0.8516824841499329,0.5071756839752197,0.8538454174995422,0.5182932615280151
0,0.8415452241897583,0.8455505967140198,0.7833125591278076,0.8652428388595581,0.7172130942344666,0.842217743396759,0.684120774269104,0.7854923009872437,0.6921870708465576,0.7356172204017639,0.712607204914093,0.7370609641075134,0.6927223205566406,0.7123053669929504,0.7205130457878113,0.764245867729187,0.7305909991264343,0.774619996547699,0.7421153783798218,0.7064000368118286,0.7243291735649109,0.6912698149681091,0.7527546882629395,0.7569575905799866,0.7540241479873657,0.7504377365112305,0.7750324606895447,0.6850610971450806,0.7592225074768066,0.6705551743507385,0.7803984880447388,0.7318972945213318,0.7824195027351379,0.7261077761650085,0.8135220408439636,0.6684723496437073,0.796974241733551,0.6588792204856873,0.8057524561882019,0.7036489248275757,0.8075604438781738,0.705005407333374
0,0.8271539807319641,0.9514423608779907,0.7606656551361084,0.9738988280296326,0.6936373114585876,0.9590680003166199,0.6525431871414185,0.9231856465339661,0.6599615216255188,0.8738945722579956,0.6830894947052002,0.8098148107528687,0.661459743976593,0.8436704277992249,0.6954779028892517,0.8915753364562988,0.7083147764205933,0.8900216817855835,0.7110465168952942,0.7760108113288879,0.6944795846939087,0.8275604248046875,0.7285417914390564,0.885042667388916,0.736086368560791,0.8691771030426025,0.7470544576644897,0.762495756149292,0.73277747631073,0.8097232580184937,0.756205677986145,0.8629014492034912,0.7636443972587585,0.8458788394927979,0.7859906554222107,0.7611941695213318,0.7708571553230286,0.7980068922042847,0.7804448008537292,0.8374953269958496,0.7865926027297974,0.8271750211715698
0,0.6761370301246643,0.9654501676559448,0.6005237698554993,0.9820614457130432,0.532692551612854,0.9737237095832825,0.486715167760849,0.957097053527832,0.47894495725631714,0.9088485240936279,0.5239294767379761,0.8427606821060181,0.4880146086215973,0.8814040422439575,0.5271793603897095,0.9238063097000122,0.5419103503227234,0.915824830532074,0.5455919504165649,0.8160892128944397,0.5041727423667908,0.8621765375137329,0.5487024784088135,0.9151245951652527,0.5647133588790894,0.8950642943382263,0.5758441090583801,0.7961258292198181,0.5336317420005798,0.8330888152122498,0.5687707662582397,0.8906911015510559,0.584922194480896,0.8748323321342468,0.6100567579269409,0.787548303604126,0.5744030475616455,0.8149336576461792,0.5890815854072571,0.8576952815055847,0.6035865545272827,0.8461430668830872
0,0.466974675655365,0.965470552444458,0.3941841721534729,0.9861459136009216,0.3270401954650879,0.9869346618652344,0.2800750732421875,0.9680509567260742,0.25829240679740906,0.9135226011276245,0.321444571018219,0.8726155161857605,0.2758723795413971,0.8876118659973145,0.3104196786880493,0.9278744459152222,0.3336094617843628,0.9230738282203674,0.3387207090854645,0.8458667397499084,0.28361067175865173,0.867496907711029,0.32879719138145447,0.9214019775390625,0.3571421205997467,0.9064436554908752,0.3590511679649353,0.8167880177497864,0.3035988211631775,0.8351984024047852,0.34523728489875793,0.886925220489502,0.3721465468406677,0.8717013597488403,0.3860127627849579,0.787533700466156,0.3325989842414856,0.7971793413162231,0.354493647813797,0.840718686580658,0.3787343204021454,0.8377348184585571
0,0.3295031189918518,0.9297841787338257,0.2619452178478241,0.9634246826171875,0.20191317796707153,0.9605687260627747,0.1593124121427536,0.925346851348877,0.13954246044158936,0.8708437085151672,0.20188163220882416,0.858910322189331,0.15831223130226135,0.8504065871238708,0.1870644986629486,0.8919862508773804,0.21480126678943634,0.8996220827102661,0.21737468242645264,0.8327730298042297,0.16515934467315674,0.8229656219482422,0.20462444424629211,0.8756363987922668,0.23670178651809692,0.8736817240715027,0.23726153373718262,0.7992627024650574,0.18035000562667847,0.7902752757072449,0.2196606695652008,0.8457930684089661,0.2528578042984009,0.8446257710456848,0.26597437262535095,0.7605253458023071,0.21108362078666687,0.7535199522972107,0.22990083694458008,0.7984355092048645,0.25768107175827026,0.8045476078987122
0,0.22792404890060425,0.9264185428619385,0.14656737446784973,0.9579461216926575,0.08439834415912628,0.9518441557884216,0.04112803190946579,0.9116402864456177,0.01635175198316574,0.8551926016807556,0.09294410049915314,0.8387045860290527,0.04475605487823486,0.8341293334960938,0.07336069643497467,0.8780498504638672,0.10172858834266663,0.8846353888511658,0.10971177369356155,0.8136904835700989,0.048202745616436005,0.8044760823249817,0.09035187214612961,0.863613486289978,0.1269046813249588,0.8618386387825012,0.1302167773246765,0.7797477841377258,0.06293675303459167,0.7716125845909119,0.10593031346797943,0.8326924443244934,0.14301609992980957,0.8291488885879517,0.16082726418972015,0.7394751310348511,0.09948532283306122,0.7366190552711487,0.12042935192584991,0.7854422926902771,0.15277333557605743,0.7872193455696106
0,0.19820451736450195,0.7406095266342163,0.1157645657658577,0.7576460242271423,0.06013503670692444,0.7341228127479553,0.02583887428045273,0.682066798210144,0.010544776916503906,0.6231973171234131,0.08213275671005249,0.6353157162666321,0.038568511605262756,0.6143186092376709,0.058587849140167236,0.6615425944328308,0.085554338991642,0.6783671975135803,0.10071473568677902,0.6124983429908752,0.04621418938040733,0.5820940136909485,0.07883769273757935,0.6492931842803955,0.1143757626414299,0.659410297870636,0.12487901002168655,0.5817278623580933,0.06586006283760071,0.5544418692588806,0.09876007586717606,0.6243447661399841,0.13559123873710632,0.6327183842658997,0.1593441665172577,0.5468543171882629,0.103435218334198,0.5255836844444275,0.11671339720487595,0.5785956382751465,0.14797785878181458,0.5900968909263611
0,0.20201964676380157,0.6688816547393799,0.1158878430724144,0.6767688393592834,0.059006985276937485,0.6492322087287903,0.025662481784820557,0.5950073599815369,0.012599676847457886,0.5333033800125122,0.08470068871974945,0.5487140417098999,0.039602965116500854,0.5232911109924316,0.0603143610060215,0.5767391324043274,0.08720213919878006,0.5968844294548035,0.10631115734577179,0.5280859470367432,0.051668018102645874,0.49493497610092163,0.08385099470615387,0.5662821531295776,0.11984659731388092,0.580453097820282,0.13395625352859497,0.5002360939979553,0.07403634488582611,0.4693600833415985,0.10640747100114822,0.5421319603919983,0.1447342038154602,0.5555202960968018,0.17166614532470703,0.47093912959098816,0.11464542150497437,0.4419984817504883,0.1256769895553589,0.4949139654636383,0.15637323260307312,0.5113006234169006
0,0.32109689712524414,0.7151327729225159,0.37174752354621887,0.6130636930465698,0.3954124450683594,0.5133533477783203,0.40725263953208923,0.4108527600765228,0.41899174451828003,0.32584261894226074,0.26137688755989075,0.4514663517475128,0.2428959608078003,0.31395068764686584,0.2348884642124176,0.2428748905658722,0.2267802506685257,0.18700522184371948,0.2141796350479126,0.4869447648525238,0.19752508401870728,0.35142579674720764,0.19169831275939941,0.27883192896842957,0.18833762407302856,0.22824501991271973,0.18632888793945312,0.5321469306945801,0.16460680961608887,0.42269593477249146,0.1567983478307724,0.3579029142856598,0.15295648574829102,0.31090372800827026,0.17445892095565796,0.5759071707725525,0.152034729719162,0.4957231283187866,0.14934296905994415,0.4533502459526062,0.15115457773208618,0.4219824969768524
0,0.5170133709907532,0.5918108820915222,0.581663191318512,0.5033487677574158,0.6157602667808533,0.4122444987297058,0.6302527189254761,0.3231104910373688,0.6472415328025818,0.2506723999977112,0.4865274429321289,0.3152003586292267,0.4688245356082916,0.1877698451280594,0.45828691124916077,0.11864188313484192,0.44965049624443054,0.06341201066970825,0.43229585886001587,0.34060022234916687,0.4063108563423157,0.21655403077602386,0.3915439248085022,0.14723391830921173,0.3803786039352417,0.09984368085861206,0.3937605023384094,0.3844148516654968,0.3598431944847107,0.2791399359703064,0.3437456488609314,0.22162121534347534,0.3327704668045044,0.1803809255361557,0.36836326122283936,0.43681228160858154,0.3358050584793091,0.3659467399120331,0.3221871554851532,0.3240712881088257,0.31380391120910645,0.29064226150512695
0,0.7640812397003174,0.5980134010314941,0.8283002376556396,0.516586422920227,0.8616316318511963,0.4343271553516388,0.8734279870986938,0.3530747890472412,0.8898941278457642,0.2907388508319855,0.747500479221344,0.3167109489440918,0.7359822988510132,0.19066426157951355,0.7253633737564087,0.1165103167295456,0.7144016027450562,0.057929545640945435,0.6921138763427734,0.3320918679237366,0.6597570776939392,0.20831593871116638,0.6362335681915283,0.13527826964855194,0.6150222420692444,0.08379051089286804,0.6479044556617737,0.3753599524497986,0.594039261341095,0.27466338872909546,0.5624115467071533,0.21497292816638947,0.538219690322876,0.17240898311138153,0.6154603958129883,0.43232405185699463,0.5597661733627319,0.37310591340065,0.5266417860984802,0.33297663927078247,0.5008412599563599,0.29996955394744873
0,0.8597301244735718,0.6813933849334717,0.9284302592277527,0.605666995048523,0.9763430953025818,0.5403532981872559,0.9964227676391602,0.45952287316322327,1.00334632396698,0.3897761404514313,0.9316596984863281,0.41816246509552,0.8806357979774475,0.3010852336883545,0.8372843861579895,0.2735484540462494,0.8069356083869934,0.27818650007247925,0.8758288621902466,0.41601482033729553,0.8615496158599854,0.2525528073310852,0.8280050754547119,0.19814203679561615,0.8018909692764282,0.18337665498256683,0.8174824118614197,0.4421103000640869,0.7747374176979065,0.29692262411117554,0.7387176752090454,0.2266293168067932,0.7170829772949219,0.1844601035118103,0.7640373706817627,0.4878687858581543,0.701776385307312,0.38926273584365845,0.6629584431648254,0.3408981263637543,0.6354358196258545,0.3005202114582062
0,0.8029288053512573,0.7013394832611084,0.7218399047851562,0.6558456420898438,0.6572148203849792,0.5773955583572388,0.6171869039535522,0.507082462310791,0.5973489284515381,0.4459066390991211,0.7492842078208923,0.43687281012535095,0.7299693822860718,0.3382885456085205,0.7208424210548401,0.28098630905151367,0.7156131267547607,0.2324560135602951,0.8065050840377808,0.42659175395965576,0.808836817741394,0.31577447056770325,0.8110606074333191,0.24884085357189178,0.8134622573852539,0.19602149724960327,0.8574778437614441,0.4416927397251129,0.8843942284584045,0.34301498532295227,0.9062302112579346,0.2790977954864502,0.9242846965789795,0.223442941904068,0.9003040194511414,0.4783565104007721,0.9470005631446838,0.41199031472206116,0.9810539484024048,0.37130457162857056,1.0100969076156616,0.33438825607299805
0,0.8069851994514465,0.7655724287033081,0.7316775321960449,0.7339311242103577,0.6734054684638977,0.6592018008232117,0.6620233654975891,0.5834646821022034,0.7016346454620361,0.5831556916236877,0.7480648159980774,0.5085604190826416,0.7282624840736389,0.42427152395248413,0.7137378454208374,0.37205708026885986,0.7021494507789612,0.3299671411514282,0.8021177649497986,0.4914011061191559,0.8020234107971191,0.37614238262176514,0.799828290939331,0.3046150505542755,0.7963225841522217,0.2446841299533844,0.8507518172264099,0.5062076449394226,0.877627968788147,0.39865460991859436,0.8931286931037903,0.32496416568756104,0.903755784034729,0.2576737403869629,0.8927385807037354,0.548092782497406,0.9394522905349731,0.47994133830070496,0.9710941314697266,0.43402206897735596,0.9966030120849609,0.38728082180023193
0,0.7170583605766296,0.912550687789917,0.6407560706138611,0.9143632054328918,0.5631131529808044,0.8989461660385132,0.49898001551628113,0.899941623210907,0.4465681314468384,0.9107747077941895,0.5806481838226318,0.7072072625160217,0.5243518352508545,0.6270244121551514,0.4883093237876892,0.5793477296829224,0.4563509225845337,0.5392459034919739,0.6250671148300171,0.6694533228874207,0.5902463793754578,0.556347131729126,0.5666104555130005,0.48643356561660767,0.5468159914016724,0.4277004301548004,0.6742941737174988,0.6663170456886292,0.6682966947555542,0.552745521068573,0.6618202328681946,0.4795994162559509,0.6531412601470947,0.4116959273815155,0.7237164974212646,0.6911701560020447,0.7510758638381958,0.6183599829673767,0.7680355906486511,0.5665655136108398,0.7807248830795288,0.5137477517127991
0,0.837673544883728,0.9506196975708008,0.7729133367538452,0.9320251941680908,0.7097078561782837,0.904878556728363,0.6637415289878845,0.8862713575363159,0.6250126361846924,0.8713139891624451,0.760413408279419,0.7172887325286865,0.7266342639923096,0.6191984415054321,0.7080339789390564,0.5571297407150269,0.6949176788330078,0.5042016506195068,0.8100842237472534,0.6959920525550842,0.7960562109947205,0.5765054821968079,0.7900614142417908,0.5005940198898315,0.7888616323471069,0.4424443542957306,0.8585588932037354,0.7076387405395508,0.8749697208404541,0.5965242385864258,0.8874438405036926,0.5254203081130981,0.8998918533325195,0.4670252799987793,0.9046679735183716,0.7472889423370361,0.9579598903656006,0.6843836903572083,0.9935322999954224,0.6450543999671936,1.0243679285049438,0.6118905544281006
1,0.7388018369674683,0.7089506387710571,0.6665118932723999,0.7200212478637695,0.5915619134902954,0.6960608959197998,0.5275712013244629,0.6951673030853271,0.47816431522369385,0.6995343565940857,0.6120230555534363,0.5107629299163818,0.5960898995399475,0.4207850694656372,0.5903280377388,0.3614594042301178,0.5849717855453491,0.3076656460762024,0.646512508392334,0.4847762882709503,0.6130923628807068,0.39643174409866333,0.592352569103241,0.34219229221343994,0.5722737908363342,0.2965834438800812,0.6875333786010742,0.48104116320610046,0.6819677352905273,0.40066519379615784,0.6840352416038513,0.3504081964492798,0.6803677678108215,0.3093828558921814,0.726426362991333,0.4928930401802063,0.7105088829994202,0.41864824295043945,0.6974782943725586,0.373335599899292,0.682813286781311,0.32930928468704224
1,0.7361434698104858,0.7147511839866638,0.662992537021637,0.7286841869354248,0.5880366563796997,0.709368109703064,0.5261005759239197,0.7116283774375916,0.47854140400886536,0.7192684412002563,0.6062696576118469,0.52198326587677,0.5897724032402039,0.4295930862426758,0.5838350653648376,0.36964353919029236,0.5780393481254578,0.31486207246780396,0.6416011452674866,0.4929673373699188,0.6081497669219971,0.40273308753967285,0.587372362613678,0.34694424271583557,0.5673365592956543,0.30099499225616455,0.6827394962310791,0.4875830411911011,0.6780763864517212,0.406862735748291,0.6797297596931458,0.3545137345790863,0.6752034425735474,0.3126460313796997,0.7218915224075317,0.49923527240753174,0.7069539427757263,0.42774471640586853,0.6938011050224304,0.3861827254295349,0.6781442165374756,0.34765636920928955
1,0.7087238430976868,0.7187408208847046,0.6539860367774963,0.7827913761138916,0.5903183221817017,0.8291732668876648,0.5484606027603149,0.8832788467407227,0.514637291431427,0.9284560680389404,0.518704891204834,0.6715666651725769,0.4592694342136383,0.6203922629356384,0.4249075949192047,0.5870881080627441,0.39318037033081055,0.5586399435997009,0.5292648077011108,0.6297394633293152,0.4625149965286255,0.5903956294059753,0.4206896424293518,0.5735209584236145,0.3850204348564148,0.5638651251792908,0.5516700744628906,0.5948765873908997,0.4931297302246094,0.5375506281852722,0.45629799365997314,0.5135420560836792,0.42462292313575745,0.5026240944862366,0.5821889638900757,0.5697709918022156,0.5331955552101135,0.5370360612869263,0.498954176902771,0.5258477926254272,0.46676790714263916,0.5225255489349365
1,0.5838154554367065,0.6154313683509827,0.5683875679969788,0.7054870128631592,0.5308565497398376,0.7903246879577637,0.5049008727073669,0.8602821826934814,0.47776126861572266,0.9198386669158936,0.40420079231262207,0.7058558464050293,0.32598668336868286,0.7005959153175354,0.2808275818824768,0.6955618858337402,0.2385641187429428,0.6991495490074158,0.3985627591609955,0.6499533653259277,0.33082589507102966,0.6353418827056885,0.2963342070579529,0.6385267972946167,0.26456278562545776,0.6535627245903015,0.40581732988357544,0.6027758121490479,0.3357890546321869,0.5851293802261353,0.2835131883621216,0.5832552313804626,0.2387259602546692,0.5917794108390808,0.42024195194244385,0.5640472769737244,0.3561331629753113,0.5726613998413086,0.31410521268844604,0.5860631465911865,0.2762763500213623,0.6028580665588379
1,0.5554509162902832,0.5887365341186523,0.5062170028686523,0.6561744213104248,0.4317452907562256,0.7039219737052917,0.38000553846359253,0.7447912693023682,0.34004974365234375,0.7886188626289368,0.35795629024505615,0.5564819574356079,0.28768816590309143,0.505966305732727,0.24960920214653015,0.46854168176651,0.20958109200000763,0.4392094910144806,0.3757020831108093,0.5015262365341187,0.3403536081314087,0.4454282522201538,0.3568325340747833,0.43828946352005005,0.3673255741596222,0.4470090866088867,0.4004456400871277,0.4596019983291626,0.34641435742378235,0.40187597274780273,0.30510032176971436,0.36303916573524475,0.2681368291378021,0.3402581810951233,0.42883893847465515,0.42950955033302307,0.37266936898231506,0.4008553624153137,0.33475831151008606,0.38635993003845215,0.29649680852890015,0.37578505277633667
1,0.5748690962791443,0.5221607685089111,0.5119988918304443,0.5181863307952881,0.44725966453552246,0.47103914618492126,0.38700735569000244,0.43255501985549927,0.33434396982192993,0.4135269522666931,0.471727192401886,0.31116706132888794,0.45753058791160583,0.21043913066387177,0.45399269461631775,0.14542131125926971,0.4523318409919739,0.08227738738059998,0.5072708129882812,0.29049551486968994,0.4769509434700012,0.1940285563468933,0.4586839973926544,0.12986934185028076,0.44246217608451843,0.0709531307220459,0.5477496385574341,0.29367804527282715,0.5577303767204285,0.20702190697193146,0.5702321529388428,0.1609574407339096,0.5750665664672852,0.12322072684764862,0.5877465009689331,0.3107067048549652,0.5870357155799866,0.22835122048854828,0.5874044299125671,0.1788244992494583,0.5851327776908875,0.13158808648586273
1,0.46142250299453735,0.4517879784107208,0.3922871947288513,0.48522478342056274,0.31193381547927856,0.4742780029773712,0.25411105155944824,0.46915358304977417,0.20798662304878235,0.4714113473892212,0.3031541705131531,0.3001086413860321,0.262947142124176,0.21485599875450134,0.24370594322681427,0.1600799858570099,0.22183771431446075,0.11088012158870697,0.3327331840991974,0.26219987869262695,0.2954528331756592,0.1970369517803192,0.26831600069999695,0.17108400166034698,0.24008610844612122,0.15273019671440125,0.36792659759521484,0.2417871356010437,0.33908551931381226,0.15841016173362732,0.31145238876342773,0.10216520726680756,0.28420186042785645,0.05962169170379639,0.4038549065589905,0.23628520965576172,0.36502814292907715,0.17395348846912384,0.3350730836391449,0.14015373587608337,0.3055458962917328,0.11108933389186859
1,0.5221027135848999,0.4628470242023468,0.499559223651886,0.5523940324783325,0.45025634765625,0.6320506930351257,0.4157954454421997,0.6921557784080505,0.3860682249069214,0.7411292195320129,0.33627212047576904,0.532309353351593,0.2638452351093292,0.5189998149871826,0.22150717675685883,0.5078225135803223,0.1835911124944687,0.5025283098220825,0.3304547369480133,0.4810037314891815,0.25723209977149963,0.46794649958610535,0.218431755900383,0.4695219397544861,0.18888989090919495,0.47972533106803894,0.33634528517723083,0.43613332509994507,0.262117862701416,0.4156329035758972,0.21397288143634796,0.4178045690059662,0.17519791424274445,0.4295284152030945,0.35159066319465637,0.39693865180015564,0.28883790969848633,0.40287163853645325,0.2503565847873688,0.41261613368988037,0.2178165316581726,0.427405446767807
1,0.8831115961074829,0.7972365021705627,0.8122873306274414,0.8022176027297974,0.7419068813323975,0.7811431884765625,0.6795295476913452,0.7892279624938965,0.6320562362670898,0.7970331311225891,0.7579291462898254,0.5936893820762634,0.7392202615737915,0.5008050203323364,0.7323280572891235,0.4408688545227051,0.7267261743545532,0.384542852640152,0.7916972041130066,0.569339394569397,0.7539728879928589,0.48208707571029663,0.7352892160415649,0.4276858866214752,0.7180485129356384,0.3798466622829437,0.8333024382591248,0.5688900947570801,0.8346447944641113,0.48842090368270874,0.8461475372314453,0.44516026973724365,0.8494376540184021,0.4104512333869934,0.8741936683654785,0.5839876532554626,0.8657071590423584,0.5058767199516296,0.8602081537246704,0.4593072831630707,0.8526250123977661,0.41434091329574585
0,0.7283392548561096,0.7596521377563477,0.6699532866477966,0.7333015203475952,0.6150928139686584,0.6875287890434265,0.5664708614349365,0.65982985496521,0.5229048728942871,0.647561252117157,0.669486403465271,0.556850254535675,0.6368419528007507,0.47508060932159424,0.6162872910499573,0.42652374505996704,0.5982106328010559,0.3857356905937195,0.7106655240058899,0.5419703125953674,0.6929593086242676,0.44485339522361755,0.6822925209999084,0.38475799560546875,0.6728202700614929,0.3327074646949768,0.7511734366416931,0.5532844066619873,0.7634297609329224,0.46562907099723816,0.7719259858131409,0.40972939133644104,0.776691198348999,0.359192430973053,0.7879735231399536,0.585763156414032,0.8190521001815796,0.5319736003875732,0.8408466577529907,0.4941343069076538,0.8584252595901489,0.45661577582359314
0,0.7253031730651855,0.7515765428543091,0.6674791574478149,0.7200372815132141,0.6143607497215271,0.6695001721382141,0.5673620700836182,0.6366358995437622,0.5253323316574097,0.6212804317474365,0.6719310283660889,0.538385808467865,0.6424347758293152,0.4527488946914673,0.6235830187797546,0.4022839069366455,0.606967031955719,0.3611297607421875,0.7138799428939819,0.524852991104126,0.7007558345794678,0.4263692796230316,0.6923184990882874,0.366623193025589,0.6848223209381104,0.31545382738113403,0.7541943788528442,0.5375568270683289,0.769939124584198,0.4509762227535248,0.7802568674087524,0.39597558975219727,0.7868132591247559,0.3466264009475708,0.7898159027099609,0.571617841720581,0.8222669363021851,0.519877016544342,0.8443960547447205,0.48374390602111816,0.8625803589820862,0.4476396441459656
0,0.7150306701660156,0.7519358992576599,0.6573644876480103,0.7204998731613159,0.6045809984207153,0.6731328368186951,0.5572128295898438,0.6416462659835815,0.5144439339637756,0.6251245737075806,0.661594569683075,0.542393684387207,0.6326523423194885,0.4569387137889862,0.614751398563385,0.4055362939834595,0.599663257598877,0.36193928122520447,0.7034531235694885,0.5300121307373047,0.6895055770874023,0.43109655380249023,0.6814812421798706,0.36951208114624023,0.6745623350143433,0.31660836935043335,0.7443809509277344,0.5439190864562988,0.7602603435516357,0.4564483165740967,0.7711572647094727,0.39997249841690063,0.7776404619216919,0.349320650100708,0.7811650633811951,0.5788276791572571,0.8141762018203735,0.5250124335289001,0.8363283276557922,0.4865928292274475,0.8543000221252441,0.4481202960014343
0,0.7194067239761353,0.7573984861373901,0.6608443260192871,0.7236318588256836,0.6080660820007324,0.6738079190254211,0.5612304210662842,0.6410604119300842,0.5188908576965332,0.6245394945144653,0.6645908951759338,0.5448776483535767,0.6358349919319153,0.45815885066986084,0.6179024577140808,0.40669935941696167,0.6024618744850159,0.3632807433605194,0.7074565887451172,0.5329875946044922,0.6958391666412354,0.4337780177593231,0.6886842846870422,0.3720373511314392,0.6823699474334717,0.3185391426086426,0.7482236623764038,0.5467199683189392,0.7648328542709351,0.4578440487384796,0.7761497497558594,0.4014180600643158,0.7830556035041809,0.3505639433860779,0.7841485142707825,0.5808066725730896,0.817047655582428,0.5264580249786377,0.8392959833145142,0.488476425409317,0.85745769739151,0.4505763351917267
0,0.7219343185424805,0.7547188997268677,0.6632980704307556,0.7225540280342102,0.6106873154640198,0.6727308034896851,0.5644636750221252,0.6389833688735962,0.5224120020866394,0.6213129758834839,0.6662877202033997,0.5447372794151306,0.6384440064430237,0.45752525329589844,0.6216992139816284,0.4057234823703766,0.6077226400375366,0.36186483502388,0.7090043425559998,0.5324260592460632,0.6977823972702026,0.4325239956378937,0.6907079815864563,0.37107396125793457,0.6849016547203064,0.31813064217567444,0.7497758865356445,0.5455081462860107,0.7645097970962524,0.4548802375793457,0.77544766664505,0.39901262521743774,0.7825495600700378,0.34948277473449707,0.7859897017478943,0.5787436366081238,0.816945493221283,0.5236068367958069,0.8383567929267883,0.4857774078845978,0.8561131954193115,0.4487062096595764
0,0.7361683249473572,0.7463556528091431,0.7847092151641846,0.6903767585754395,0.8159056901931763,0.6342660188674927,0.8389212489128113,0.5764973759651184,0.8639769554138184,0.5351738333702087,0.7466041445732117,0.5521607995033264,0.758302628993988,0.453655481338501,0.7646325826644897,0.3925511837005615,0.7705145478248596,0.34488171339035034,0.7041006684303284,0.5582759976387024,0.6909200549125671,0.4516122341156006,0.680742621421814,0.38364067673683167,0.6718773245811462,0.3313390612602234,0.6686840057373047,0.5834080576896667,0.6374663710594177,0.49893680214881897,0.6166101694107056,0.43992531299591064,0.6023794412612915,0.39265042543411255,0.6424309015274048,0.6195299029350281,0.5986458659172058,0.5772880911827087,0.5700024366378784,0.5480606555938721,0.5466044545173645,0.5181543231010437
0,0.7340724468231201,0.7557556629180908,0.7835195660591125,0.6999366879463196,0.8174856305122375,0.6438168287277222,0.8426734209060669,0.5865979194641113,0.868401050567627,0.5452221632003784,0.7448088526725769,0.5582772493362427,0.761235237121582,0.458438903093338,0.7710100412368774,0.39757412672042847,0.7800427079200745,0.3485461473464966,0.7017503976821899,0.5618060827255249,0.6930403113365173,0.4516299366950989,0.6867597699165344,0.3817219138145447,0.6816127300262451,0.3267928659915924,0.666163444519043,0.5856795310974121,0.6340909600257874,0.4998686611652374,0.6127945780754089,0.44144338369369507,0.5991741418838501,0.3945481777191162,0.6403234004974365,0.6214694380760193,0.5951293110847473,0.5798923969268799,0.5656954646110535,0.5523976683616638,0.5418311357498169,0.5235077142715454
0,0.7344189286231995,0.7575701475143433,0.7861678004264832,0.702125072479248,0.8206171989440918,0.6466616988182068,0.8443845510482788,0.5906349420547485,0.8693816661834717,0.550409197807312,0.747096061706543,0.5625366568565369,0.7618171572685242,0.4634134769439697,0.7709049582481384,0.4037315249443054,0.7800264954566956,0.35576891899108887,0.7036444544792175,0.5655589699745178,0.6927144527435303,0.45759594440460205,0.6855833530426025,0.38845598697662354,0.6801427602767944,0.3339175581932068,0.6679906845092773,0.5888482928276062,0.63526850938797,0.5058246850967407,0.6132369637489319,0.4487970471382141,0.5985314249992371,0.40275490283966064,0.6422914266586304,0.6239782571792603,0.5970065593719482,0.5865389108657837,0.5673643350601196,0.5610793828964233,0.542770504951477,0.534068763256073
0,0.7407748699188232,0.7576659917831421,0.7905430793762207,0.7010203003883362,0.8238875269889832,0.6465848684310913,0.8476037979125977,0.5899350643157959,0.8733535408973694,0.5489904284477234,0.7513422966003418,0.5608527660369873,0.7648678421974182,0.46145933866500854,0.7733262777328491,0.40104079246520996,0.7815542817115784,0.3534213900566101,0.7074219584465027,0.5649203658103943,0.6979220509529114,0.45642900466918945,0.6911752820014954,0.38774222135543823,0.6858487725257874,0.3346331715583801,0.6710271835327148,0.589034914970398,0.6381797194480896,0.5036972761154175,0.6167446970939636,0.44630399346351624,0.6031696796417236,0.40122294425964355,0.6449555158615112,0.6245855689048767,0.600049614906311,0.5851303339004517,0.5701404213905334,0.5597994327545166,0.5465809106826782,0.5341425538063049
0,0.7016228437423706,0.7567094564437866,0.6397026777267456,0.7254817485809326,0.5889292359352112,0.6751643419265747,0.550265371799469,0.63114994764328,0.5148763060569763,0.6012159585952759,0.6438616514205933,0.5491299629211426,0.6140984296798706,0.46820732951164246,0.5945522785186768,0.42031359672546387,0.5795351266860962,0.38048747181892395,0.6851887702941895,0.536129355430603,0.6675859093666077,0.4397340714931488,0.6576693654060364,0.3814264237880707,0.6502065062522888,0.3319048285484314,0.7270546555519104,0.5471994280815125,0.7382299304008484,0.4602205753326416,0.7475550174713135,0.40356409549713135,0.7540253400802612,0.35263675451278687,0.7667227983474731,0.5781968832015991,0.7966693639755249,0.5212525129318237,0.8165715932846069,0.48307645320892334,0.832431972026825,0.4454830288887024
0,0.7046404480934143,0.7539545297622681,0.6442462801933289,0.7176613807678223,0.5939143300056458,0.6639153361320496,0.5538582801818848,0.619510293006897,0.5167003273963928,0.5907462239265442,0.6518234610557556,0.5396997928619385,0.6229638457298279,0.4578422009944916,0.6042405962944031,0.40870165824890137,0.5893940925598145,0.3667369484901428,0.6933640837669373,0.5275890827178955,0.6755095720291138,0.4316553473472595,0.6659232974052429,0.37332451343536377,0.6579983830451965,0.32291242480278015,0.7351112365722656,0.5402334928512573,0.7483648061752319,0.45488256216049194,0.759286642074585,0.40076979994773865,0.7663419246673584,0.35259974002838135,0.7731225490570068,0.5735585689544678,0.8032845258712769,0.5183185935020447,0.823054313659668,0.48107725381851196,0.8390601277351379,0.44442105293273926
0,0.7080909013748169,0.7511357069015503,0.6479154229164124,0.7143062353134155,0.5991427898406982,0.6593042612075806,0.5609019994735718,0.614374577999115,0.5237534046173096,0.5862770676612854,0.6578276753425598,0.5377376079559326,0.6318470239639282,0.45354849100112915,0.6148390173912048,0.4030166566371918,0.601233184337616,0.35967934131622314,0.7005296349525452,0.5269805192947388,0.6863081455230713,0.43050867319107056,0.6782360076904297,0.3710038661956787,0.6713705062866211,0.31930166482925415,0.7423238754272461,0.5404602885246277,0.7587862014770508,0.4549195170402527,0.7714223265647888,0.3998817801475525,0.7798728346824646,0.35038548707962036,0.7798551321029663,0.574225127696991,0.8130404353141785,0.5196715593338013,0.8350370526313782,0.48257702589035034,0.8529626727104187,0.44576504826545715
0,0.708979606628418,0.7556705474853516,0.6504181623458862,0.718273401260376,0.6016544103622437,0.661952793598175,0.5636535286903381,0.6155420541763306,0.5268938541412354,0.5864515900611877,0.6612867712974548,0.5416983366012573,0.6360793709754944,0.45693516731262207,0.6198524832725525,0.405539333820343,0.6071561574935913,0.3612608015537262,0.7043206691741943,0.5312714576721191,0.693145215511322,0.4343010187149048,0.6862840056419373,0.37420251965522766,0.6801771521568298,0.3209960460662842,0.7455670833587646,0.5455571413040161,0.7640504240989685,0.4610118269920349,0.7771769165992737,0.40570592880249023,0.7859057188034058,0.3554795980453491,0.7822839021682739,0.580376923084259,0.8164974451065063,0.5272319912910461,0.8392320871353149,0.49025651812553406,0.85784912109375,0.45326003432273865
0,0.3116966784000397,0.6999924778938293,0.3916879892349243,0.6830636262893677,0.4682062268257141,0.643990159034729,0.5309289693832397,0.6365503072738647,0.5880790948867798,0.6541265845298767,0.4258105158805847,0.46139031648635864,0.4763260781764984,0.37272924184799194,0.5091631412506104,0.319813072681427,0.5352756381034851,0.2721860408782959,0.37085166573524475,0.4308481216430664,0.3827800750732422,0.3086075186729431,0.391872376203537,0.23292289674282074,0.39490264654159546,0.17016151547431946,0.3188120126724243,0.43491584062576294,0.3012048006057739,0.3230801522731781,0.2940686047077179,0.24936909973621368,0.2906736731529236,0.1811806559562683,0.27246367931365967,0.4659866392612457,0.236565962433815,0.38709357380867004,0.21276438236236572,0.3383849859237671,0.19391871988773346,0.29049012064933777
0,0.352493554353714,0.6681503057479858,0.4271484613418579,0.6520082950592041,0.5005541443824768,0.6222212314605713,0.5634254813194275,0.6203387975692749,0.6179014444351196,0.6353065371513367,0.45630210638046265,0.43915024399757385,0.5061452388763428,0.3572445511817932,0.5393111705780029,0.3066596984863281,0.5667582154273987,0.2638661861419678,0.40417084097862244,0.40976738929748535,0.41675257682800293,0.28975528478622437,0.4254752993583679,0.21586330235004425,0.4298546016216278,0.15662845969200134,0.35542041063308716,0.41498997807502747,0.34599900245666504,0.30556970834732056,0.3415739834308624,0.23601894080638885,0.340472936630249,0.17250055074691772,0.31083133816719055,0.44715753197669983,0.2788127362728119,0.3734126687049866,0.25931984186172485,0.3244662880897522,0.24537143111228943,0.275709867477417
0,0.37770065665245056,0.6358708143234253,0.43438151478767395,0.6366804838180542,0.4901522099971771,0.6223408579826355,0.5349868535995483,0.6270939111709595,0.5704999566078186,0.6491265296936035,0.475406289100647,0.4883548319339752,0.5205435156822205,0.4342781603336334,0.5489781498908997,0.4003761410713196,0.572686493396759,0.36952316761016846,0.44038063287734985,0.4593964219093323,0.45846524834632874,0.3740336000919342,0.4720603823661804,0.3213570713996887,0.480602890253067,0.27848488092422485,0.405157208442688,0.45672672986984253,0.4003787636756897,0.3750920295715332,0.4021792709827423,0.3229968547821045,0.4060932993888855,0.2763098180294037,0.37256839871406555,0.47444862127304077,0.35310208797454834,0.41752827167510986,0.34126341342926025,0.38053232431411743,0.33336684107780457,0.34388917684555054
0,0.37856024503707886,0.635030210018158,0.43445953726768494,0.6344541311264038,0.4899846315383911,0.6190616488456726,0.5350548028945923,0.6218940615653992,0.5693528652191162,0.6420273780822754,0.473947137594223,0.4859985113143921,0.5177509784698486,0.43209308385849,0.5455222129821777,0.39821839332580566,0.5686566233634949,0.36709004640579224,0.43989047408103943,0.45676589012145996,0.4571787416934967,0.3722689747810364,0.4700799584388733,0.3198605179786682,0.47836926579475403,0.2771185636520386,0.405853807926178,0.45365771651268005,0.4015483260154724,0.3737577795982361,0.4037860929965973,0.32283782958984375,0.4080806076526642,0.27709484100341797,0.3744366466999054,0.4710198938846588,0.3552035987377167,0.41516005992889404,0.34361857175827026,0.3775961399078369,0.3359365463256836,0.3407156467437744
0,0.24027742445468903,0.5826108455657959,0.1947445571422577,0.5408161878585815,0.1610230654478073,0.5031868815422058,0.12888669967651367,0.4756704568862915,0.09736895561218262,0.46139127016067505,0.21797095239162445,0.39611726999282837,0.1943228840827942,0.3116692304611206,0.1786780059337616,0.2648835778236389,0.1651168018579483,0.22852803766727448,0.2540380656719208,0.39161157608032227,0.262254536151886,0.2855052053928375,0.26784664392471313,0.22390039265155792,0.27252188324928284,0.17838266491889954,0.2879090905189514,0.40833401679992676,0.32000732421875,0.3201257586479187,0.3404461741447449,0.27079951763153076,0.3536939322948456,0.23370248079299927,0.3177321255207062,0.4399184286594391,0.36197787523269653,0.39599546790122986,0.3883899450302124,0.36826056241989136,0.4080025553703308,0.3431963324546814
0,0.2134702056646347,0.5872475504875183,0.17213226854801178,0.5507931113243103,0.1419597566127777,0.516564130783081,0.11333432793617249,0.49357670545578003,0.08636310696601868,0.4825960397720337,0.18430404365062714,0.40276119112968445,0.1585526466369629,0.3199945390224457,0.14384335279464722,0.27272576093673706,0.13211524486541748,0.2374057024717331,0.21738311648368835,0.39175546169281006,0.21825173497200012,0.2810644805431366,0.22043485939502716,0.2175251543521881,0.22221578657627106,0.1740170568227768,0.25280433893203735,0.40272384881973267,0.2749563157558441,0.3091738224029541,0.2918333411216736,0.2558968663215637,0.30300337076187134,0.21539799869060516,0.28678637742996216,0.43130001425743103,0.3326992690563202,0.38434454798698425,0.3601996898651123,0.35539722442626953,0.38129547238349915,0.32964298129081726
0,0.4119802713394165,0.7553309202194214,0.5120513439178467,0.7630265951156616,0.6058361530303955,0.7276638746261597,0.6827723979949951,0.7025390267372131,0.7534860372543335,0.701291024684906,0.5547941327095032,0.4996907711029053,0.6274104714393616,0.38261643052101135,0.679118812084198,0.30734187364578247,0.7207837104797363,0.23718811571598053,0.4834693670272827,0.45130014419555664,0.5101175308227539,0.2796895503997803,0.5300115346908569,0.1664578914642334,0.5391828417778015,0.06960529088973999,0.4126139283180237,0.45991018414497375,0.3826413154602051,0.30166321992874146,0.3645365834236145,0.19774127006530762,0.351612389087677,0.10649833083152771,0.34821832180023193,0.5125991702079773,0.28082507848739624,0.4217018783092499,0.23105481266975403,0.3728889226913452,0.18981686234474182,0.3264008164405823
0,0.428025484085083,0.7596464157104492,0.5209052562713623,0.7554218769073486,0.6049066781997681,0.7161334753036499,0.6808077096939087,0.6941196322441101,0.7504944801330566,0.6895226240158081,0.554067850112915,0.4976666271686554,0.6244771480560303,0.3799706697463989,0.6753372550010681,0.3035634160041809,0.7169499397277832,0.23452617228031158,0.4834482967853546,0.451194703578949,0.5078688263893127,0.2832426130771637,0.5262048244476318,0.16992127895355225,0.5354374647140503,0.07234635949134827,0.41328248381614685,0.4597328007221222,0.3813631236553192,0.309062659740448,0.36461353302001953,0.2070997953414917,0.35405197739601135,0.11749941110610962,0.34995436668395996,0.5116649270057678,0.28085052967071533,0.43052995204925537,0.23194310069084167,0.3862825632095337,0.19272074103355408,0.3433963358402252
0,0.4085671901702881,0.7544515132904053,0.4995311498641968,0.7426795959472656,0.5834820866584778,0.6924115419387817,0.6602904200553894,0.6593475937843323,0.7359740734100342,0.6553041338920593,0.5346202850341797,0.4653165340423584,0.6083229780197144,0.3505588173866272,0.6586009860038757,0.2750726640224457,0.699734628200531,0.20589688420295715,0.4648782014846802,0.4192275404930115,0.4905188977718353,0.2524983286857605,0.5067926645278931,0.14093083143234253,0.5149492025375366,0.0438782274723053,0.3965703248977661,0.42895856499671936,0.36878854036331177,0.2753473222255707,0.35243985056877136,0.17526814341545105,0.3415573239326477,0.08647322654724121,0.33521729707717896,0.4829854667186737,0.2683616280555725,0.4009496867656708,0.22047331929206848,0.35477837920188904,0.18191102147102356,0.30892059206962585
0,0.40126562118530273,0.6859585046768188,0.4879443943500519,0.6787901520729065,0.5693088173866272,0.635947585105896,0.6465824246406555,0.6101421117782593,0.7172316312789917,0.6046574711799622,0.5191932320594788,0.4194757640361786,0.5927183628082275,0.3094730079174042,0.6424269080162048,0.23576514422893524,0.6826930642127991,0.17133359611034393,0.4493529200553894,0.37656956911087036,0.47159892320632935,0.20736682415008545,0.4915677607059479,0.09560233354568481,0.5043617486953735,-0.0025475919246673584,0.38189607858657837,0.3883002698421478,0.3534676730632782,0.23954294621944427,0.3380153775215149,0.1419774889945984,0.329692006111145,0.05233326554298401,0.32174408435821533,0.442432701587677,0.2585352659225464,0.36145761609077454,0.2132912576198578,0.31362390518188477,0.17791566252708435,0.262779176235199
0,0.3543708026409149,0.6327104568481445,0.338565468788147,0.5061626434326172,0.3358493447303772,0.4030284583568573,0.3202524185180664,0.30128657817840576,0.2973988652229309,0.22242601215839386,0.4979235827922821,0.38649916648864746,0.5458258390426636,0.24120518565177917,0.5735160112380981,0.15858246386051178,0.6020294427871704,0.09448462724685669,0.5415692925453186,0.4480469524860382,0.6416120529174805,0.3510538339614868,0.7074192762374878,0.29387155175209045,0.7600501775741577,0.25657740235328674,0.554503858089447,0.5189259052276611,0.6564699411392212,0.4769175052642822,0.722417414188385,0.4541947841644287,0.7722723484039307,0.43785372376441956,0.5476202964782715,0.5808201432228088,0.6185928583145142,0.58701092004776,0.6603841781616211,0.5914819240570068,0.6994009613990784,0.5940877199172974
0,0.3652935028076172,0.6390928030014038,0.3532080352306366,0.5108618140220642,0.35242336988449097,0.411866694688797,0.34189778566360474,0.3067672848701477,0.3248540759086609,0.22583827376365662,0.5159657597541809,0.4178733229637146,0.5745174884796143,0.27538514137268066,0.6084020733833313,0.193727046251297,0.641093909740448,0.13258469104766846,0.5588582754135132,0.48142457008361816,0.6661295890808105,0.3933885991573334,0.7337074875831604,0.3415337800979614,0.7854365110397339,0.30886319279670715,0.5690433979034424,0.5491607189178467,0.6712105870246887,0.5217258930206299,0.7374868988990784,0.5008278489112854,0.7868874669075012,0.4857376515865326,0.559857189655304,0.6075454950332642,0.6276006698608398,0.6227260828018188,0.6677538752555847,0.6291241645812988,0.7050327062606812,0.6316241025924683
0,0.4289059638977051,0.5172984004020691,0.4794464409351349,0.41794461011886597,0.5331432223320007,0.34679996967315674,0.5752800703048706,0.2719101309776306,0.5970895290374756,0.19890442490577698,0.6386122107505798,0.4695765972137451,0.7499724626541138,0.45489999651908875,0.8179723620414734,0.4464358985424042,0.8729913234710693,0.4434337019920349,0.6311368942260742,0.5466451048851013,0.7414827346801758,0.6109318733215332,0.8093481063842773,0.6488711833953857,0.857691764831543,0.6856985092163086,0.6042340397834778,0.6095271110534668,0.6864650845527649,0.6977391839027405,0.7380639314651489,0.7492189407348633,0.776057779788971,0.7927250862121582,0.5694257616996765,0.6569693088531494,0.6136364340782166,0.7510622143745422,0.6390621662139893,0.8143954873085022,0.6634994149208069,0.8657541871070862
0,0.4332249164581299,0.5053806304931641,0.4869285821914673,0.41141706705093384,0.5412492752075195,0.3426426649093628,0.5823865532875061,0.2585505545139313,0.60630863904953,0.18500709533691406,0.6456847786903381,0.4562615156173706,0.7581356167793274,0.44790035486221313,0.8261710405349731,0.4437670409679413,0.8805001974105835,0.44366204738616943,0.6414657831192017,0.5280683636665344,0.7526793479919434,0.59881591796875,0.8176219463348389,0.6367577314376831,0.864536464214325,0.6731253266334534,0.6162781715393066,0.5916311144828796,0.6975751519203186,0.6848798990249634,0.7472168207168579,0.7383989691734314,0.785712718963623,0.7810935974121094,0.5805185437202454,0.6423695087432861,0.6187745928764343,0.7444589138031006,0.6441403031349182,0.8100001811981201,0.6695194840431213,0.8620967268943787
0,0.4722292423248291,0.7721304893493652,0.40532851219177246,0.7512670159339905,0.3483348488807678,0.7278585433959961,0.3036572337150574,0.6979206800460815,0.27264636754989624,0.6640011072158813,0.37996160984039307,0.6048219203948975,0.3197838366031647,0.5227196216583252,0.2849541902542114,0.47687092423439026,0.25717949867248535,0.4413785934448242,0.41799166798591614,0.5767379999160767,0.3784785270690918,0.4590322971343994,0.35775041580200195,0.38943564891815186,0.34316372871398926,0.338323175907135,0.459858775138855,0.5673747658729553,0.45294758677482605,0.45709407329559326,0.4501170516014099,0.3873946964740753,0.4466637670993805,0.3369208574295044,0.4989243745803833,0.5760395526885986,0.5166653394699097,0.49774688482284546,0.5273029804229736,0.4538652002811432,0.5362677574157715,0.4177129864692688
0,0.4900897741317749,0.7884334325790405,0.4267628490924835,0.7738750576972961,0.36972978711128235,0.7573164701461792,0.32369518280029297,0.7308298945426941,0.29286107420921326,0.6955368518829346,0.39379528164863586,0.637823224067688,0.3345589339733124,0.5603737235069275,0.29898202419281006,0.5178681015968323,0.2716347575187683,0.4840901494026184,0.42831310629844666,0.6079639792442322,0.38419967889785767,0.49842965602874756,0.35886630415916443,0.43199020624160767,0.3408370614051819,0.38300246000289917,0.4668939709663391,0.5943670272827148,0.45362216234207153,0.48855897784233093,0.44515058398246765,0.4195006489753723,0.43856415152549744,0.3700217604637146,0.5038032531738281,0.5971226692199707,0.5183632373809814,0.5184381008148193,0.5278809666633606,0.47309398651123047,0.5352855324745178,0.434576153755188
1,0.7884222269058228,0.6610795855522156,0.7322301864624023,0.6531879305839539,0.6812206506729126,0.6335006952285767,0.6330493688583374,0.6169236302375793,0.5909155011177063,0.6051452159881592,0.711696207523346,0.4870529770851135,0.6952351927757263,0.40294402837753296,0.6902589201927185,0.35021376609802246,0.6828497052192688,0.29690152406692505,0.740793764591217,0.46174049377441406,0.7152960300445557,0.3788594603538513,0.6962084770202637,0.3288126587867737,0.6754944920539856,0.27851808071136475,0.7746332287788391,0.46404072642326355,0.7885584235191345,0.3848992884159088,0.8016842007637024,0.3249853253364563,0.8078405261039734,0.27582794427871704,0.8053592443466187,0.4832554757595062,0.812743604183197,0.4191529452800751,0.8135886192321777,0.3788636028766632,0.8127404451370239,0.3383173942565918
1,0.7836427688598633,0.664007306098938,0.7268569469451904,0.6548042297363281,0.674368679523468,0.6352864503860474,0.6264412999153137,0.6213411688804626,0.5859845280647278,0.6113547086715698,0.7053292989730835,0.48836272954940796,0.6878734827041626,0.40648987889289856,0.6814921498298645,0.3555624783039093,0.6726073622703552,0.30393457412719727,0.7348982095718384,0.46385276317596436,0.7090897560119629,0.3804687261581421,0.691012978553772,0.32808244228363037,0.6717605590820312,0.27642589807510376,0.7686370611190796,0.46677759289741516,0.7813082337379456,0.38788390159606934,0.7944847345352173,0.3295224905014038,0.8012875914573669,0.2816583216190338,0.7995086908340454,0.48635444045066833,0.808240532875061,0.42175495624542236,0.8103224635124207,0.38087135553359985,0.8103677034378052,0.3399427533149719
1,0.7857583165168762,0.6608509421348572,0.7285946607589722,0.6518746018409729,0.6769528388977051,0.6326157450675964,0.6286588311195374,0.6190716624259949,0.5872889757156372,0.609983503818512,0.7082633376121521,0.4849153459072113,0.6918656826019287,0.40394964814186096,0.6867049932479858,0.35225242376327515,0.6794604659080505,0.30039089918136597,0.7380081415176392,0.4595591425895691,0.7134609818458557,0.37746456265449524,0.6960588097572327,0.3259105086326599,0.6778647303581238,0.2740793228149414,0.7720138430595398,0.46186363697052,0.7864395380020142,0.3839518427848816,0.7992986440658569,0.3268223702907562,0.8057934045791626,0.2794666588306427,0.8030024170875549,0.48160991072654724,0.8131316304206848,0.4169091582298279,0.8157120943069458,0.37673306465148926,0.8160985112190247,0.33587396144866943
1,0.7855696082115173,0.6583731174468994,0.7288320660591125,0.6491073966026306,0.6769463419914246,0.6290336847305298,0.6298428177833557,0.614417314529419,0.5885393619537354,0.60508793592453,0.7094781398773193,0.4820769429206848,0.6936928629875183,0.4006710350513458,0.6889234185218811,0.3492734432220459,0.6817767024040222,0.2972502112388611,0.7396149039268494,0.45720118284225464,0.7166168689727783,0.3750913739204407,0.6995739340782166,0.32318878173828125,0.6815670728683472,0.2706061005592346,0.7733302116394043,0.460259348154068,0.7887778878211975,0.38255396485328674,0.8013941049575806,0.32480597496032715,0.8075405359268188,0.2768515348434448,0.8039242625236511,0.48078569769859314,0.8141066431999207,0.41694092750549316,0.8161172866821289,0.37666404247283936,0.8158207535743713,0.3360525965690613
1,0.7866300940513611,0.6570326685905457,0.7314635515213013,0.6468728184700012,0.6800667643547058,0.6263861656188965,0.6323757171630859,0.6109116077423096,0.5912566184997559,0.5993695259094238,0.7125064134597778,0.4813837707042694,0.6973252296447754,0.39891794323921204,0.6933852434158325,0.34648847579956055,0.68744295835495,0.2931423783302307,0.7427770495414734,0.45633116364479065,0.7192540764808655,0.374248206615448,0.7024154663085938,0.32283079624176025,0.6847009062767029,0.27030283212661743,0.7766350507736206,0.45916035771369934,0.7916068434715271,0.3810921013355255,0.8044503927230835,0.3234098553657532,0.8105337619781494,0.27591150999069214,0.8073662519454956,0.479421466588974,0.8169944286346436,0.41584673523902893,0.8187270164489746,0.37528467178344727,0.8181490302085876,0.33452916145324707
1,0.6344546675682068,0.5879091024398804,0.569530189037323,0.5847698450088501,0.5127708315849304,0.5642272233963013,0.4570806324481964,0.5514574646949768,0.41203105449676514,0.5421269536018372,0.5386658310890198,0.39894622564315796,0.5187631249427795,0.3081894516944885,0.5111402273178101,0.25246623158454895,0.501617431640625,0.19697336852550507,0.5710868835449219,0.37468835711479187,0.5411275625228882,0.2903859317302704,0.520439624786377,0.23719429969787598,0.49905091524124146,0.18419170379638672,0.6087762713432312,0.3742869794368744,0.6156055331230164,0.28717344999313354,0.6229146718978882,0.2213156819343567,0.6257846355438232,0.16716453433036804,0.6435803174972534,0.3893319070339203,0.6436083912849426,0.31322842836380005,0.6382163763046265,0.2650826871395111,0.6317184567451477,0.2178899049758911
1,0.6031172871589661,0.5845402479171753,0.5368155837059021,0.5842312574386597,0.4774523973464966,0.5633876323699951,0.4232563078403473,0.5494748950004578,0.37996217608451843,0.5377553701400757,0.5063825249671936,0.3962147831916809,0.4867095351219177,0.3068894147872925,0.4804176688194275,0.2505365014076233,0.47320008277893066,0.1939905881881714,0.5396550297737122,0.37085384130477905,0.5117756724357605,0.2847021818161011,0.49243178963661194,0.2306695282459259,0.4729369282722473,0.17860454320907593,0.5779721736907959,0.36839738488197327,0.5835087299346924,0.280795693397522,0.5892888307571411,0.21573640406131744,0.5904675126075745,0.16111546754837036,0.6140497922897339,0.382829487323761,0.615376889705658,0.3082726001739502,0.6125974655151367,0.2600235641002655,0.6080699563026428,0.21278870105743408
1,0.5647570490837097,0.6130344867706299,0.4800083041191101,0.6159274578094482,0.40449196100234985,0.5762040615081787,0.33810508251190186,0.5499827265739441,0.28017058968544006,0.5266691446304321,0.45466724038124084,0.36125513911247253,0.4321947693824768,0.23827753961086273,0.42972174286842346,0.16324661672115326,0.42381197214126587,0.08714178204536438,0.5002824068069458,0.3364819288253784,0.4874914586544037,0.23858612775802612,0.48480987548828125,0.22324050962924957,0.4764135777950287,0.2087218016386032,0.5486773252487183,0.3402102291584015,0.5569839477539062,0.22742563486099243,0.5649582147598267,0.13635966181755066,0.5664263963699341,0.05739966034889221,0.5925301909446716,0.36405593156814575,0.5888239145278931,0.26769381761550903,0.5806214809417725,0.2062177211046219,0.5711996555328369,0.14329805970191956
1,0.5499745011329651,0.6307421326637268,0.4674658179283142,0.6363024711608887,0.39367741346359253,0.6014368534088135,0.3269250988960266,0.5751597285270691,0.2681032419204712,0.5527417659759521,0.4359090030193329,0.38610002398490906,0.41114646196365356,0.2625964879989624,0.4075056314468384,0.1891898512840271,0.4003871977329254,0.11387139558792114,0.480218768119812,0.356520414352417,0.4499693512916565,0.24441368877887726,0.42553502321243286,0.18439634144306183,0.39976754784584045,0.12762311100959778,0.5293952822685242,0.35957127809524536,0.535269021987915,0.24407891929149628,0.5423405766487122,0.14858564734458923,0.5438491106033325,0.06803977489471436,0.5750782489776611,0.3822285234928131,0.56732177734375,0.2837899923324585,0.5546162128448486,0.22319814562797546,0.5416220426559448,0.1648455262184143
1,0.704317569732666,0.6310021877288818,0.6285384893417358,0.6289956569671631,0.5606414079666138,0.5929621458053589,0.4979397654533386,0.5708780884742737,0.4470004439353943,0.558568000793457,0.6081534624099731,0.399128794670105,0.588394284248352,0.287055104970932,0.5835500955581665,0.21611832082271576,0.5780799388885498,0.14780378341674805,0.6513941884040833,0.37144264578819275,0.6353498697280884,0.26569950580596924,0.6242856383323669,0.2100837528705597,0.6119617223739624,0.16140952706336975,0.6978525519371033,0.3728112280368805,0.7088782787322998,0.27553486824035645,0.7235537767410278,0.19786827266216278,0.734487771987915,0.12957876920700073,0.7374790906906128,0.39322900772094727,0.7412354946136475,0.30049842596054077,0.7416346073150635,0.23548053205013275,0.7429667711257935,0.16823500394821167
1,0.8455401659011841,0.6923578977584839,0.774002730846405,0.6738454103469849,0.7083415389060974,0.6395507454872131,0.6451225876808167,0.6169424653053284,0.5929481387138367,0.6015238761901855,0.7564201354980469,0.44514524936676025,0.7413130402565002,0.3332907557487488,0.7398980855941772,0.26479572057724,0.737179160118103,0.19580569863319397,0.7969329357147217,0.4160338044166565,0.7696583867073059,0.30309829115867615,0.7558776140213013,0.2325451672077179,0.7435019016265869,0.16297903656959534,0.841060996055603,0.42440593242645264,0.860998809337616,0.32802969217300415,0.8853551149368286,0.2599537670612335,0.9029049873352051,0.2023470103740692,0.8811525106430054,0.4516596496105194,0.8909658789634705,0.3662278354167938,0.8947000503540039,0.31380322575569153,0.8976315259933472,0.2602982521057129
1,0.8958940505981445,0.7496047019958496,0.8238781094551086,0.744993269443512,0.755021870136261,0.7283390760421753,0.6895565986633301,0.7151903510093689,0.6357863545417786,0.6963294744491577,0.7849271297454834,0.5288708209991455,0.7604551911354065,0.4226424992084503,0.7539415955543518,0.35404980182647705,0.7458296418190002,0.2842924892902374,0.8257380127906799,0.4904925227165222,0.789906919002533,0.3826078772544861,0.7683276534080505,0.3141985237598419,0.7454544305801392,0.24201491475105286,0.8729146122932434,0.48968854546546936,0.8864313960075378,0.3865152597427368,0.902931272983551,0.3114403784275055,0.9121533036231995,0.2511909604072571,0.9173163771629333,0.511070966720581,0.923250675201416,0.42292869091033936,0.9218688607215881,0.3708269000053406,0.918297290802002,0.3212262988090515
1,0.5594388246536255,0.6391786336898804,0.488808274269104,0.6423839330673218,0.414429247379303,0.6211429834365845,0.3513152599334717,0.6103949546813965,0.3015221357345581,0.6021150946617126,0.4363285005092621,0.42809024453163147,0.4114033877849579,0.3281831741333008,0.40187957882881165,0.2668335437774658,0.3926911950111389,0.20806317031383514,0.4731989800930023,0.39780205488204956,0.437034547328949,0.29555773735046387,0.41898655891418457,0.2300199717283249,0.4029897153377533,0.16601154208183289,0.516484260559082,0.3922814726829529,0.5098721385002136,0.29049670696258545,0.5147276520729065,0.22039242088794708,0.5186401605606079,0.15953794121742249,0.5602187514305115,0.40307343006134033,0.5507128834724426,0.3104868531227112,0.5397323369979858,0.24912524223327637,0.5269792675971985,0.18862873315811157
1,0.46322089433670044,0.607421875,0.38417351245880127,0.6126027703285217,0.3036406934261322,0.5934311151504517,0.2402775138616562,0.5878357887268066,0.18939876556396484,0.5837399959564209,0.3376471996307373,0.37964510917663574,0.3156202435493469,0.2667315602302551,0.30613866448402405,0.19788753986358643,0.2969931662082672,0.13392627239227295,0.37620270252227783,0.35050830245018005,0.34525609016418457,0.23192068934440613,0.32563653588294983,0.15677595138549805,0.30737289786338806,0.0899331271648407,0.41920626163482666,0.3467518389225006,0.4052140712738037,0.2357756793498993,0.3947349786758423,0.16002261638641357,0.3828759491443634,0.09550625085830688,0.4629145860671997,0.36126482486724854,0.4495125710964203,0.2689594626426697,0.4334110915660858,0.20626170933246613,0.415358304977417,0.14734497666358948
1,0.31957221031188965,0.6359357833862305,0.3846063017845154,0.6350582242012024,0.4498647153377533,0.6131972074508667,0.5115163326263428,0.6049760580062866,0.5607141852378845,0.5865364074707031,0.4221534729003906,0.43546798825263977,0.44292888045310974,0.3370636999607086,0.454375684261322,0.27816593647003174,0.4670751094818115,0.2179950326681137,0.3884337246417999,0.4079567492008209,0.4229046702384949,0.3137245178222656,0.45055046677589417,0.2548404335975647,0.47540464997291565,0.19984272122383118,0.34994280338287354,0.4065459966659546,0.3428804278373718,0.30383434891700745,0.3350779414176941,0.23314031958580017,0.33522260189056396,0.1693861484527588,0.31452396512031555,0.42121073603630066,0.32791048288345337,0.33488720655441284,0.3362773060798645,0.2871055603027344,0.34981852769851685,0.24053166806697845
1,0.31986531615257263,0.6236528158187866,0.3845018446445465,0.6254697442054749,0.4520421028137207,0.6072391271591187,0.5135288238525391,0.603137195110321,0.560175359249115,0.5872644782066345,0.4223838746547699,0.4198458790779114,0.44645652174949646,0.31930792331695557,0.45877304673194885,0.2612329125404358,0.4730231463909149,0.20390549302101135,0.38505393266677856,0.39534276723861694,0.39771056175231934,0.30076196789741516,0.4088313579559326,0.24889598786830902,0.4219280183315277,0.20415529608726501,0.34796592593193054,0.39321205019950867,0.34122931957244873,0.2927597165107727,0.33709976077079773,0.22028231620788574,0.34024345874786377,0.15705418586730957,0.315359890460968,0.4033125042915344,0.33121442794799805,0.3208498954772949,0.3404940366744995,0.27067017555236816,0.3545134663581848,0.22452034056186676
1,0.519776463508606,0.5678918957710266,0.5827564001083374,0.5762704610824585,0.6430008411407471,0.5686115026473999,0.6903054714202881,0.5632551312446594,0.7285526990890503,0.5466030836105347,0.6327205300331116,0.38895362615585327,0.6577150821685791,0.30020320415496826,0.6749260425567627,0.24601051211357117,0.6932565569877625,0.19393521547317505,0.6058028340339661,0.3601233959197998,0.6425610780715942,0.27665573358535767,0.6730263829231262,0.22618401050567627,0.7011116743087769,0.18292471766471863,0.572210967540741,0.35146278142929077,0.5819845795631409,0.2512176036834717,0.5883387923240662,0.1868450939655304,0.5994026064872742,0.13241896033287048,0.5374284982681274,0.3586123585700989,0.5590721964836121,0.28563618659973145,0.575124979019165,0.2428772747516632,0.5959528684616089,0.20225843787193298
1,0.5575185418128967,0.583395779132843,0.6243127584457397,0.5857909917831421,0.686934232711792,0.5673004984855652,0.7411190271377563,0.5611480474472046,0.785772442817688,0.5545600652694702,0.6591677069664001,0.3916253447532654,0.6771156787872314,0.29803603887557983,0.6871716380119324,0.24177685379981995,0.6983380913734436,0.18564221262931824,0.6271498203277588,0.3658859431743622,0.6552556753158569,0.27523645758628845,0.6788831949234009,0.22230751812458038,0.7011211514472961,0.17562299966812134,0.5910056829452515,0.3649536967277527,0.5851324796676636,0.26454806327819824,0.5773481726646423,0.20197594165802002,0.5776991844177246,0.14781880378723145,0.5557429790496826,0.38055676221847534,0.5696638822555542,0.30067873001098633,0.5797824859619141,0.25232553482055664,0.5958653688430786,0.20391342043876648
1,0.5868365168571472,0.5882271528244019,0.6466208100318909,0.590546190738678,0.7010406255722046,0.5720219612121582,0.7459518313407898,0.5662847757339478,0.7827341556549072,0.5636511445045471,0.6843370199203491,0.4170944094657898,0.7027917504310608,0.3323410153388977,0.7155352234840393,0.2808859348297119,0.7300626635551453,0.23132777214050293,0.6572819352149963,0.3949044644832611,0.6866086721420288,0.31519466638565063,0.714139461517334,0.2686140835285187,0.7413797974586487,0.2279040366411209,0.6253387928009033,0.3936547636985779,0.6269716024398804,0.3027309477329254,0.6272463798522949,0.24435549974441528,0.6347801685333252,0.1951352059841156,0.5937151908874512,0.4079160690307617,0.6087852716445923,0.3371580243110657,0.6205088496208191,0.29370832443237305,0.6370378136634827,0.2526242733001709
1,0.589800238609314,0.5576380491256714,0.642440915107727,0.5634865164756775,0.6922233700752258,0.5524289608001709,0.7325758934020996,0.5497986078262329,0.7654703855514526,0.5491728782653809,0.68049556016922,0.4104825258255005,0.6978818774223328,0.33647435903549194,0.7099683880805969,0.29256200790405273,0.7228749990463257,0.25035226345062256,0.6570596098899841,0.38979360461235046,0.6858251094818115,0.31765782833099365,0.7101157903671265,0.27277714014053345,0.7329361438751221,0.23272904753684998,0.6288522481918335,0.3857441842556,0.6342915296554565,0.3037322163581848,0.636938750743866,0.2525768280029297,0.6441472172737122,0.2090824842453003,0.5996766090393066,0.3943392038345337,0.6157941818237305,0.33338236808776855,0.6286150217056274,0.29698646068573,0.6454259753227234,0.26131007075309753
1,0.600215494632721,0.5342684984207153,0.6520726084709167,0.541475772857666,0.6995205879211426,0.5290043354034424,0.7370433211326599,0.5241373777389526,0.7669686675071716,0.5221304297447205,0.6871480345726013,0.38714611530303955,0.7036263346672058,0.3155031204223633,0.715522050857544,0.2715064585208893,0.7281065583229065,0.23115012049674988,0.6641002297401428,0.36881914734840393,0.6871647834777832,0.2975979447364807,0.707941472530365,0.2554217576980591,0.7276220321655273,0.22016726434230804,0.6384614706039429,0.3652516007423401,0.6447886824607849,0.28762394189834595,0.6487790942192078,0.23753364384174347,0.6555097103118896,0.1962677389383316,0.6124311685562134,0.37361371517181396,0.6277269124984741,0.3158773183822632,0.6398626565933228,0.28059855103492737,0.6546720266342163,0.24726058542728424
0,0.7019679546356201,0.6484689116477966,0.6448401212692261,0.6278372406959534,0.5942131280899048,0.5875191688537598,0.5518221855163574,0.5574358105659485,0.5114522576332092,0.5417953133583069,0.6507459878921509,0.4557028114795685,0.6190059185028076,0.3755508363246918,0.5988773107528687,0.3280680179595947,0.5815428495407104,0.288333922624588,0.6909269094467163,0.4393270015716553,0.6770628690719604,0.34188833832740784,0.669803261756897,0.2800571620464325,0.6641040444374084,0.22716261446475983,0.7302142381668091,0.45141658186912537,0.7516132593154907,0.3663972020149231,0.7669607400894165,0.3103982210159302,0.7780863046646118,0.2590172290802002,0.7648482322692871,0.486014723777771,0.8052304983139038,0.44270122051239014,0.8314902186393738,0.41154906153678894,0.8532015681266785,0.3790268898010254
1,0.8153032660484314,0.8052988648414612,0.756359338760376,0.7974175810813904,0.7002118825912476,0.7761650681495667,0.6494231820106506,0.7639111280441284,0.6069939136505127,0.7556129097938538,0.7264924645423889,0.6240672469139099,0.7047515511512756,0.5423372387886047,0.6968362331390381,0.49076706171035767,0.6895379424095154,0.4400724768638611,0.7576380968093872,0.5989318490028381,0.7290350198745728,0.5092660188674927,0.7139198184013367,0.4529649019241333,0.6990237832069397,0.39858710765838623,0.7943898439407349,0.6003905534744263,0.8038026094436646,0.5261968970298767,0.8221104145050049,0.47904837131500244,0.8329140543937683,0.4394623637199402,0.829352617263794,0.6192572712898254,0.8320090770721436,0.5559144020080566,0.8296846151351929,0.5176960229873657,0.8242971301078796,0.48015132546424866
1,0.8133690357208252,0.7918320894241333,0.7538924813270569,0.7848195433616638,0.6973235011100769,0.7665160894393921,0.6458823084831238,0.757440447807312,0.6034612059593201,0.753486692905426,0.7224876284599304,0.6159279346466064,0.700721263885498,0.5348741412162781,0.6931945085525513,0.4828253984451294,0.6860743165016174,0.4310412108898163,0.7537986040115356,0.5887249112129211,0.7258279919624329,0.5023984313011169,0.7098100781440735,0.4472614526748657,0.6942873001098633,0.39327287673950195,0.7905282974243164,0.5889376997947693,0.801300048828125,0.514159083366394,0.8167323470115662,0.4653753340244293,0.8254970908164978,0.42503416538238525,0.8251447081565857,0.6071779131889343,0.8306562304496765,0.5442497134208679,0.8296748995780945,0.5055007934570312,0.8259366154670715,0.4669207036495209
1,0.8094998598098755,0.7874812483787537,0.7505708336830139,0.7788179516792297,0.6941697597503662,0.7617895603179932,0.6436449289321899,0.7536242008209229,0.6017364859580994,0.7489317655563354,0.7206646800041199,0.6117722988128662,0.6993613839149475,0.5297333002090454,0.6918771266937256,0.4775936007499695,0.6842277646064758,0.42607319355010986,0.7522972226142883,0.5847129225730896,0.7245643734931946,0.4977028965950012,0.708426833152771,0.44305741786956787,0.6927565932273865,0.3901357054710388,0.7887536883354187,0.5850472450256348,0.8000702261924744,0.5101411938667297,0.8137085437774658,0.4596424102783203,0.8209501504898071,0.4179304540157318,0.8228956460952759,0.6030296087265015,0.8281159400939941,0.5390565395355225,0.8265613317489624,0.49945950508117676,0.822251558303833,0.4604474902153015
1,0.8053318858146667,0.7831600904464722,0.746612012386322,0.7739180326461792,0.6899824738502502,0.7582373023033142,0.6397175788879395,0.7507944107055664,0.5978596210479736,0.7475255727767944,0.7175667881965637,0.6077510714530945,0.696234941482544,0.5269041657447815,0.6882293820381165,0.47513192892074585,0.6805874705314636,0.42328715324401855,0.7492039203643799,0.5809721350669861,0.721845805644989,0.4942432940006256,0.7051955461502075,0.4378000795841217,0.6899970769882202,0.3821210265159607,0.7856940627098083,0.580954372882843,0.798053503036499,0.5040174126625061,0.8120347261428833,0.4567248821258545,0.8197733759880066,0.4181438088417053,0.8200063705444336,0.5984252095222473,0.8263670206069946,0.533828854560852,0.8249661922454834,0.4923032820224762,0.820807158946991,0.4509960412979126
1,0.8487787246704102,0.761272668838501,0.7860944867134094,0.7486329078674316,0.7285753488540649,0.7296516299247742,0.6713424921035767,0.7227463126182556,0.6262380480766296,0.7229115962982178,0.7608617544174194,0.5648032426834106,0.7457782626152039,0.4714588522911072,0.743739902973175,0.41052883863449097,0.7417218089103699,0.3492857813835144,0.7939659953117371,0.5359556674957275,0.7672629952430725,0.4391327500343323,0.7535985708236694,0.3791329264640808,0.7408660650253296,0.3185480535030365,0.8326373100280762,0.5391293168067932,0.8530185222625732,0.4528812766075134,0.8743130564689636,0.39406540989875793,0.8876779675483704,0.34523677825927734,0.8678164482116699,0.560816764831543,0.8811542391777039,0.48941054940223694,0.8862902522087097,0.44757384061813354,0.8885881304740906,0.4043625593185425
1,0.8017589449882507,0.7268527150154114,0.746961236000061,0.7318792343139648,0.6946285963058472,0.7198835611343384,0.649920642375946,0.7096721529960632,0.6135963201522827,0.6974676847457886,0.7132313251495361,0.5744788646697998,0.6968022584915161,0.49786683917045593,0.6900762319564819,0.44989603757858276,0.6860259771347046,0.40431588888168335,0.7401480078697205,0.5487991571426392,0.7156766057014465,0.46607905626296997,0.703392505645752,0.4113706946372986,0.6943555474281311,0.3604529798030853,0.7728219032287598,0.5454694032669067,0.7806724905967712,0.4778361916542053,0.7958566546440125,0.4452666938304901,0.8060857057571411,0.41777342557907104,0.8053130507469177,0.5561029314994812,0.8054350018501282,0.49092504382133484,0.8038216829299927,0.4475651979446411,0.8017322421073914,0.40408068895339966
1,0.8008870482444763,0.7224525213241577,0.7453304529190063,0.7180460095405579,0.6949166059494019,0.6989275217056274,0.6486422419548035,0.6849858164787292,0.6112322211265564,0.6733916997909546,0.7262622714042664,0.5550361275672913,0.7153648734092712,0.4733456075191498,0.7129730582237244,0.41980671882629395,0.7103026509284973,0.3684212863445282,0.7537120580673218,0.5337439179420471,0.7276581525802612,0.452980101108551,0.7109428644180298,0.4014784097671509,0.6965793371200562,0.3540993928909302,0.7861531376838684,0.5359414219856262,0.7990670800209045,0.46125420928001404,0.8148239850997925,0.41448989510536194,0.8253552913665771,0.37920284271240234,0.8165826201438904,0.5517449378967285,0.8236867785453796,0.48579493165016174,0.826565146446228,0.4457240700721741,0.8290255069732666,0.4063240885734558
1,0.7994765639305115,0.7303128242492676,0.7434878349304199,0.7228059768676758,0.6928375959396362,0.705272376537323,0.6477954387664795,0.6919539570808411,0.6113447546958923,0.6817557215690613,0.724076509475708,0.5603240132331848,0.7130837440490723,0.47783204913139343,0.7105405330657959,0.4236293435096741,0.7078768014907837,0.37135303020477295,0.752565860748291,0.5388796925544739,0.7289420366287231,0.457724392414093,0.7137907147407532,0.4066080152988434,0.7006984353065491,0.35858798027038574,0.7855209708213806,0.5406666398048401,0.7989333271980286,0.4675329923629761,0.8149951696395874,0.4220178723335266,0.8261318206787109,0.38691720366477966,0.8163546919822693,0.5565541386604309,0.8248023390769958,0.4916313886642456,0.8284151554107666,0.4519669711589813,0.8315260410308838,0.41261255741119385
1,0.7820353507995605,0.7118498086929321,0.7240310907363892,0.7113571763038635,0.6670822501182556,0.6963627934455872,0.6191909313201904,0.6889981031417847,0.5787023305892944,0.6869083642959595,0.6947330236434937,0.539179801940918,0.6778923869132996,0.45479264855384827,0.6714524030685425,0.4004887342453003,0.6655786037445068,0.3504200577735901,0.7228443026542664,0.5168479681015015,0.696316659450531,0.43217742443084717,0.680819571018219,0.37700241804122925,0.6678924560546875,0.3257826268672943,0.757206916809082,0.5177193284034729,0.7687774300575256,0.44575002789497375,0.7900862097740173,0.40688320994377136,0.8053718209266663,0.37484055757522583,0.7905693650245667,0.5331888794898987,0.7962129712104797,0.46751412749290466,0.7992415428161621,0.424073725938797,0.8008711934089661,0.37910473346710205
1,0.7203987836837769,0.6559039354324341,0.6597772240638733,0.6518430709838867,0.6033742427825928,0.6404879689216614,0.552740216255188,0.6385865211486816,0.5095764994621277,0.639204740524292,0.6345914602279663,0.4750058650970459,0.6191224455833435,0.3840823173522949,0.6137410402297974,0.3277485966682434,0.6060572266578674,0.2756759524345398,0.6668835878372192,0.4535961449146271,0.6481487154960632,0.36738723516464233,0.6316510438919067,0.31542229652404785,0.6143872737884521,0.26782041788101196,0.7024558186531067,0.45350977778434753,0.7124043703079224,0.37955743074417114,0.7249649167060852,0.3322906792163849,0.7324762344360352,0.2921239733695984,0.734955906867981,0.4669530689716339,0.7375305891036987,0.39442670345306396,0.7373849749565125,0.3463604748249054,0.7358098030090332,0.2986162304878235
1,0.6857420206069946,0.6230583190917969,0.6213198304176331,0.6233745813369751,0.5586936473846436,0.6093351244926453,0.5069218873977661,0.6099427938461304,0.4637424945831299,0.6165558099746704,0.5875069499015808,0.4394799768924713,0.5727056860923767,0.35244020819664,0.5671347975730896,0.29908397793769836,0.5603116154670715,0.2489156872034073,0.6208233833312988,0.4175160229206085,0.5969991683959961,0.32980483770370483,0.5802668929100037,0.27395522594451904,0.5651566982269287,0.2240651696920395,0.658623218536377,0.417522132396698,0.6632677316665649,0.341900110244751,0.6768438816070557,0.3072711229324341,0.6844512224197388,0.2783069312572479,0.6939979791641235,0.4308239221572876,0.6928250789642334,0.3575987219810486,0.6896483302116394,0.306659996509552,0.6846413016319275,0.2552199959754944
1,0.6120936870574951,0.5435472726821899,0.5483536720275879,0.5465735793113708,0.48916640877723694,0.5350668430328369,0.4332773685455322,0.5366889238357544,0.3900517225265503,0.5371410846710205,0.5101085901260376,0.36831390857696533,0.4935213625431061,0.2808583080768585,0.486655592918396,0.22720783948898315,0.48072776198387146,0.17652982473373413,0.5398920774459839,0.3439502418041229,0.5105613470077515,0.25684213638305664,0.4942781329154968,0.20145347714424133,0.4805039167404175,0.15325959026813507,0.5762587189674377,0.3394021689891815,0.5813361406326294,0.26231032609939575,0.5924610495567322,0.22184652090072632,0.596633791923523,0.18792153894901276,0.611623227596283,0.3472534418106079,0.6064595580101013,0.2698746919631958,0.5988360047340393,0.21590539813041687,0.5896433591842651,0.16283220052719116
1,0.5435670018196106,0.5241998434066772,0.47929227352142334,0.5307519435882568,0.4172809422016144,0.523833692073822,0.36027565598487854,0.5259572267532349,0.3151382505893707,0.5257419347763062,0.43795180320739746,0.3542092442512512,0.42037197947502136,0.2678040862083435,0.41269451379776,0.21483244001865387,0.40520477294921875,0.1655188500881195,0.4672068953514099,0.32952219247817993,0.43516862392425537,0.24426519870758057,0.41697388887405396,0.19084137678146362,0.4016110301017761,0.14358675479888916,0.5023319125175476,0.32383111119270325,0.49746930599212646,0.24252641201019287,0.49982142448425293,0.19242532551288605,0.49824321269989014,0.15121789276599884,0.537473201751709,0.3287818431854248,0.5283990502357483,0.2529453933238983,0.51698899269104,0.20259058475494385,0.5034103989601135,0.1530124396085739
1,0.48947614431381226,0.5111429691314697,0.42490193247795105,0.5202600955963135,0.3604283928871155,0.5126821398735046,0.3065834641456604,0.5120932459831238,0.26491203904151917,0.5130058526992798,0.3808535635471344,0.3460291624069214,0.3607991337776184,0.26239973306655884,0.3516167104244232,0.21137915551662445,0.34415942430496216,0.16326959431171417,0.4091823995113373,0.3197561502456665,0.37644460797309875,0.23544882237911224,0.3595521152019501,0.1814146190881729,0.34722965955734253,0.13339123129844666,0.44352054595947266,0.310689777135849,0.4318857491016388,0.2317252904176712,0.4295879900455475,0.1838112473487854,0.42535200715065,0.1421673595905304,0.48030513525009155,0.313326358795166,0.4685441851615906,0.2380109280347824,0.45561838150024414,0.18774908781051636,0.4403298497200012,0.13932034373283386
1,0.4354434311389923,0.5038238763809204,0.36749574542045593,0.5146370530128479,0.3018466532230377,0.5067180395126343,0.25013548135757446,0.5059118270874023,0.2095918357372284,0.5030984878540039,0.3276617228984833,0.33310550451278687,0.31123510003089905,0.2499575912952423,0.3039625883102417,0.19720062613487244,0.29718029499053955,0.1487860083580017,0.3559197187423706,0.30692601203918457,0.32865703105926514,0.22104959189891815,0.3117959499359131,0.16732309758663177,0.29805025458335876,0.12211906909942627,0.3897513151168823,0.29730650782585144,0.3670599162578583,0.21623502671718597,0.3505019545555115,0.16388508677482605,0.3352751135826111,0.11785444617271423,0.4268690347671509,0.30083730816841125,0.4122043251991272,0.22424177825450897,0.3980138897895813,0.17268355190753937,0.38253334164619446,0.12270435690879822
1,0.4118330776691437,0.5267380475997925,0.3426012396812439,0.5389901399612427,0.2769451439380646,0.5294671058654785,0.22591522336006165,0.5314235091209412,0.18573804199695587,0.5319115519523621,0.3004080653190613,0.353366494178772,0.28224992752075195,0.26782020926475525,0.2744893431663513,0.2146463543176651,0.26674163341522217,0.16631366312503815,0.3310612738132477,0.32608577609062195,0.3028830587863922,0.24041880667209625,0.28596004843711853,0.1859942227602005,0.2714516222476959,0.13909368216991425,0.3664167523384094,0.3185919523239136,0.3530997335910797,0.2374541312456131,0.34701117873191833,0.18605753779411316,0.33908674120903015,0.14210303127765656,0.40262654423713684,0.32540151476860046,0.3876273036003113,0.25156617164611816,0.3736172318458557,0.20544221997261047,0.35764190554618835,0.1621314287185669
1,0.4065093994140625,0.585335373878479,0.34313124418258667,0.6006837487220764,0.2786734700202942,0.5967549085617065,0.22593626379966736,0.6049559116363525,0.18337394297122955,0.6133735775947571,0.28955698013305664,0.41992413997650146,0.2675068974494934,0.33585160970687866,0.2561536431312561,0.28492406010627747,0.24548332393169403,0.2377752810716629,0.3175373375415802,0.3912065625190735,0.2860042452812195,0.30451256036758423,0.26646965742111206,0.2514954209327698,0.24959933757781982,0.20664110779762268,0.3518826961517334,0.3826524317264557,0.33746281266212463,0.30141472816467285,0.33033499121665955,0.25167781114578247,0.32126685976982117,0.2113412767648697,0.38863545656204224,0.38969218730926514,0.37291184067726135,0.32041501998901367,0.35718846321105957,0.2794750928878784,0.3391938805580139,0.24448108673095703
1,0.41637665033340454,0.6194876432418823,0.3551460802555084,0.6363664865493774,0.29083284735679626,0.6330738067626953,0.23633143305778503,0.6413759589195251,0.19204208254814148,0.646955132484436,0.2986515164375305,0.44882336258888245,0.2756696343421936,0.364498496055603,0.26355135440826416,0.3115895986557007,0.252234548330307,0.26125431060791016,0.32666900753974915,0.42113518714904785,0.2924979627132416,0.3353370428085327,0.2724926173686981,0.28123602271080017,0.254366934299469,0.23355838656425476,0.36180436611175537,0.41535431146621704,0.34741634130477905,0.3338174819946289,0.3425467610359192,0.27980756759643555,0.33405715227127075,0.23544292151927948,0.39974117279052734,0.4252415597438812,0.38456714153289795,0.35542455315589905,0.370098739862442,0.31509512662887573,0.3526344895362854,0.27948591113090515
1,0.4631459712982178,0.6855220198631287,0.3995925486087799,0.702398419380188,0.3311091363430023,0.6969714760780334,0.2801445722579956,0.7041260004043579,0.23932936787605286,0.7162797451019287,0.3437249958515167,0.5114505887031555,0.3238457143306732,0.42189767956733704,0.3136945962905884,0.36472389101982117,0.30403339862823486,0.3140054941177368,0.3733315169811249,0.4852631986141205,0.3388170003890991,0.39269787073135376,0.31957724690437317,0.33383995294570923,0.30324268341064453,0.2827526926994324,0.4102049469947815,0.4799318313598633,0.39717715978622437,0.40548956394195557,0.4000641703605652,0.3718922734260559,0.39971357583999634,0.34095117449760437,0.4498711824417114,0.48951244354248047,0.433459997177124,0.4143664538860321,0.4203125834465027,0.36396247148513794,0.4065364897251129,0.31527870893478394
1,0.5894532203674316,0.8279848098754883,0.5259597897529602,0.844002902507782,0.4589114785194397,0.833503007888794,0.40578681230545044,0.8372094631195068,0.361922025680542,0.8547327518463135,0.4734708070755005,0.6512066721916199,0.45496562123298645,0.5596907734870911,0.4419497549533844,0.5023227334022522,0.4305192232131958,0.4534391164779663,0.504289448261261,0.630626380443573,0.47639963030815125,0.5346387028694153,0.4580836892127991,0.4750846028327942,0.4424993097782135,0.42435282468795776,0.5414041876792908,0.6269974112510681,0.5345474481582642,0.5581235289573669,0.5384409427642822,0.54056316614151,0.5380452871322632,0.5240957736968994,0.581756591796875,0.6371437311172485,0.5737481713294983,0.5643748044967651,0.5683354139328003,0.5158690214157104,0.5609706044197083,0.4710029363632202
1,0.6916289925575256,0.8524975776672363,0.6277695298194885,0.8507997393608093,0.5635437369346619,0.8357053995132446,0.5078219175338745,0.8403474688529968,0.46579039096832275,0.8476259112358093,0.5948647260665894,0.6636343598365784,0.586723804473877,0.5702636241912842,0.5807855725288391,0.5098411440849304,0.5741022825241089,0.4570715129375458,0.6302089691162109,0.6424430012702942,0.6121622323989868,0.5453928112983704,0.5957450866699219,0.48468151688575745,0.5811439156532288,0.4327213168144226,0.6686912775039673,0.642676055431366,0.6827272772789001,0.5708167552947998,0.6992504596710205,0.5441641807556152,0.7102500796318054,0.5228008031845093,0.7040039896965027,0.6565647721290588,0.7115122079849243,0.5864663124084473,0.7178815603256226,0.5407165884971619,0.7230969667434692,0.49531179666519165
1,0.7577906847000122,0.7952638268470764,0.7015889286994934,0.7841554284095764,0.6431233286857605,0.7683846950531006,0.5898914933204651,0.7743130326271057,0.5464593172073364,0.7841060757637024,0.6726980805397034,0.6103518605232239,0.6604660749435425,0.5206752419471741,0.6579903364181519,0.46360403299331665,0.6573055386543274,0.4096300005912781,0.705531120300293,0.5884358286857605,0.6842991709709167,0.49154213070869446,0.6757820844650269,0.428719162940979,0.6706724762916565,0.36689475178718567,0.743667721748352,0.5921561121940613,0.7650156617164612,0.5210890769958496,0.7909460067749023,0.48691368103027344,0.8094587326049805,0.45696449279785156,0.7794495224952698,0.6115375757217407,0.7917355298995972,0.5439938902854919,0.8009452819824219,0.49724048376083374,0.8083417415618896,0.44941624999046326
1,0.8102868795394897,0.8700854778289795,0.7512432932853699,0.866821825504303,0.6954100131988525,0.8595293164253235,0.642501950263977,0.8687751889228821,0.6007372140884399,0.8788572549819946,0.7243558168411255,0.6852250099182129,0.714187502861023,0.5902602672576904,0.711993396282196,0.529857873916626,0.7114925980567932,0.47277164459228516,0.7557199001312256,0.6645896434783936,0.7312403321266174,0.5701860785484314,0.7152179479598999,0.5121163725852966,0.7050809264183044,0.45783376693725586,0.7932906746864319,0.6686617136001587,0.8073249459266663,0.5865235924720764,0.8304924964904785,0.5459949970245361,0.850218653678894,0.5154220461845398,0.829034149646759,0.6884037256240845,0.842233419418335,0.6163339614868164,0.8520290851593018,0.5729253888130188,0.8608211874961853,0.5282726883888245
1,0.8701860904693604,0.8822685480117798,0.8182368278503418,0.8785423636436462,0.7663242220878601,0.8705474138259888,0.7153497934341431,0.8780156373977661,0.6757240891456604,0.887299120426178,0.7919787168502808,0.705471932888031,0.7852996587753296,0.616157591342926,0.7874070405960083,0.5572042465209961,0.7922675013542175,0.4998178482055664,0.8236944675445557,0.6802399158477783,0.8013036847114563,0.5897082090377808,0.7885985970497131,0.5312379598617554,0.7821229696273804,0.47456562519073486,0.8616013526916504,0.6834784150123596,0.883175253868103,0.602552592754364,0.911774754524231,0.5659995079040527,0.9356193542480469,0.539747953414917,0.8973354697227478,0.7025541663169861,0.9147568941116333,0.6301950812339783,0.9284632205963135,0.5905589461326599,0.9410172700881958,0.5506172180175781
1,0.8606318235397339,0.7846429347991943,0.8112906217575073,0.7725063562393188,0.7609982490539551,0.7603912353515625,0.7138231992721558,0.7628834247589111,0.6728105545043945,0.7745058536529541,0.7867980003356934,0.6029490828514099,0.7770847082138062,0.5109891295433044,0.7772672176361084,0.45185720920562744,0.7773910760879517,0.39376044273376465,0.8201613426208496,0.5813045501708984,0.803758442401886,0.4941825270652771,0.7913087606430054,0.4357200860977173,0.7821178436279297,0.37701189517974854,0.8558838367462158,0.5864925980567932,0.8774676322937012,0.5079644918441772,0.8996741771697998,0.46112728118896484,0.9174283742904663,0.4246222972869873,0.8882202506065369,0.6061721444129944,0.9036594033241272,0.5388311147689819,0.9133880138397217,0.500373125076294,0.922182023525238,0.46197789907455444
1,0.837363064289093,0.6902710199356079,0.7902487516403198,0.6824179887771606,0.7417218089103699,0.6676871180534363,0.6912651658058167,0.6678738594055176,0.6489500403404236,0.6694952249526978,0.7593798637390137,0.5062514543533325,0.7462608814239502,0.4154033660888672,0.743699848651886,0.35606810450553894,0.7394193410873413,0.29824063181877136,0.7921948432922363,0.48176583647727966,0.7716048955917358,0.3961396813392639,0.7548462748527527,0.3333185911178589,0.738880455493927,0.27013278007507324,0.8278281688690186,0.48523756861686707,0.8459551930427551,0.4072749614715576,0.8673266768455505,0.35306790471076965,0.882905125617981,0.3101780116558075,0.8594321608543396,0.5018965601921082,0.872235119342804,0.4332948625087738,0.8796530365943909,0.39032796025276184,0.8855558633804321,0.3478255271911621
1,0.8082248568534851,0.6183524131774902,0.7561559081077576,0.6129915714263916,0.705855131149292,0.5963983535766602,0.6591255068778992,0.5977790355682373,0.6161491870880127,0.5988864302635193,0.7333484292030334,0.42769089341163635,0.7167821526527405,0.336350679397583,0.7123037576675415,0.2770649194717407,0.7058196663856506,0.21948833763599396,0.7679385542869568,0.40799105167388916,0.7606127858161926,0.33055251836776733,0.7632990479469299,0.3095813989639282,0.7625046372413635,0.2904282212257385,0.8029548525810242,0.4133956730365753,0.8192286491394043,0.3360377550125122,0.8353784084320068,0.27521854639053345,0.8456399440765381,0.2243054360151291,0.8337991833686829,0.4336338937282562,0.8415374755859375,0.3675658404827118,0.845482587814331,0.3240360617637634,0.8479573130607605,0.2786853015422821
1,0.27135321497917175,0.6581926345825195,0.3404872417449951,0.6612334847450256,0.40877798199653625,0.6404082775115967,0.46353286504745483,0.6174404621124268,0.5129010677337646,0.596717894077301,0.3892444968223572,0.45641085505485535,0.4056731164455414,0.35745328664779663,0.4144649803638458,0.2967669367790222,0.424103319644928,0.235592320561409,0.35766133666038513,0.4272899329662323,0.39574435353279114,0.3329450190067291,0.4279203414916992,0.27707815170288086,0.4571634531021118,0.22765234112739563,0.3192251920700073,0.42054665088653564,0.32334452867507935,0.30907875299453735,0.3222288489341736,0.23945669829845428,0.328281432390213,0.1780872941017151,0.27916282415390015,0.43098360300064087,0.30137503147125244,0.3479275703430176,0.31704476475715637,0.30241450667381287,0.3357807993888855,0.25726407766342163
1,0.25385352969169617,0.6511486172676086,0.32399243116378784,0.6522220373153687,0.3925647735595703,0.6319953203201294,0.452189564704895,0.6124917268753052,0.5054889917373657,0.5930134057998657,0.37229081988334656,0.44679778814315796,0.38990241289138794,0.3487290143966675,0.3997287154197693,0.288546621799469,0.41022950410842896,0.22874757647514343,0.3390061557292938,0.41633594036102295,0.37556126713752747,0.3219308853149414,0.4056238830089569,0.2657907009124756,0.43265870213508606,0.21537163853645325,0.30064094066619873,0.4092508852481842,0.3017646074295044,0.29928529262542725,0.29950088262557983,0.22886547446250916,0.30478784441947937,0.16809380054473877,0.2614135444164276,0.4206986427307129,0.2803323566913605,0.33633995056152344,0.2949032187461853,0.28732478618621826,0.3145832419395447,0.24019435048103333
1,0.21157076954841614,0.6282902956008911,0.2818397283554077,0.6248791217803955,0.3523165285587311,0.6056883335113525,0.4144873023033142,0.5902871489524841,0.4606916308403015,0.5668920278549194,0.3283647894859314,0.421183705329895,0.34639817476272583,0.3146568238735199,0.3531135618686676,0.24960246682167053,0.35940054059028625,0.1849518120288849,0.29408642649650574,0.39179664850234985,0.3300974369049072,0.29094621539115906,0.35267600417137146,0.22340936958789825,0.37054604291915894,0.16217845678329468,0.2538834512233734,0.38508176803588867,0.25093185901641846,0.2752147316932678,0.23835131525993347,0.20992448925971985,0.23288288712501526,0.15359050035476685,0.2115919291973114,0.39401674270629883,0.2301231324672699,0.30620867013931274,0.24177765846252441,0.25392550230026245,0.25864046812057495,0.20378273725509644
1,0.2526078522205353,0.6243840456008911,0.3268994688987732,0.623744010925293,0.39373698830604553,0.6043218374252319,0.4541625380516052,0.5906859636306763,0.504586935043335,0.5784104466438293,0.363021582365036,0.4138427972793579,0.38247090578079224,0.31344830989837646,0.39610400795936584,0.25471895933151245,0.4107973277568817,0.19970662891864777,0.3300669193267822,0.3889954090118408,0.3530608117580414,0.2933672368526459,0.3718285858631134,0.23997348546981812,0.38910719752311707,0.1957305669784546,0.2923051714897156,0.38403522968292236,0.2881437838077545,0.2758607268333435,0.28470104932785034,0.20150449872016907,0.2868242859840393,0.13868030905723572,0.2545921206474304,0.393697589635849,0.2611561417579651,0.29728835821151733,0.2642218768596649,0.23307055234909058,0.271110862493515,0.17231833934783936
1,0.3527902364730835,0.6089973449707031,0.4224397838115692,0.6171472072601318,0.48941901326179504,0.6077419519424438,0.5468196868896484,0.6053327322006226,0.5895907878875732,0.599734902381897,0.47801244258880615,0.4277207851409912,0.5048540830612183,0.33354464173316956,0.5225016474723816,0.2797756791114807,0.5400909185409546,0.23021185398101807,0.4494611620903015,0.40049341320991516,0.4886472225189209,0.31422144174575806,0.5207586884498596,0.26836395263671875,0.5484587550163269,0.23035238683223724,0.4141840934753418,0.392067015171051,0.4241063892841339,0.2906894087791443,0.4308130443096161,0.22427131235599518,0.44114765524864197,0.16868102550506592,0.37847715616226196,0.39824017882347107,0.39768046140670776,0.3180552124977112,0.4094926714897156,0.26907020807266235,0.4239545166492462,0.22315360605716705
1,0.4116598963737488,0.5720790028572083,0.47644683718681335,0.5857405662536621,0.5406784415245056,0.5800631046295166,0.595675528049469,0.5749545097351074,0.635385274887085,0.5631880164146423,0.537091851234436,0.4082186818122864,0.5641070008277893,0.3190786838531494,0.5818875432014465,0.2677915692329407,0.6003241539001465,0.220674067735672,0.5122392177581787,0.3797031044960022,0.5508525967597961,0.29797953367233276,0.5819280743598938,0.25117796659469604,0.6097445487976074,0.21312794089317322,0.4807825982570648,0.3678402900695801,0.49329936504364014,0.27183032035827637,0.5003796219825745,0.2090378999710083,0.510637104511261,0.15769222378730774,0.44664323329925537,0.3681667447090149,0.4709475636482239,0.296108603477478,0.4867897629737854,0.25127023458480835,0.5062511563301086,0.20878764986991882
1,0.4787532687187195,0.5322490930557251,0.5422763228416443,0.5489509105682373,0.6034443378448486,0.5506554245948792,0.6531077027320862,0.550053596496582,0.6885745525360107,0.541644811630249,0.6019185185432434,0.38126587867736816,0.6308366656303406,0.29361286759376526,0.6484746336936951,0.24190393090248108,0.6652222275733948,0.19338800013065338,0.5790085792541504,0.35340139269828796,0.620085597038269,0.27405399084091187,0.649628758430481,0.22544124722480774,0.6753307580947876,0.183656245470047,0.5490687489509583,0.3396776616573334,0.5649380683898926,0.246241956949234,0.5738263130187988,0.18352286517620087,0.58455491065979,0.13116800785064697,0.5151342749595642,0.33713147044181824,0.5412507057189941,0.2677675485610962,0.5587528944015503,0.22435113787651062,0.5784462094306946,0.18275554478168488
1,0.6051517724990845,0.5645115971565247,0.6700717210769653,0.5831301212310791,0.7327033877372742,0.5835609436035156,0.7840930819511414,0.5881684422492981,0.8240776062011719,0.5913776159286499,0.7241932153701782,0.40971001982688904,0.74428391456604,0.32462143898010254,0.756234884262085,0.2706998586654663,0.7678357362747192,0.22195127606391907,0.6991444826126099,0.3847323954105377,0.7337925434112549,0.3027627766132355,0.7590516209602356,0.2493128776550293,0.7809273600578308,0.20518958568572998,0.6679879426956177,0.37309083342552185,0.6852383017539978,0.2890978455543518,0.69605952501297,0.23695357143878937,0.7080256342887878,0.1935667097568512,0.6324928402900696,0.372872531414032,0.652035117149353,0.3069024682044983,0.6670779585838318,0.2645200192928314,0.6840046048164368,0.22440674901008606
1,0.6244680285453796,0.5787492990493774,0.687358021736145,0.5952600240707397,0.7483212351799011,0.598839282989502,0.8001031875610352,0.6108077764511108,0.8396296501159668,0.6118821501731873,0.7472551465034485,0.42587530612945557,0.7717542052268982,0.3415858745574951,0.7850860953330994,0.2875581979751587,0.7982671856880188,0.23611481487751007,0.723190426826477,0.3971293270587921,0.7609323263168335,0.31933867931365967,0.7897952198982239,0.2660391926765442,0.8149693012237549,0.21864143013954163,0.6921345591545105,0.3847447633743286,0.7032871842384338,0.29912519454956055,0.7019246816635132,0.2508382797241211,0.7045359015464783,0.2106677144765854,0.6568399667739868,0.3857143223285675,0.6784698367118835,0.3161647915840149,0.6938834190368652,0.2730315923690796,0.71245938539505,0.23162220418453217
1,0.6359761953353882,0.7004075646400452,0.7007091045379639,0.7285079956054688,0.7650904655456543,0.7295138835906982,0.8141005635261536,0.7391304969787598,0.8500792980194092,0.7478376030921936,0.7612369060516357,0.5555112361907959,0.7879742383956909,0.4727605879306793,0.8055603504180908,0.4188426733016968,0.8211115598678589,0.3707447648048401,0.7408338189125061,0.5244583487510681,0.7802920937538147,0.44442304968833923,0.8104100823402405,0.3933396637439728,0.8369653820991516,0.3493644595146179,0.713060200214386,0.5045223236083984,0.7395228147506714,0.4186777174472809,0.7630565166473389,0.3674750328063965,0.7852399349212646,0.3237798810005188,0.6802458763122559,0.4963533282279968,0.7030293941497803,0.4186409115791321,0.7193569540977478,0.3636009097099304,0.7358552813529968,0.3135443329811096
1,0.625843346118927,0.7976022362709045,0.6889722347259521,0.8174800872802734,0.7501017451286316,0.82322096824646,0.8022359013557434,0.8408346176147461,0.8442354202270508,0.8507091999053955,0.7543777227401733,0.6485474705696106,0.7816335558891296,0.5649392604827881,0.7973631024360657,0.5102971196174622,0.8135085105895996,0.46036362648010254,0.7325235605239868,0.6164015531539917,0.770977258682251,0.5373266935348511,0.8015552163124084,0.4901235103607178,0.8299242258071899,0.45117783546447754,0.7011643648147583,0.6001746654510498,0.7255693674087524,0.5102779865264893,0.7441994547843933,0.4556185007095337,0.7650527358055115,0.4087899625301361,0.6656680703163147,0.5981451272964478,0.6915515661239624,0.5300614237785339,0.7091392278671265,0.48582223057746887,0.7282871603965759,0.4436997175216675
1,0.5981495380401611,0.8325409293174744,0.6603489518165588,0.8528866767883301,0.7213242053985596,0.8592478632926941,0.7744216918945312,0.8761883974075317,0.818098783493042,0.8875615000724792,0.726477861404419,0.6811222434043884,0.7549256086349487,0.5986431837081909,0.7718449831008911,0.5464905500411987,0.7891808152198792,0.49712103605270386,0.703544020652771,0.648924708366394,0.7425960302352905,0.5700923204421997,0.7707425951957703,0.5229909420013428,0.7964273691177368,0.48242759704589844,0.6727482080459595,0.6339752078056335,0.6927092671394348,0.5450305342674255,0.702695369720459,0.48667746782302856,0.7155189514160156,0.43547824025154114,0.6377465128898621,0.6341422200202942,0.6641230583190918,0.5668632388114929,0.6803188920021057,0.5239807367324829,0.6992987394332886,0.4822157621383667
1,0.4830504059791565,0.8656030297279358,0.5447387099266052,0.8779685497283936,0.6119910478591919,0.8767701387405396,0.6677525043487549,0.8923168182373047,0.713720977306366,0.8992018699645996,0.609407901763916,0.6990916132926941,0.6422784924507141,0.621858537197113,0.6620097160339355,0.5733770132064819,0.6808744668960571,0.5276960134506226,0.5843510627746582,0.6690832376480103,0.6235872507095337,0.5925875902175903,0.6494284868240356,0.5438506603240967,0.6715765595436096,0.5004316568374634,0.5504274368286133,0.6557832360267639,0.5687273144721985,0.5678291320800781,0.5773307681083679,0.5179319977760315,0.5884590148925781,0.4741140902042389,0.5103190541267395,0.6582623720169067,0.5352456569671631,0.5867209434509277,0.5499710440635681,0.5395868420600891,0.5659066438674927,0.4959667921066284
1,0.4104279577732086,0.8835679888725281,0.47773391008377075,0.9042689800262451,0.5487299561500549,0.8946922421455383,0.6085225939750671,0.9024949669837952,0.6560676693916321,0.9093832969665527,0.551759660243988,0.7184708118438721,0.5702436566352844,0.631913959980011,0.5772783756256104,0.5779541730880737,0.5848382115364075,0.5266651511192322,0.5210978984832764,0.689431369304657,0.5488605499267578,0.6088037490844727,0.5705048441886902,0.560315728187561,0.5907338857650757,0.5149739980697632,0.48323237895965576,0.676232099533081,0.49794790148735046,0.5909328460693359,0.502146303653717,0.5722230076789856,0.5101213455200195,0.5570024251937866,0.4420980215072632,0.675792396068573,0.4602842628955841,0.5934303998947144,0.47024935483932495,0.5346193909645081,0.48262661695480347,0.48008471727371216
1,0.331976056098938,0.9011158347129822,0.40679529309272766,0.9211751222610474,0.4809919595718384,0.9225034713745117,0.5350729823112488,0.9316076636314392,0.5800944566726685,0.9369498491287231,0.46575620770454407,0.7362842559814453,0.4850367605686188,0.6479466557502747,0.49573907256126404,0.5966761112213135,0.5062991380691528,0.5509858131408691,0.4325352907180786,0.7077645659446716,0.45984721183776855,0.6226953268051147,0.4796276092529297,0.5775296688079834,0.49782148003578186,0.5386077761650085,0.39504313468933105,0.6949381828308105,0.4124416708946228,0.6110594868659973,0.4260355234146118,0.5687048435211182,0.4420989751815796,0.5301599502563477,0.3541486859321594,0.6953525543212891,0.37059903144836426,0.6133370399475098,0.37930577993392944,0.5548788905143738,0.3908237814903259,0.4990227222442627
1,0.2700827121734619,0.8961297869682312,0.3385058641433716,0.909803032875061,0.4068315625190735,0.9062241911888123,0.46539968252182007,0.9214808940887451,0.5123798847198486,0.9285269975662231,0.39321163296699524,0.7194516658782959,0.40505218505859375,0.6342744827270508,0.40980198979377747,0.5817469358444214,0.41393759846687317,0.5343447923660278,0.3633144795894623,0.6900575160980225,0.3847823739051819,0.6081223487854004,0.4012504518032074,0.5618249177932739,0.41559553146362305,0.5199239253997803,0.3293459713459015,0.6773512363433838,0.3292642831802368,0.5920066833496094,0.3275485336780548,0.5476635694503784,0.33023205399513245,0.5080803632736206,0.293832391500473,0.680653989315033,0.3003988564014435,0.5992765426635742,0.30064260959625244,0.5400565266609192,0.3037438988685608,0.4840008020401001
1,0.1731804609298706,0.8666988611221313,0.2385408580303192,0.8821437358856201,0.3054199516773224,0.8759195804595947,0.36133885383605957,0.8751558661460876,0.4063448905944824,0.8801608085632324,0.28085020184516907,0.6952226161956787,0.28520435094833374,0.607201099395752,0.2798037827014923,0.5510677695274353,0.2730192244052887,0.49733227491378784,0.248962864279747,0.6630067229270935,0.2657506465911865,0.578233003616333,0.27403703331947327,0.5314033031463623,0.2784537672996521,0.48970574140548706,0.21382255852222443,0.6501580476760864,0.21147680282592773,0.5619231462478638,0.20145589113235474,0.5124419927597046,0.1941441297531128,0.467386931180954,0.17869406938552856,0.6532461047172546,0.1865689754486084,0.566930890083313,0.182582288980484,0.5093331336975098,0.17964862287044525,0.4541340470314026
1,0.16974391043186188,0.7771325707435608,0.22930119931697845,0.7898168563842773,0.2939717769622803,0.7799261212348938,0.3448641002178192,0.7750879526138306,0.38628220558166504,0.7767804265022278,0.26460734009742737,0.6084362268447876,0.2628999948501587,0.5133659839630127,0.25231704115867615,0.454649418592453,0.24087466299533844,0.40237295627593994,0.2311510592699051,0.5782240629196167,0.2462601214647293,0.4982214570045471,0.2557026147842407,0.4437935948371887,0.26396140456199646,0.3941437602043152,0.19560585916042328,0.5672319531440735,0.18834641575813293,0.4784024953842163,0.17638400197029114,0.4232809543609619,0.1704452931880951,0.37617161870002747,0.16127526760101318,0.5717153549194336,0.167616069316864,0.4865507483482361,0.16503164172172546,0.4283231794834137,0.1642545461654663,0.37284427881240845
1,0.15444520115852356,0.6854867935180664,0.2126413732767105,0.6915616989135742,0.27055490016937256,0.6746046543121338,0.32214778661727905,0.6656778454780579,0.36619049310684204,0.666235625743866,0.239325612783432,0.4938278794288635,0.23307986557483673,0.4005817174911499,0.2209433615207672,0.3448984622955322,0.20593969523906708,0.29352304339408875,0.20584356784820557,0.46825021505355835,0.22256071865558624,0.37286490201950073,0.22406381368637085,0.3083608150482178,0.22007347643375397,0.2515753507614136,0.1705893576145172,0.46465638279914856,0.16053828597068787,0.37181299924850464,0.14554622769355774,0.32110166549682617,0.1354634314775467,0.27445435523986816,0.13458439707756042,0.47912752628326416,0.1386069506406784,0.3988683521747589,0.13890525698661804,0.3474178612232208,0.14199599623680115,0.2955120801925659
1,0.13600018620491028,0.5915103554725647,0.19206376373767853,0.5892626643180847,0.2486179769039154,0.5665930509567261,0.29694071412086487,0.5535748600959778,0.3320164382457733,0.5363671779632568,0.21709099411964417,0.3981005847454071,0.2109094262123108,0.3030601739883423,0.19332975149154663,0.24623243510723114,0.17231504619121552,0.19722162187099457,0.18369871377944946,0.37704044580459595,0.19551587104797363,0.2819134294986725,0.1953909695148468,0.2203974425792694,0.19199827313423157,0.16709557175636292,0.14865633845329285,0.37587985396385193,0.14141619205474854,0.2821037769317627,0.1338014006614685,0.2249787598848343,0.12876880168914795,0.17290180921554565,0.11362097412347794,0.388168066740036,0.11587545275688171,0.30533891916275024,0.11272586137056351,0.25123900175094604,0.11024650186300278,0.19900763034820557
1,0.15711568295955658,0.5346753597259521,0.21553675830364227,0.5322672128677368,0.27098798751831055,0.5063884258270264,0.31938931345939636,0.48944494128227234,0.35599347949028015,0.4786248803138733,0.2343578040599823,0.3328324258327484,0.22731126844882965,0.24184396862983704,0.2113131731748581,0.185496985912323,0.19226808845996857,0.1363879293203354,0.20269612967967987,0.3136182725429535,0.21385888755321503,0.22015948593616486,0.2118254154920578,0.15963655710220337,0.2060304433107376,0.10809198021888733,0.16783000528812408,0.3143916130065918,0.1620035022497177,0.222995787858963,0.15499356389045715,0.1673804074525833,0.14909550547599792,0.11697904765605927,0.13083922863006592,0.3302389681339264,0.1327289491891861,0.2559557557106018,0.13295350968837738,0.20728269219398499,0.13465693593025208,0.15848469734191895
1,0.764407217502594,0.6886007189750671,0.7094655632972717,0.6965126991271973,0.6551204323768616,0.6863747835159302,0.6093290448188782,0.6850563287734985,0.5714910626411438,0.6879076361656189,0.6666299104690552,0.5343090891838074,0.6490068435668945,0.4618406295776367,0.6445402503013611,0.413644015789032,0.6431180238723755,0.3692948520183563,0.6941970586776733,0.5113539695739746,0.6688474416732788,0.4352157711982727,0.659276008605957,0.38586848974227905,0.6534474492073059,0.34200519323349,0.728169858455658,0.5062991380691528,0.7320314645767212,0.4464607536792755,0.7449789643287659,0.41791725158691406,0.7532269358634949,0.39224302768707275,0.7639962434768677,0.5148026943206787,0.7601202726364136,0.4528508186340332,0.7559243440628052,0.410250723361969,0.7490252256393433,0.36782222986221313
1,0.7729170322418213,0.6847809553146362,0.7184423804283142,0.6919629573822021,0.6633281111717224,0.6834647059440613,0.6172667145729065,0.6821361780166626,0.5794543623924255,0.6844835877418518,0.674135684967041,0.5329830646514893,0.6536661386489868,0.46138057112693787,0.6469746232032776,0.41432657837867737,0.6439880132675171,0.3718692362308502,0.7008670568466187,0.5109030604362488,0.6748124957084656,0.43603968620300293,0.6647016406059265,0.3877977132797241,0.6590286493301392,0.34615641832351685,0.7343116402626038,0.5053907036781311,0.7356440424919128,0.4477916955947876,0.7469184994697571,0.4222659468650818,0.7547215223312378,0.3992384672164917,0.7701228260993958,0.5128313302993774,0.7654472589492798,0.4514339566230774,0.7599331140518188,0.4083690047264099,0.7519633769989014,0.3661082983016968
1,0.7741963267326355,0.6886425018310547,0.7200130224227905,0.6964895725250244,0.6644512414932251,0.6864315271377563,0.618800699710846,0.6835832595825195,0.5804256796836853,0.6858171224594116,0.6780165433883667,0.5322286486625671,0.6593055725097656,0.45949381589889526,0.6534557938575745,0.41131162643432617,0.6509342789649963,0.36765217781066895,0.7056514620780945,0.5118964910507202,0.6799088716506958,0.4377497732639313,0.6687577962875366,0.3892499804496765,0.6618812084197998,0.3466988205909729,0.7388508319854736,0.5082166194915771,0.7422155141830444,0.44849273562431335,0.7533924579620361,0.4203275740146637,0.7605693936347961,0.3955172896385193,0.7736243605613708,0.516703724861145,0.7690069675445557,0.4538824260234833,0.7641513347625732,0.4096428155899048,0.7568122148513794,0.36583513021469116
1,0.7711407542228699,0.6877380609512329,0.715425968170166,0.6937811970710754,0.6610124111175537,0.6857204437255859,0.614814281463623,0.6854755878448486,0.5764678716659546,0.6896288394927979,0.6750733852386475,0.5318657755851746,0.6577963829040527,0.45834633708000183,0.6529097557067871,0.4098294675350189,0.650579035282135,0.3656657636165619,0.702989399433136,0.5109310150146484,0.6791221499443054,0.43517518043518066,0.6676676869392395,0.386066198348999,0.6599507331848145,0.3422660529613495,0.7363863587379456,0.5073758959770203,0.7427482008934021,0.44640854001045227,0.7545053958892822,0.41668909788131714,0.7623180747032166,0.3912489414215088,0.7710552215576172,0.5168536901473999,0.7696631550788879,0.454725444316864,0.7659515142440796,0.4113848805427551,0.7597439289093018,0.36857229471206665
1,0.7722249627113342,0.6882614493370056,0.718658447265625,0.6946228742599487,0.6627718806266785,0.6848660707473755,0.6168395280838013,0.6857969760894775,0.5788069367408752,0.6899343729019165,0.677783727645874,0.5302183032035828,0.6620317697525024,0.454409122467041,0.6562234163284302,0.4048646092414856,0.653424084186554,0.3612091839313507,0.7054889798164368,0.5099056959152222,0.6832171678543091,0.4335680305957794,0.6718071699142456,0.38264453411102295,0.6644131541252136,0.3386075496673584,0.7391038537025452,0.5061558485031128,0.7475395202636719,0.4525677561759949,0.7638663649559021,0.44215038418769836,0.7743306159973145,0.43266573548316956,0.7740501761436462,0.5148422718048096,0.7724390029907227,0.45285072922706604,0.7699621915817261,0.408308207988739,0.76424640417099,0.3641223907470703
1,0.770043671131134,0.689080536365509,0.7135713696479797,0.6957716941833496,0.6581867337226868,0.6836344599723816,0.6146185398101807,0.6806238889694214,0.5771671533584595,0.6869860291481018,0.6836236119270325,0.5282034277915955,0.6737353801727295,0.44723302125930786,0.6699801087379456,0.3963307738304138,0.6640568375587463,0.3534849286079407,0.7134461402893066,0.5130093097686768,0.7060160040855408,0.47073835134506226,0.7119691371917725,0.48318618535995483,0.7160889506340027,0.4944465458393097,0.7465519905090332,0.5093058347702026,0.7501623630523682,0.45630353689193726,0.7645290493965149,0.44619715213775635,0.7738964557647705,0.4371095299720764,0.7794819474220276,0.5165119767189026,0.7740300893783569,0.4550184905529022,0.7708820700645447,0.4127974212169647,0.7661303281784058,0.36668622493743896
1,0.7693062424659729,0.684058666229248,0.7152535915374756,0.6922224760055542,0.6590906381607056,0.683256983757019,0.6125123500823975,0.6841998100280762,0.5745702981948853,0.691311776638031,0.6705964803695679,0.5307674407958984,0.65192711353302,0.45462146401405334,0.6471503376960754,0.40373489260673523,0.6457713842391968,0.35808065533638,0.6986351013183594,0.5090851187705994,0.6743850708007812,0.43099379539489746,0.6640528440475464,0.38004717230796814,0.6578402519226074,0.3353448808193207,0.7325190305709839,0.5040485858917236,0.740690290927887,0.4458950161933899,0.7563669681549072,0.4257476031780243,0.7668557167053223,0.4083966016769409,0.7680007219314575,0.5120710730552673,0.7674956321716309,0.4501451551914215,0.7659209966659546,0.40615761280059814,0.7614035606384277,0.36258184909820557
1,0.765683650970459,0.6761730909347534,0.7126056551933289,0.6836889982223511,0.6556767225265503,0.6761084794998169,0.6089853048324585,0.6785212159156799,0.5710403919219971,0.6870325207710266,0.6658926606178284,0.5267932415008545,0.648682713508606,0.4517552852630615,0.6439183950424194,0.40192827582359314,0.642605721950531,0.3569198250770569,0.6930860280990601,0.5050790309906006,0.6700455546379089,0.428768515586853,0.6581536531448364,0.3783133029937744,0.651160717010498,0.33406364917755127,0.7262679934501648,0.49950987100601196,0.7331832051277161,0.44507765769958496,0.7485616207122803,0.442046195268631,0.7589404582977295,0.4402492046356201,0.7617939710617065,0.5062693357467651,0.7597504258155823,0.4450194239616394,0.7565777897834778,0.40189647674560547,0.7503383159637451,0.3599419593811035
1,0.6525819897651672,0.629389226436615,0.5976242423057556,0.6334607005119324,0.544181227684021,0.6199713945388794,0.4978436827659607,0.6258351802825928,0.4569867253303528,0.6349383592605591,0.5682165026664734,0.45954617857933044,0.5515811443328857,0.3789539635181427,0.5451682209968567,0.33090224862098694,0.5354313254356384,0.2892225384712219,0.5995082855224609,0.44348183274269104,0.5898666977882385,0.37867459654808044,0.5817784667015076,0.3558218479156494,0.571583092212677,0.3382113575935364,0.6332692503929138,0.4431106448173523,0.6380537152290344,0.3736225962638855,0.6414162516593933,0.3206247091293335,0.6427205204963684,0.2756349444389343,0.6637855172157288,0.45585766434669495,0.6599723100662231,0.39083927869796753,0.6560695171356201,0.34744471311569214,0.6510496139526367,0.3031976819038391
1,0.5956525802612305,0.6071415543556213,0.5377352237701416,0.6156220436096191,0.48035281896591187,0.610163152217865,0.4327862560749054,0.6220852136611938,0.393373042345047,0.6326630115509033,0.49133211374282837,0.4483569264411926,0.47338977456092834,0.3756025433540344,0.4664919972419739,0.32819318771362305,0.45978131890296936,0.28576767444610596,0.5195963978767395,0.42749282717704773,0.48901042342185974,0.35550928115844727,0.4726635813713074,0.31336045265197754,0.4581683278083801,0.27830374240875244,0.5534385442733765,0.424113929271698,0.5513789653778076,0.35917675495147705,0.5545996427536011,0.3214156925678253,0.5523861646652222,0.28931066393852234,0.5875508785247803,0.43398594856262207,0.5813561677932739,0.3721943795681,0.5741855502128601,0.3337628245353699,0.563021183013916,0.29670780897140503
1,0.5552685856819153,0.5542267560958862,0.49612563848495483,0.5689911842346191,0.4350643455982208,0.5686623454093933,0.3848695456981659,0.5806437730789185,0.34575343132019043,0.5938009023666382,0.4423719346523285,0.40339842438697815,0.4236738085746765,0.3308149576187134,0.4143124222755432,0.2824212312698364,0.407809853553772,0.2412687987089157,0.46781468391418457,0.3781455159187317,0.4357302784919739,0.30235570669174194,0.41953280568122864,0.2559521794319153,0.40681877732276917,0.21967774629592896,0.5006393194198608,0.3669625520706177,0.49166449904441833,0.3039623200893402,0.4973691701889038,0.27561867237091064,0.4975418150424957,0.2512499690055847,0.5352261066436768,0.36769571900367737,0.5239812731742859,0.30161258578300476,0.5130323171615601,0.2558246850967407,0.4978095591068268,0.2109716385602951
1,0.5419188737869263,0.5394632816314697,0.49375051259994507,0.5843300223350525,0.4362867474555969,0.6170390248298645,0.39331620931625366,0.6541205644607544,0.3600764274597168,0.6835453510284424,0.38893821835517883,0.4678039848804474,0.3479297459125519,0.41036170721054077,0.3240402936935425,0.3715384900569916,0.3028293251991272,0.33848488330841064,0.403657466173172,0.4296416640281677,0.34993600845336914,0.38106465339660645,0.3179877996444702,0.35150381922721863,0.29006874561309814,0.32925891876220703,0.43004533648490906,0.4014562964439392,0.39329978823661804,0.3478948473930359,0.3755277395248413,0.3134836256504059,0.357402503490448,0.2876061499118805,0.46235471963882446,0.38354209065437317,0.42766904830932617,0.3302640914916992,0.40011802315711975,0.2973893880844116,0.37007835507392883,0.26892903447151184
1,0.5398168563842773,0.502488911151886,0.5063856840133667,0.5713733434677124,0.46475908160209656,0.6323611736297607,0.4390798807144165,0.6896652579307556,0.4248657822608948,0.7364303469657898,0.3761449158191681,0.5104153752326965,0.3157590329647064,0.48368802666664124,0.27881067991256714,0.4626411497592926,0.2439408302307129,0.44735825061798096,0.3782179057598114,0.4630342721939087,0.3135546147823334,0.45032721757888794,0.2745198607444763,0.4455435276031494,0.2383541613817215,0.44103461503982544,0.39689895510673523,0.42323389649391174,0.35213059186935425,0.38101932406425476,0.32624590396881104,0.35218513011932373,0.3033236861228943,0.3305533528327942,0.42332524061203003,0.39190590381622314,0.37544211745262146,0.3589918315410614,0.34224116802215576,0.3433845043182373,0.30812162160873413,0.32860296964645386
1,0.5356455445289612,0.4843280613422394,0.5160356163978577,0.5573816299438477,0.48601725697517395,0.623750627040863,0.4599650204181671,0.6843326091766357,0.43923166394233704,0.73553466796875,0.3727405369281769,0.5340489149093628,0.3075087070465088,0.5278905034065247,0.26655203104019165,0.5190449953079224,0.228019580245018,0.5132883191108704,0.3668186664581299,0.4863918423652649,0.3029612600803375,0.49614182114601135,0.2627445459365845,0.5068029761314392,0.2244890332221985,0.5184056162834167,0.3776238262653351,0.44022345542907715,0.3241201937198639,0.41479283571243286,0.28857746720314026,0.39489638805389404,0.2586633563041687,0.3832206130027771,0.39785805344581604,0.4003503620624542,0.3454132378101349,0.38206854462623596,0.31019312143325806,0.37822920083999634,0.2755838632583618,0.37741991877555847
1,0.519883394241333,0.47064265608787537,0.47955697774887085,0.5286332964897156,0.43216949701309204,0.574525773525238,0.3976467251777649,0.6216086149215698,0.36969026923179626,0.6581701636314392,0.3491436243057251,0.4514746069908142,0.2909564673900604,0.41808316111564636,0.2548063397407532,0.393183171749115,0.22055473923683167,0.3736402988433838,0.35648733377456665,0.4064432680606842,0.29553377628326416,0.3846530318260193,0.2551838755607605,0.37745401263237,0.21695494651794434,0.3738658130168915,0.3788820207118988,0.37029361724853516,0.3369119167327881,0.31819382309913635,0.310910165309906,0.28225821256637573,0.2881360650062561,0.2578980326652527,0.40913036465644836,0.34524643421173096,0.36982330679893494,0.3059976100921631,0.34477680921554565,0.2848432660102844,0.31921568512916565,0.2658539414405823
1,0.5078254342079163,0.5148865580558777,0.4511306881904602,0.5448489189147949,0.38842442631721497,0.5567565560340881,0.33671683073043823,0.5752642750740051,0.2946555018424988,0.5935111045837402,0.3682488203048706,0.3875944912433624,0.3314170837402344,0.31743547320365906,0.30864402651786804,0.2733307480812073,0.28675171732902527,0.23518766462802887,0.3915441632270813,0.3550686836242676,0.3469395935535431,0.2882717251777649,0.31674256920814514,0.24955834448337555,0.2899646461009979,0.21887437999248505,0.4246652126312256,0.3412829041481018,0.4105471968650818,0.26524099707603455,0.4044603109359741,0.21233679354190826,0.39681968092918396,0.17230936884880066,0.46174687147140503,0.34316378831863403,0.4467300772666931,0.2804567217826843,0.4325439929962158,0.24696460366249084,0.41594043374061584,0.21749450266361237
1,0.5036107301712036,0.5184593796730042,0.442388117313385,0.5301930904388428,0.37872225046157837,0.5165466666221619,0.32424110174179077,0.5123870968818665,0.27835094928741455,0.5171270370483398,0.4084285795688629,0.3550373315811157,0.40193119645118713,0.26645126938819885,0.40077441930770874,0.20694369077682495,0.40199095010757446,0.15141591429710388,0.44162389636039734,0.3349660038948059,0.4136059284210205,0.24862606823444366,0.3966882526874542,0.19362901151180267,0.38529476523399353,0.14564260840415955,0.48064669966697693,0.33668252825737,0.4885111451148987,0.2613637447357178,0.5105324387550354,0.22978274524211884,0.5276563167572021,0.2115674912929535,0.5203755497932434,0.35492369532585144,0.5276646018028259,0.2867066264152527,0.5352259278297424,0.2519785761833191,0.5393973588943481,0.22432765364646912
1,0.5204386115074158,0.4821585416793823,0.46004319190979004,0.4970204830169678,0.3973664939403534,0.48631471395492554,0.3418336808681488,0.47760337591171265,0.2924920320510864,0.47742342948913574,0.4387512803077698,0.332576185464859,0.43945154547691345,0.244590625166893,0.44347071647644043,0.1847085952758789,0.44991904497146606,0.12887591123580933,0.47406205534935,0.31290388107299805,0.45377010107040405,0.23052512109279633,0.4415307343006134,0.17382533848285675,0.4371797442436218,0.12710590660572052,0.511759340763092,0.317394882440567,0.530531108379364,0.2452646791934967,0.5569947361946106,0.2299674153327942,0.5780461430549622,0.23134762048721313,0.5481893420219421,0.3376258909702301,0.5654919743537903,0.27271509170532227,0.5797359347343445,0.24840867519378662,0.5893967747688293,0.2352391630411148
1,0.5333057045936584,0.4855881333351135,0.4706517159938812,0.5000695586204529,0.4073123335838318,0.4912922978401184,0.35219115018844604,0.47960686683654785,0.30240094661712646,0.4763697683811188,0.4512128531932831,0.33423036336898804,0.4547528326511383,0.24657641351222992,0.461089551448822,0.18631188571453094,0.4691378176212311,0.12932011485099792,0.48996418714523315,0.3150334358215332,0.4730515480041504,0.23408064246177673,0.46147409081459045,0.17681394517421722,0.4583643674850464,0.12886390089988708,0.5290000438690186,0.32139307260513306,0.5506734848022461,0.2535910904407501,0.5755676627159119,0.23301705718040466,0.5970712900161743,0.22952905297279358,0.5645444393157959,0.3434080481529236,0.5844573974609375,0.2883516252040863,0.6003451943397522,0.26831328868865967,0.6126622557640076,0.25657200813293457
1,0.6931688189506531,0.720456063747406,0.7515416145324707,0.6897979974746704,0.7924232482910156,0.655288815498352,0.8240491151809692,0.6063017845153809,0.8522193431854248,0.5777271389961243,0.7517988681793213,0.5303452610969543,0.739172101020813,0.43332090973854065,0.7246648669242859,0.3785415291786194,0.7117041945457458,0.33726659417152405,0.7121854424476624,0.5154685378074646,0.723537027835846,0.40123599767684937,0.7231423258781433,0.3338988423347473,0.7197378873825073,0.28968727588653564,0.6692613363265991,0.5236740708351135,0.6470375657081604,0.4469432830810547,0.6283373236656189,0.40878403186798096,0.6170644164085388,0.39088499546051025,0.6321960687637329,0.549595057964325,0.6230692863464355,0.4882740378379822,0.6240741014480591,0.46619439125061035,0.6271095871925354,0.45274829864501953
1,0.7099770903587341,0.7779460549354553,0.771838903427124,0.7382066249847412,0.8075412511825562,0.6970633268356323,0.8368395566940308,0.6423979997634888,0.8617761135101318,0.6038947105407715,0.7763932943344116,0.5758907198905945,0.7644522786140442,0.46821844577789307,0.7520008683204651,0.40950167179107666,0.7405567169189453,0.3637697994709015,0.7365726232528687,0.5625914335250854,0.7479938268661499,0.441428005695343,0.7465734481811523,0.37220925092697144,0.7418836355209351,0.3247159421443939,0.6909616589546204,0.572634756565094,0.6608145833015442,0.484441876411438,0.6392277479171753,0.44205963611602783,0.6262907981872559,0.4179574251174927,0.6471351385116577,0.6008965969085693,0.6334973573684692,0.5254780054092407,0.6326426863670349,0.5011992454528809,0.6356229782104492,0.4849685728549957
1,0.7059510350227356,0.7867658734321594,0.7651370763778687,0.7450277805328369,0.8018313646316528,0.703881561756134,0.8303040266036987,0.6444409489631653,0.8572865724563599,0.6035794019699097,0.7650388479232788,0.5853271484375,0.751887857913971,0.4806841015815735,0.7386640906333923,0.4203227758407593,0.7262094020843506,0.37333643436431885,0.7265728712081909,0.5734497308731079,0.7336179614067078,0.453410804271698,0.7290370464324951,0.3854973614215851,0.7220818996429443,0.34216809272766113,0.6820157170295715,0.5856530070304871,0.647861123085022,0.49201488494873047,0.6234428882598877,0.4506189227104187,0.6078145503997803,0.43193793296813965,0.6401344537734985,0.6157348155975342,0.6224746108055115,0.5354175567626953,0.6189199090003967,0.5081514716148376,0.6189990043640137,0.48921942710876465
1,0.6941716074943542,0.7771431803703308,0.7530942559242249,0.7322200536727905,0.7864745259284973,0.6915599703788757,0.8116190433502197,0.6352267265319824,0.8363202214241028,0.5969117879867554,0.749119222164154,0.5713152885437012,0.7322074770927429,0.4723162055015564,0.7142421007156372,0.41758254170417786,0.6988897323608398,0.3773561716079712,0.7095102667808533,0.5602898001670837,0.7155071496963501,0.439879834651947,0.710860550403595,0.3695787191390991,0.7043060660362244,0.32402557134628296,0.6650645732879639,0.5749285221099854,0.6301664710044861,0.4841993451118469,0.6075873970985413,0.4453805088996887,0.594262421131134,0.42701923847198486,0.6245248913764954,0.6097111701965332,0.605710506439209,0.5308595895767212,0.6030266880989075,0.5042528510093689,0.6056607365608215,0.48580747842788696
1,0.6916211843490601,0.7629740238189697,0.7570651769638062,0.72300124168396,0.810798168182373,0.6734426617622375,0.8521802425384521,0.615378737449646,0.8839081525802612,0.5761246085166931,0.7329533696174622,0.5569984316825867,0.6943709254264832,0.455951064825058,0.6674743890762329,0.4097311496734619,0.6482136249542236,0.3751400113105774,0.688586413860321,0.5499494671821594,0.671356737613678,0.4288228154182434,0.6639161109924316,0.3555040657520294,0.6618291139602661,0.3021165430545807,0.6490411758422852,0.5598997473716736,0.6395987272262573,0.45154789090156555,0.6389241218566895,0.379347562789917,0.6436594128608704,0.3273079991340637,0.615411639213562,0.5781132578849792,0.5993825793266296,0.5040754079818726,0.5901539325714111,0.46102964878082275,0.5854476094245911,0.4272187352180481
1,0.7013950347900391,0.7829391360282898,0.7664573788642883,0.7400811314582825,0.8231737017631531,0.6887413263320923,0.868320643901825,0.6310744285583496,0.8990057706832886,0.5901884436607361,0.745057225227356,0.5663707852363586,0.705878496170044,0.45612630248069763,0.6811118125915527,0.40706175565719604,0.665237307548523,0.3721163272857666,0.6996594071388245,0.5629019737243652,0.6832053661346436,0.4327983260154724,0.677710235118866,0.3583765923976898,0.6775102615356445,0.30632901191711426,0.6585860252380371,0.5746594667434692,0.6463376879692078,0.4606093764305115,0.6427016854286194,0.39072468876838684,0.6442906260490417,0.3419111669063568,0.6249594688415527,0.5944490432739258,0.610443115234375,0.5092973113059998,0.6032877564430237,0.46396365761756897,0.599838137626648,0.42857712507247925
1,0.706882655620575,0.7782776355743408,0.772858738899231,0.7381045818328857,0.8202134370803833,0.6916021108627319,0.8548383712768555,0.6349132061004639,0.8814824819564819,0.6003533601760864,0.7526508569717407,0.5700668692588806,0.7186569571495056,0.47004804015159607,0.6922906637191772,0.4251580834388733,0.6731658577919006,0.3956001400947571,0.7085837721824646,0.5623019337654114,0.6969361305236816,0.4349064528942108,0.6896620988845825,0.36176598072052,0.6859187483787537,0.30969876050949097,0.6669809818267822,0.5726372003555298,0.6566072106361389,0.4606510400772095,0.6540724039077759,0.3911588191986084,0.6545813679695129,0.34253454208374023,0.6314224600791931,0.594484269618988,0.6136314272880554,0.5159047245979309,0.6051054000854492,0.4723091721534729,0.5999243259429932,0.4372510313987732
1,0.7115036249160767,0.7746395468711853,0.7653507590293884,0.7194684147834778,0.7935575842857361,0.67962646484375,0.817742645740509,0.6361457109451294,0.8405362367630005,0.6112117171287537,0.7496486306190491,0.5611754655838013,0.722431480884552,0.46593067049980164,0.6978505849838257,0.4142603278160095,0.6782090663909912,0.37639307975769043,0.7064258456230164,0.5559563040733337,0.6984081864356995,0.43483543395996094,0.6859254240989685,0.3642102777957916,0.6751040816307068,0.3139073848724365,0.6627581119537354,0.5748736262321472,0.6185802817344666,0.490924596786499,0.5867554545402527,0.4509122371673584,0.5671446919441223,0.42733049392700195,0.6280812621116638,0.6100493669509888,0.599702775478363,0.5272827744483948,0.5875477194786072,0.4901449680328369,0.5807457566261292,0.45838257670402527
1,0.7156156897544861,0.7746520042419434,0.7690362930297852,0.7176253199577332,0.7955207228660583,0.6771486401557922,0.8172019124031067,0.6323554515838623,0.8383573889732361,0.6045268774032593,0.7533231377601624,0.5636485815048218,0.7266771793365479,0.47017452120780945,0.7015814781188965,0.42155158519744873,0.6827800273895264,0.38680586218833923,0.7091764807701111,0.5576065182685852,0.702130913734436,0.4362993836402893,0.6906339526176453,0.3649293780326843,0.6816813945770264,0.3142559826374054,0.6645641326904297,0.5759115815162659,0.6198421120643616,0.490302711725235,0.5879446864128113,0.44936567544937134,0.5684170722961426,0.42522382736206055,0.6292647123336792,0.6121803522109985,0.5998328328132629,0.5295863747596741,0.5885700583457947,0.4960930645465851,0.5828297734260559,0.4686373472213745
1,0.7158271670341492,0.7711211442947388,0.7690371870994568,0.7138863205909729,0.795522928237915,0.6752415895462036,0.8151869177818298,0.6301057934761047,0.8334406614303589,0.600342333316803,0.7528022527694702,0.5588846206665039,0.7251462340354919,0.46499723196029663,0.7006875276565552,0.414067804813385,0.6818201541900635,0.3763425350189209,0.7097219824790955,0.5542923212051392,0.7024177312850952,0.43543684482574463,0.6914399862289429,0.3656249940395355,0.6828684210777283,0.3160817325115204,0.6652350425720215,0.5749393701553345,0.6206496953964233,0.4906355142593384,0.5889965295791626,0.4503686726093292,0.570029616355896,0.42631131410598755,0.6301437616348267,0.6131428480148315,0.6001711487770081,0.5317977666854858,0.5891540050506592,0.4990251064300537,0.5832691788673401,0.4716225862503052
1,0.6680494546890259,0.693365216255188,0.6060118675231934,0.6902174353599548,0.5439854860305786,0.6715271472930908,0.49080032110214233,0.6733376383781433,0.4485717713832855,0.6828617453575134,0.5726893544197083,0.5063397884368896,0.5636277794837952,0.4206838011741638,0.5620447993278503,0.3677622377872467,0.5580530166625977,0.31961768865585327,0.6045987010002136,0.48491233587265015,0.5848245620727539,0.3975156545639038,0.5702455043792725,0.34614667296409607,0.5542834401130676,0.3028167486190796,0.6401342749595642,0.4841664731502533,0.6406115293502808,0.40288156270980835,0.6421224474906921,0.34782448410987854,0.6393913626670837,0.3022212088108063,0.6729419231414795,0.49806663393974304,0.6692246198654175,0.4233681857585907,0.6632509231567383,0.37515878677368164,0.6547431349754333,0.328959584236145
1,0.6596157550811768,0.6876776814460754,0.5972534418106079,0.6843525171279907,0.5372300744056702,0.6670204997062683,0.4855040907859802,0.670533299446106,0.4430614709854126,0.680272102355957,0.5671096444129944,0.501249372959137,0.5555649399757385,0.4153897762298584,0.5530192852020264,0.3630196750164032,0.5489224195480347,0.31379228830337524,0.59918212890625,0.48086807131767273,0.5790202617645264,0.3978671133518219,0.5650643706321716,0.34852302074432373,0.55244380235672,0.30474215745925903,0.6350250244140625,0.48123952746391296,0.6386445760726929,0.4005171060562134,0.6442387700080872,0.3430386185646057,0.647836446762085,0.2946196496486664,0.6680415868759155,0.4959239363670349,0.6683411598205566,0.42437928915023804,0.6661004424095154,0.3781236410140991,0.6632563471794128,0.33187851309776306
1,0.6658356189727783,0.6742211580276489,0.604934811592102,0.6703335046768188,0.5475867390632629,0.6510566473007202,0.4958253502845764,0.6492136716842651,0.45495957136154175,0.65110182762146,0.57929527759552,0.4877924919128418,0.5706862211227417,0.40245598554611206,0.5712078809738159,0.3497287631034851,0.5700830817222595,0.30118125677108765,0.6116606593132019,0.4659084379673004,0.5927343368530273,0.3815752863883972,0.5816916823387146,0.3340298533439636,0.5711076855659485,0.29216697812080383,0.6481730937957764,0.4666375517845154,0.6597048044204712,0.3885372281074524,0.6725196242332458,0.3347179889678955,0.6808151006698608,0.2896803021430969,0.6808053255081177,0.4831186830997467,0.6880584359169006,0.41158103942871094,0.6919780373573303,0.3656187951564789,0.6945569515228271,0.3184179365634918
1,0.6640454530715942,0.66046541929245,0.6045063734054565,0.6582165956497192,0.5524911880493164,0.6405692100524902,0.5046838521957397,0.636430025100708,0.46613427996635437,0.6339585781097412,0.5852081179618835,0.4746140241622925,0.5773671865463257,0.3901880085468292,0.5783227682113647,0.33774033188819885,0.5774135589599609,0.2897624969482422,0.6176939606666565,0.45485424995422363,0.6022433042526245,0.3714557886123657,0.5912813544273376,0.32554128766059875,0.5802190899848938,0.28477197885513306,0.6537221074104309,0.4576186239719391,0.6683623790740967,0.38066813349723816,0.6828389167785645,0.3252869248390198,0.6931083798408508,0.2786245346069336,0.68473219871521,0.4758389890193939,0.6948885321617126,0.40619683265686035,0.6997865438461304,0.3610876202583313,0.7040267586708069,0.31366321444511414
1,0.6624017357826233,0.6529417634010315,0.6050813794136047,0.6496707201004028,0.5553401708602905,0.6321853399276733,0.5119283199310303,0.625270426273346,0.4757595956325531,0.623630702495575,0.587905764579773,0.463885635137558,0.583152711391449,0.3822328746318817,0.5862220525741577,0.3295152187347412,0.5885310769081116,0.28212809562683105,0.6225756406784058,0.4445441663265228,0.6127341985702515,0.35973334312438965,0.6067101955413818,0.3076251447200775,0.6012078523635864,0.260703444480896,0.6587300300598145,0.45009663701057434,0.6782246232032776,0.3768182396888733,0.695868730545044,0.3257273733615875,0.7095121145248413,0.28325578570365906,0.688766598701477,0.47100597620010376,0.7034615874290466,0.4032796621322632,0.7105539441108704,0.358701229095459,0.7171642184257507,0.31152278184890747
1,0.6570549607276917,0.6496708989143372,0.6019755601882935,0.6509934067726135,0.5534593462944031,0.6425728797912598,0.510045051574707,0.6424266695976257,0.4735976457595825,0.643893301486969,0.5776928663253784,0.47150546312332153,0.5696883797645569,0.39003199338912964,0.5710532665252686,0.33661729097366333,0.5723627209663391,0.2870374917984009,0.6108230948448181,0.4478992223739624,0.597833514213562,0.3635403513908386,0.5902099013328552,0.31048738956451416,0.5845469236373901,0.26074516773223877,0.6462350487709045,0.4503629505634308,0.6645979285240173,0.37439876794815063,0.6809747219085693,0.3240130543708801,0.6942586898803711,0.2839139997959137,0.6766245365142822,0.4687345027923584,0.6909326314926147,0.40058398246765137,0.6970317959785461,0.35697463154792786,0.7026289701461792,0.31190747022628784
1,0.6564327478408813,0.6545801162719727,0.6038585901260376,0.6586326956748962,0.5562593936920166,0.6543822288513184,0.514462411403656,0.6591740250587463,0.479493647813797,0.667907178401947,0.5784071683883667,0.48009294271469116,0.570612907409668,0.3976948857307434,0.5730493664741516,0.34347259998321533,0.5757709741592407,0.29302093386650085,0.6106455326080322,0.4562610387802124,0.5976893901824951,0.371442586183548,0.589678943157196,0.31757041811943054,0.5845942497253418,0.26705241203308105,0.6447782516479492,0.4586755335330963,0.6639848351478577,0.38266631960868835,0.6790982484817505,0.3336969017982483,0.6920778155326843,0.2956989109516144,0.6741742491722107,0.4762883186340332,0.6885811686515808,0.4118655323982239,0.694271981716156,0.3716644048690796,0.7002058625221252,0.3304605484008789
1,0.6672235727310181,0.6514535546302795,0.613580584526062,0.6509209871292114,0.5673792362213135,0.6413272619247437,0.5268867015838623,0.6400541067123413,0.4936085641384125,0.6455561518669128,0.5944932699203491,0.4688118100166321,0.5910694003105164,0.3867248296737671,0.5965350866317749,0.3325229585170746,0.6020087599754333,0.2832193374633789,0.6280224323272705,0.44686731696128845,0.6187742352485657,0.36010298132896423,0.6138559579849243,0.30593472719192505,0.6111826300621033,0.25650981068611145,0.6628541350364685,0.45127198100090027,0.6841466426849365,0.3753001093864441,0.7023319005966187,0.32433557510375977,0.7178095579147339,0.2835359573364258,0.6925771236419678,0.47139495611190796,0.7082933187484741,0.4060274362564087,0.7153844237327576,0.36452701687812805,0.7221901416778564,0.3211160898208618
1,0.6532955169677734,0.634357750415802,0.5944398045539856,0.638191819190979,0.5390557646751404,0.6230919361114502,0.4939587712287903,0.6280468702316284,0.4546469449996948,0.6392786502838135,0.5675524473190308,0.45446503162384033,0.5533402562141418,0.3673117458820343,0.5476939082145691,0.31382036209106445,0.5416074395179749,0.2695249319076538,0.6065517663955688,0.43540963530540466,0.6197727918624878,0.34928247332572937,0.6332030892372131,0.30678269267082214,0.6429468393325806,0.2736847400665283,0.6402270793914795,0.43777769804000854,0.6522976756095886,0.3578067421913147,0.6621065139770508,0.2992326617240906,0.6703404188156128,0.24885834753513336,0.667995274066925,0.4535089135169983,0.6697438359260559,0.386828750371933,0.6691873073577881,0.3423542380332947,0.6673809289932251,0.3002835512161255
1,0.6245728731155396,0.597966730594635,0.5634697079658508,0.611153244972229,0.5007562637329102,0.6060588955879211,0.4491845667362213,0.6149435043334961,0.4079817831516266,0.6272556185722351,0.5063633322715759,0.439330130815506,0.48512575030326843,0.3664443790912628,0.47511500120162964,0.31730473041534424,0.46690401434898376,0.27360421419143677,0.530887246131897,0.4118327796459198,0.4961194097995758,0.33899903297424316,0.4781095087528229,0.29619431495666504,0.4615238904953003,0.2606004774570465,0.5633032917976379,0.398939311504364,0.549605667591095,0.3245575428009033,0.5458231568336487,0.2739577889442444,0.5389561653137207,0.23323489725589752,0.5981361865997314,0.4005323350429535,0.5858544111251831,0.3307614326477051,0.5723827481269836,0.2858259677886963,0.5540607571601868,0.245311439037323
1,0.6315311193466187,0.5428784489631653,0.5895594954490662,0.6094194054603577,0.5388385057449341,0.6610548496246338,0.49735212326049805,0.7094599604606628,0.4644739627838135,0.7467854022979736,0.46126872301101685,0.5263270735740662,0.40682223439216614,0.4860980212688446,0.37206441164016724,0.45524927973747253,0.3427830636501312,0.42758071422576904,0.4650481045246124,0.4797484278678894,0.4001677334308624,0.45270857214927673,0.36368101835250854,0.43671363592147827,0.3308447599411011,0.42407724261283875,0.483169823884964,0.43876469135284424,0.43249934911727905,0.3958829641342163,0.403217077255249,0.36226505041122437,0.3777094781398773,0.3379497230052948,0.5090788006782532,0.40685856342315674,0.4588789641857147,0.3677096962928772,0.423170804977417,0.34814316034317017,0.3872610628604889,0.3319239318370819
1,0.2947271764278412,0.6013988852500916,0.35666266083717346,0.6174277067184448,0.418730765581131,0.6144946813583374,0.4734033942222595,0.6126740574836731,0.5192655920982361,0.6008402109146118,0.4169163703918457,0.44444113969802856,0.4373689591884613,0.363390177488327,0.44820576906204224,0.312565416097641,0.4599842131137848,0.26659679412841797,0.3897738754749298,0.41366928815841675,0.4222162961959839,0.3360716700553894,0.4502534568309784,0.2985641360282898,0.4750760793685913,0.2720726728439331,0.35763564705848694,0.40101099014282227,0.3696659803390503,0.31092336773872375,0.3822810649871826,0.25358209013938904,0.39833641052246094,0.2086610198020935,0.32641738653182983,0.40136680006980896,0.3505015969276428,0.3363315165042877,0.36843135952949524,0.29875096678733826,0.38948267698287964,0.26733243465423584
1,0.28505846858024597,0.6108375787734985,0.3446672558784485,0.6270066499710083,0.40773460268974304,0.6228331923484802,0.4654151201248169,0.6242831945419312,0.5112600922584534,0.6189666986465454,0.39892828464508057,0.44444990158081055,0.42076408863067627,0.3623778223991394,0.42842918634414673,0.3107822835445404,0.4374856650829315,0.2619791030883789,0.36719250679016113,0.4148874282836914,0.38686656951904297,0.33570730686187744,0.40074968338012695,0.2904966473579407,0.414050817489624,0.2544550895690918,0.33419495820999146,0.4042515158653259,0.34332016110420227,0.31926077604293823,0.35039016604423523,0.26415032148361206,0.3608226478099823,0.21919018030166626,0.30324992537498474,0.40607771277427673,0.32535648345947266,0.3376166820526123,0.34112074971199036,0.29493236541748047,0.36024704575538635,0.2567705512046814
1,0.2810541093349457,0.604933500289917,0.34330886602401733,0.6162368059158325,0.4076977074146271,0.610217809677124,0.46759968996047974,0.6132981777191162,0.5166134238243103,0.6094271540641785,0.394561767578125,0.4287613332271576,0.41499632596969604,0.3453181982040405,0.4239867627620697,0.29513320326805115,0.43430596590042114,0.24789367616176605,0.3654572069644928,0.4011882245540619,0.3954762816429138,0.31899523735046387,0.4168769419193268,0.2722887396812439,0.4353918433189392,0.23540930449962616,0.331677109003067,0.3927108645439148,0.338773250579834,0.3012921214103699,0.34024155139923096,0.24554508924484253,0.34598055481910706,0.1986212432384491,0.29763638973236084,0.39813995361328125,0.3171553313732147,0.32522445917129517,0.3298266530036926,0.28202176094055176,0.34661737084388733,0.2413867861032486
1,0.4187704622745514,0.5336330533027649,0.48000627756118774,0.5505393743515015,0.5475615859031677,0.5512331128120422,0.6059144735336304,0.5559841394424438,0.6477375030517578,0.5528143644332886,0.5417454242706299,0.3883577287197113,0.566842257976532,0.30467525124549866,0.5789050459861755,0.2521645426750183,0.5901910662651062,0.20389491319656372,0.5147674679756165,0.3587583303451538,0.5503956079483032,0.29087382555007935,0.5745910406112671,0.2444402128458023,0.5954477190971375,0.20376868546009064,0.48389825224876404,0.3443240821361542,0.4898606836795807,0.26367250084877014,0.4875672459602356,0.21684274077415466,0.490702360868454,0.1800929456949234,0.4528435468673706,0.3384314477443695,0.47722020745277405,0.27188223600387573,0.4919429421424866,0.22800780832767487,0.5110004544258118,0.18828809261322021
1,0.4555433392524719,0.525948703289032,0.5157464742660522,0.5470996499061584,0.5820208191871643,0.5548516511917114,0.6360234618186951,0.5576074123382568,0.6767328977584839,0.5491659641265869,0.5814948678016663,0.38722890615463257,0.6055179834365845,0.3033068776130676,0.6159113049507141,0.2492896169424057,0.6253881454467773,0.20198482275009155,0.5555997490882874,0.3580900728702545,0.5932576656341553,0.2890815734863281,0.620356023311615,0.23899967968463898,0.6433137059211731,0.1984500288963318,0.5245581269264221,0.3435233533382416,0.5304404497146606,0.28196683526039124,0.517049252986908,0.27926474809646606,0.5104876756668091,0.2797272801399231,0.49179744720458984,0.3360249400138855,0.515305757522583,0.27135831117630005,0.5304695963859558,0.22851569950580597,0.5488625764846802,0.1888059824705124
1,0.5075461864471436,0.5127158761024475,0.5671743154525757,0.5329629182815552,0.6303889155387878,0.5419809818267822,0.6832486391067505,0.5477867722511292,0.7208025455474854,0.5446661114692688,0.625756561756134,0.3818753659725189,0.6508657336235046,0.30459773540496826,0.663306474685669,0.2567541003227234,0.6756960153579712,0.2124404013156891,0.6024439930915833,0.3523496985435486,0.6392203569412231,0.28453707695007324,0.6646762490272522,0.24149811267852783,0.6860329508781433,0.2043430656194687,0.5740885138511658,0.3375338315963745,0.5866453051567078,0.2569734454154968,0.5922390222549438,0.20319397747516632,0.6002822518348694,0.15784314274787903,0.5436351895332336,0.333566278219223,0.5664357542991638,0.27382415533065796,0.5812352895736694,0.23834918439388275,0.5993468165397644,0.20580795407295227
1,0.5387969017028809,0.49621516466140747,0.6004585027694702,0.5133323073387146,0.6602956056594849,0.5228944420814514,0.712213933467865,0.533798336982727,0.7497846484184265,0.5309537649154663,0.6570810675621033,0.3650941550731659,0.6841026544570923,0.29092609882354736,0.6981157064437866,0.2438858449459076,0.7118979096412659,0.20127400755882263,0.6356244683265686,0.33597812056541443,0.6706591248512268,0.268378883600235,0.6956182718276978,0.22842012345790863,0.7163000702857971,0.1963168978691101,0.6082701683044434,0.32096949219703674,0.6267982721328735,0.23985157907009125,0.6381338834762573,0.18832723796367645,0.6507291793823242,0.14514169096946716,0.578201949596405,0.31660306453704834,0.5992291569709778,0.2587743401527405,0.6152004599571228,0.22352634370326996,0.6342082619667053,0.19162526726722717
1,0.5435497760772705,0.5309743285179138,0.6031482219696045,0.5529239177703857,0.6627489328384399,0.5621068477630615,0.7102321982383728,0.5716071724891663,0.7457687258720398,0.5694282650947571,0.663608968257904,0.40336060523986816,0.6907913088798523,0.3283822238445282,0.7048801183700562,0.28249335289001465,0.7192915678024292,0.24225887656211853,0.6413651704788208,0.3766995668411255,0.6734692454338074,0.3058716058731079,0.6974363923072815,0.2648025155067444,0.7178575992584229,0.23383136093616486,0.6145365834236145,0.3626713156700134,0.6321690678596497,0.2814299464225769,0.6450086236000061,0.2298049032688141,0.6595777273178101,0.18845169246196747,0.5857045650482178,0.35817378759384155,0.610163152217865,0.29927778244018555,0.6280058026313782,0.26461532711982727,0.6488304734230042,0.2340109795331955
1,0.5409516096115112,0.5610155463218689,0.5971174836158752,0.5861707925796509,0.6537281274795532,0.5999899506568909,0.7001462578773499,0.61357581615448,0.7346450090408325,0.6177480220794678,0.6593173146247864,0.44537392258644104,0.6878520250320435,0.37742018699645996,0.7020711898803711,0.332408607006073,0.7158491611480713,0.2919841408729553,0.6400241255760193,0.4150448441505432,0.6780221462249756,0.35475027561187744,0.7083070278167725,0.31986767053604126,0.7340511679649353,0.2922835648059845,0.615270733833313,0.3981406092643738,0.6357569098472595,0.32071852684020996,0.6508602499961853,0.27283358573913574,0.6671011447906494,0.23474609851837158,0.5880995988845825,0.3920961320400238,0.6113574504852295,0.3358478546142578,0.6297118663787842,0.30212461948394775,0.6507089138031006,0.2732418179512024
1,0.5386534929275513,0.6280379295349121,0.5922834873199463,0.6540886759757996,0.6478764414787292,0.674724280834198,0.6927504539489746,0.7036752104759216,0.7279538512229919,0.7167748808860779,0.6632975339889526,0.5191065073013306,0.6962921619415283,0.45120668411254883,0.7135397791862488,0.4063982367515564,0.7308993935585022,0.36564695835113525,0.6454383134841919,0.4859674274921417,0.6851529479026794,0.42357558012008667,0.7170170545578003,0.3894616961479187,0.7441213726997375,0.3637439012527466,0.6200620532035828,0.46731674671173096,0.640376627445221,0.38657549023628235,0.6564357280731201,0.33748185634613037,0.6738919019699097,0.2999858558177948,0.5921763777732849,0.4608202874660492,0.6173735857009888,0.4039192795753479,0.6369150280952454,0.37096720933914185,0.659629225730896,0.34306246042251587
1,0.39845699071884155,0.7422666549682617,0.4597152769565582,0.7725130915641785,0.5242120623588562,0.7832781076431274,0.57364821434021,0.8027885556221008,0.612195611000061,0.8182260990142822,0.5327596068382263,0.62520432472229,0.5628638863563538,0.5643048882484436,0.5761584043502808,0.5256402492523193,0.5865931510925293,0.48907262086868286,0.5116255283355713,0.5863154530525208,0.5547353029251099,0.5237216353416443,0.5813297033309937,0.47975629568099976,0.6025936007499695,0.44126343727111816,0.4834495186805725,0.5619326233863831,0.5098305940628052,0.4908604025840759,0.5230743885040283,0.4471682012081146,0.5367645025253296,0.41127312183380127,0.4505462944507599,0.5508143901824951,0.47770020365715027,0.48816239833831787,0.49398094415664673,0.4456315040588379,0.5120846033096313,0.4068206548690796
1,0.2947084903717041,0.8023961782455444,0.3557536005973816,0.8288813829421997,0.41999292373657227,0.8373220562934875,0.4706813097000122,0.8675849437713623,0.5150826573371887,0.8908856511116028,0.42573821544647217,0.6657936573028564,0.4581988453865051,0.5875059366226196,0.47444212436676025,0.5406704545021057,0.48980623483657837,0.49681469798088074,0.40178507566452026,0.6344084739685059,0.4432236850261688,0.5721033811569214,0.47248467803001404,0.5309415459632874,0.49727505445480347,0.4951913356781006,0.37051674723625183,0.6174176335334778,0.38882750272750854,0.5621371269226074,0.37576422095298767,0.5813660621643066,0.3691777288913727,0.5960606932640076,0.3364766240119934,0.6102961301803589,0.36138832569122314,0.5485889911651611,0.3773205280303955,0.5060973167419434,0.3964117467403412,0.46536529064178467
1,0.2604529857635498,0.8388717770576477,0.3207952380180359,0.8622574806213379,0.38016387820243835,0.8705896139144897,0.4303922653198242,0.8979046940803528,0.4751890003681183,0.9182537794113159,0.3772262930870056,0.691792905330658,0.4029071033000946,0.6136963367462158,0.414305716753006,0.567249059677124,0.4234228730201721,0.5212692022323608,0.3527684807777405,0.6640151143074036,0.3892144560813904,0.5976650714874268,0.4096141457557678,0.5544441342353821,0.42462146282196045,0.5116205811500549,0.32309630513191223,0.6517055630683899,0.33755233883857727,0.5780492424964905,0.3316997289657593,0.5472220778465271,0.32977044582366943,0.5171014070510864,0.29056480526924133,0.6528236269950867,0.30905288457870483,0.5901342630386353,0.31883060932159424,0.5445138216018677,0.3309079706668854,0.4987075924873352
1,0.20949314534664154,0.9050366282463074,0.26829564571380615,0.9293559193611145,0.33127450942993164,0.9337222576141357,0.3816457688808441,0.9565333127975464,0.42110612988471985,0.978545069694519,0.3247482180595398,0.7589619159698486,0.3437919616699219,0.6807006001472473,0.3509378731250763,0.6340522170066833,0.3574625551700592,0.589949905872345,0.29744699597358704,0.729942798614502,0.32854560017585754,0.6607218980789185,0.3474322259426117,0.6194408535957336,0.36215460300445557,0.5823101997375488,0.26488590240478516,0.7173271179199219,0.27774161100387573,0.6573968529701233,0.2680782675743103,0.6670229434967041,0.2606390714645386,0.6740872859954834,0.23129650950431824,0.7176679968833923,0.24992305040359497,0.6530084013938904,0.2581496834754944,0.607763409614563,0.26805639266967773,0.5635496377944946
1,0.17499876022338867,0.8117327690124512,0.23006224632263184,0.8359920382499695,0.29050034284591675,0.840115487575531,0.3381490707397461,0.8521184325218201,0.37552881240844727,0.8703187704086304,0.27768802642822266,0.6625137329101562,0.2875159978866577,0.5752872228622437,0.2871623635292053,0.522087574005127,0.2863304615020752,0.4714234173297882,0.24867083132266998,0.6293297410011292,0.27378204464912415,0.5567189455032349,0.28831663727760315,0.5109621286392212,0.2994512617588043,0.46981847286224365,0.21606671810150146,0.6137735843658447,0.21849101781845093,0.5353057384490967,0.21042147278785706,0.4894864559173584,0.20533108711242676,0.4486585259437561,0.1836521327495575,0.6133955121040344,0.19509917497634888,0.5418548583984375,0.1945120245218277,0.49493107199668884,0.19466957449913025,0.4500919580459595
1,0.15786130726337433,0.6363356709480286,0.20886480808258057,0.657364547252655,0.26680710911750793,0.6610596179962158,0.31562814116477966,0.6754004955291748,0.35200509428977966,0.6905643939971924,0.26105865836143494,0.47961097955703735,0.274757981300354,0.3843643069267273,0.2742832601070404,0.327465683221817,0.2718527913093567,0.27416712045669556,0.2323576807975769,0.4504678249359131,0.25893479585647583,0.37879496812820435,0.27217456698417664,0.33619892597198486,0.2827395498752594,0.29738351702690125,0.20018313825130463,0.4376411736011505,0.2023574262857437,0.3573283553123474,0.19040758907794952,0.30922043323516846,0.18394669890403748,0.26682114601135254,0.16747801005840302,0.43745842576026917,0.18362364172935486,0.3657672703266144,0.1880657970905304,0.31735455989837646,0.19355103373527527,0.2696349024772644
1,0.18099845945835114,0.5510838627815247,0.2359492927789688,0.5679364800453186,0.2929863929748535,0.5685091614723206,0.3421272337436676,0.5788387060165405,0.3821582794189453,0.5888931751251221,0.2838606834411621,0.3825382888317108,0.29936087131500244,0.2896721363067627,0.2975655496120453,0.23513701558113098,0.2928338050842285,0.18556475639343262,0.2520863711833954,0.3524250388145447,0.2786688208580017,0.26577115058898926,0.2912619411945343,0.2116718739271164,0.29936137795448303,0.16683638095855713,0.2182670682668686,0.34258073568344116,0.21801072359085083,0.2545996904373169,0.20829060673713684,0.20424796640872955,0.20265033841133118,0.1600112020969391,0.18519091606140137,0.3462074100971222,0.20015206933021545,0.27245721220970154,0.20747017860412598,0.22598464787006378,0.21780335903167725,0.17935608327388763
1,0.25705528259277344,0.5144416093826294,0.3180674910545349,0.5302649736404419,0.3810445964336395,0.5282366275787354,0.4366787075996399,0.5459094643592834,0.47815948724746704,0.5569454431533813,0.3678072690963745,0.3455158472061157,0.3857232630252838,0.2518545389175415,0.39150622487068176,0.19212347269058228,0.395199179649353,0.14032888412475586,0.33219873905181885,0.32022979855537415,0.33613887429237366,0.2599240839481354,0.3274700939655304,0.2793586254119873,0.3180151581764221,0.30245617032051086,0.2975824475288391,0.30900660157203674,0.3027133643627167,0.22735634446144104,0.3029443323612213,0.18184734880924225,0.3022415041923523,0.14200812578201294,0.2658417820930481,0.3070661723613739,0.2819180488586426,0.2334810048341751,0.2932172417640686,0.18446147441864014,0.3068106174468994,0.1347639262676239
1,0.3353387117385864,0.49822190403938293,0.3960026502609253,0.517583429813385,0.4673466384410858,0.521012008190155,0.5275570154190063,0.541130781173706,0.5704103112220764,0.5547177791595459,0.46291202306747437,0.3458322286605835,0.485012412071228,0.25342273712158203,0.49532052874565125,0.19593985378742218,0.5057628154754639,0.14429184794425964,0.4330717921257019,0.31458500027656555,0.45434659719467163,0.2484680712223053,0.4678630232810974,0.21473288536071777,0.4816453158855438,0.1853257119655609,0.39919230341911316,0.3000560402870178,0.40032121539115906,0.234241783618927,0.3881613612174988,0.2303578406572342,0.38431787490844727,0.22961778938770294,0.36577481031417847,0.2936764061450958,0.38955816626548767,0.22223183512687683,0.4030775725841522,0.1737697422504425,0.4194842576980591,0.13013693690299988
1,0.4286157488822937,0.48946231603622437,0.49458208680152893,0.5151294469833374,0.5675026178359985,0.5251480340957642,0.6234087347984314,0.5409959554672241,0.6657412648200989,0.5498273968696594,0.5667697191238403,0.34665563702583313,0.590924084186554,0.2590056359767914,0.6017963290214539,0.2020101398229599,0.6110447645187378,0.1556672900915146,0.5395593047142029,0.318069189786911,0.5701274275779724,0.2418905794620514,0.5941499471664429,0.19299837946891785,0.6141116619110107,0.1552642285823822,0.5070730447769165,0.3019285798072815,0.5096489787101746,0.25029537081718445,0.49264782667160034,0.2781738042831421,0.4817862808704376,0.3036695718765259,0.4730726182460785,0.2906331717967987,0.4933512508869171,0.21736271679401398,0.5060920119285583,0.16760647296905518,0.520114541053772,0.12270262837409973
1,0.4880453050136566,0.4916102886199951,0.5512793064117432,0.5156868100166321,0.6211224794387817,0.5255508422851562,0.6761218309402466,0.545019268989563,0.7157354354858398,0.5565714240074158,0.6163775324821472,0.3551770746707916,0.6393312215805054,0.27423831820487976,0.6508076190948486,0.2196165770292282,0.6626873016357422,0.17267921566963196,0.5899490118026733,0.32727017998695374,0.617380678653717,0.25834429264068604,0.6411606669425964,0.2137419879436493,0.6627833843231201,0.17829126119613647,0.559301495552063,0.31158193945884705,0.5739420056343079,0.2550446391105652,0.5674881339073181,0.2677413821220398,0.5633860230445862,0.28230953216552734,0.5265234708786011,0.30124467611312866,0.5499535799026489,0.23142428696155548,0.5661653876304626,0.18209108710289001,0.5826026201248169,0.13853394985198975
1,0.5107431411743164,0.49681025743484497,0.5735525488853455,0.5163679122924805,0.6415572166442871,0.5266373753547668,0.6979477405548096,0.5488835573196411,0.7369472980499268,0.5637453198432922,0.6379555463790894,0.3614784777164459,0.6605841517448425,0.2803797125816345,0.6740757822990417,0.22787810862064362,0.6884443759918213,0.18259641528129578,0.6130796670913696,0.33273187279701233,0.6422639489173889,0.2601493299007416,0.665293276309967,0.21264447271823883,0.6861091256141663,0.17294178903102875,0.5836927890777588,0.3166455030441284,0.5931932330131531,0.24717089533805847,0.5928425192832947,0.224604070186615,0.5962434411048889,0.2091469168663025,0.5518898963928223,0.3083433508872986,0.574186384677887,0.23994717001914978,0.588824450969696,0.19380590319633484,0.605504035949707,0.152431920170784
1,0.557173490524292,0.5275627970695496,0.6202609539031982,0.547190248966217,0.6858264207839966,0.5577369928359985,0.7366602420806885,0.5773769617080688,0.7737736701965332,0.5944585204124451,0.6810283064842224,0.3927958905696869,0.7044959664344788,0.3127298355102539,0.7163863778114319,0.26140832901000977,0.7281364798545837,0.2173732966184616,0.6590313911437988,0.36682868003845215,0.6930690407752991,0.29325366020202637,0.7151557803153992,0.2491110861301422,0.7332106232643127,0.2142726629972458,0.6316087245941162,0.35184961557388306,0.6581631898880005,0.27559417486190796,0.6765516996383667,0.23403649032115936,0.695037305355072,0.19992269575595856,0.5980246663093567,0.3450819253921509,0.6168209314346313,0.2843162417411804,0.6333550214767456,0.24584931135177612,0.6521304249763489,0.21066053211688995
1,0.5732642412185669,0.541878342628479,0.6356552243232727,0.5649654865264893,0.6987013816833496,0.5777269601821899,0.7488970756530762,0.5961188673973083,0.785704493522644,0.6111288070678711,0.7007344365119934,0.41332656145095825,0.7253125309944153,0.33528396487236023,0.7365010380744934,0.284853458404541,0.7470743656158447,0.24049723148345947,0.6772162914276123,0.3858129382133484,0.7097377181053162,0.31568360328674316,0.7332300543785095,0.27099108695983887,0.7527615427970886,0.2342984676361084,0.6494650840759277,0.37059882283210754,0.6674084663391113,0.29643240571022034,0.6704596877098083,0.265270471572876,0.6757969260215759,0.2415882647037506,0.6178323030471802,0.3629864752292633,0.6411144137382507,0.3006821870803833,0.6589705348014832,0.2606474757194519,0.6793568134307861,0.22374902665615082
1,0.5774006843566895,0.568328857421875,0.6362472772598267,0.5918356776237488,0.6980482935905457,0.6039379239082336,0.7485637664794922,0.6249237656593323,0.7851173877716064,0.6399163603782654,0.7025147080421448,0.44095274806022644,0.7260661721229553,0.36322179436683655,0.736219584941864,0.3110002875328064,0.744875967502594,0.2647665739059448,0.6809717416763306,0.4120355248451233,0.7127455472946167,0.34604978561401367,0.7369757294654846,0.30205103754997253,0.7570324540138245,0.26403892040252686,0.6542569994926453,0.3948718309402466,0.6694043278694153,0.32514622807502747,0.6698370575904846,0.30593693256378174,0.6726948618888855,0.2925536632537842,0.6237391233444214,0.38505494594573975,0.6446546912193298,0.3186655044555664,0.6602877974510193,0.2734408974647522,0.6776004433631897,0.23248276114463806
1,0.5772752165794373,0.5781527757644653,0.6359913349151611,0.6016219258308411,0.6994102597236633,0.6161944270133972,0.7506917119026184,0.6405017375946045,0.787127673625946,0.6565855145454407,0.7069877982139587,0.4557686448097229,0.7309565544128418,0.37614572048187256,0.7413905262947083,0.323849081993103,0.7508631944656372,0.27774062752723694,0.684326171875,0.42734628915786743,0.7167894244194031,0.3674793243408203,0.7398437261581421,0.32963883876800537,0.760500967502594,0.29403871297836304,0.6570416688919067,0.41022858023643494,0.6702609062194824,0.33953118324279785,0.6709340810775757,0.3109314441680908,0.6753642559051514,0.28748488426208496,0.626480758190155,0.39978232979774475,0.6491444706916809,0.3343786895275116,0.6657520532608032,0.29038771986961365,0.685069739818573,0.2490922510623932
1,0.5750176310539246,0.6108804941177368,0.6315526962280273,0.6325598955154419,0.691985011100769,0.6465113162994385,0.7380496859550476,0.6751083135604858,0.7710087299346924,0.6982094049453735,0.7035435438156128,0.4897395372390747,0.7325171232223511,0.41755411028862,0.7459560036659241,0.36873292922973633,0.757777214050293,0.32397109270095825,0.6837219595909119,0.45955491065979004,0.7191406488418579,0.39331501722335815,0.7414332628250122,0.35185706615448,0.7599325180053711,0.3167434334754944,0.6573696732521057,0.4406939744949341,0.6790584325790405,0.3648902475833893,0.6914321184158325,0.3206697702407837,0.7047708630561829,0.28358250856399536,0.6261149644851685,0.4312422275543213,0.6497326493263245,0.36963874101638794,0.6657991409301758,0.3292731046676636,0.6836225390434265,0.291515588760376
1,0.5674758553504944,0.6882534027099609,0.6241493225097656,0.7131020426750183,0.6830189824104309,0.7282564640045166,0.7264888882637024,0.7576102018356323,0.7607675194740295,0.7765455842018127,0.69471675157547,0.5679017305374146,0.7256829738616943,0.49759745597839355,0.7427292466163635,0.45174846053123474,0.7595053315162659,0.41111689805984497,0.6760543584823608,0.5386702418327332,0.7142398953437805,0.47354090213775635,0.742150068283081,0.4344331622123718,0.7671035528182983,0.4048961400985718,0.650741457939148,0.5201255083084106,0.680436909198761,0.44905537366867065,0.7025799751281738,0.4150315523147583,0.7259167432785034,0.389297217130661,0.6201502680778503,0.5102161765098572,0.644453763961792,0.4487549960613251,0.6654154658317566,0.4090651571750641,0.6900742650032043,0.37442028522491455
1,0.6301687359809875,0.7114883065223694,0.6853874921798706,0.7287879586219788,0.7419316172599792,0.7344990968704224,0.7866920232772827,0.7595635652542114,0.8195556402206421,0.7798143029212952,0.7473431825637817,0.5838839411735535,0.77022784948349,0.5163600444793701,0.7832019925117493,0.47273123264312744,0.7964798808097839,0.4340299665927887,0.7277881503105164,0.5569586157798767,0.7578756809234619,0.4900110960006714,0.7809656858444214,0.454600989818573,0.8022578358650208,0.426521897315979,0.7027444243431091,0.541091799736023,0.7262477874755859,0.4699322581291199,0.7482599020004272,0.43802693486213684,0.7708691954612732,0.41344723105430603,0.6736797094345093,0.5343684554100037,0.6928172707557678,0.46987384557724,0.710544764995575,0.42920583486557007,0.7318040728569031,0.3939826190471649
1,0.6409866809844971,0.7463250756263733,0.6966410875320435,0.770646333694458,0.7540952563285828,0.7808035016059875,0.7982738614082336,0.8023078441619873,0.8305884003639221,0.8226052522659302,0.7661209106445312,0.6303873062133789,0.7899688482284546,0.5655987858772278,0.8038107752799988,0.5212169885635376,0.8160734176635742,0.4821931719779968,0.7484647631645203,0.6026774644851685,0.7831186056137085,0.5413402915000916,0.8076430559158325,0.5071452260017395,0.8279517889022827,0.48030927777290344,0.7253667116165161,0.5839880108833313,0.7576133012771606,0.5191462635993958,0.7867839932441711,0.4910714030265808,0.8136720061302185,0.47102323174476624,0.6964225769042969,0.5719584226608276,0.7183777093887329,0.5080459117889404,0.7393573522567749,0.47004252672195435,0.7630816102027893,0.4401812255382538
1,0.6358000636100769,0.7623993754386902,0.6926195621490479,0.7851281762123108,0.7512111663818359,0.7959284782409668,0.7947952747344971,0.8216840624809265,0.826851487159729,0.8438315391540527,0.7628846168518066,0.643548309803009,0.7869898080825806,0.5768181085586548,0.8009595274925232,0.5317157506942749,0.8134967684745789,0.4925396144390106,0.74446702003479,0.615873396396637,0.7794196605682373,0.5537193417549133,0.8060389161109924,0.519126296043396,0.8288471102714539,0.4924919307231903,0.7205236554145813,0.597589373588562,0.752640962600708,0.5304470658302307,0.7813753485679626,0.5019586682319641,0.8089014887809753,0.48153382539749146,0.6913177967071533,0.5868407487869263,0.7131592035293579,0.5223482847213745,0.7342978715896606,0.4844478368759155,0.7588618397712708,0.45448726415634155
1,0.6257537603378296,0.7816442251205444,0.6807124614715576,0.8068392872810364,0.7384036779403687,0.8188351988792419,0.7833092212677002,0.845621645450592,0.817422091960907,0.8687272071838379,0.751626193523407,0.6630091071128845,0.7790640592575073,0.5982138514518738,0.7952624559402466,0.5552432537078857,0.8102508187294006,0.5175215005874634,0.7341979146003723,0.6359567642211914,0.7716448307037354,0.5750377178192139,0.7982708215713501,0.539232075214386,0.8211925029754639,0.5110506415367126,0.7110336422920227,0.618660032749176,0.7447882890701294,0.5534101724624634,0.772519052028656,0.523456335067749,0.7990702390670776,0.5013642907142639,0.6819256544113159,0.6094284057617188,0.7055462002754211,0.5475267171859741,0.7260155081748962,0.5094298720359802,0.7490969300270081,0.4786571264266968
1,0.553034782409668,0.8265430331230164,0.6125485897064209,0.8672374486923218,0.6736283898353577,0.8907039761543274,0.7164239883422852,0.9121435880661011,0.7519841194152832,0.9340764880180359,0.6847047209739685,0.7164698243141174,0.7114759683609009,0.6483678817749023,0.7282261252403259,0.6075437068939209,0.7447978258132935,0.5704364776611328,0.665497899055481,0.6833018064498901,0.7025145292282104,0.6148794889450073,0.7270034551620483,0.5763739347457886,0.7499960064888,0.5438861846923828,0.6398118734359741,0.6624405384063721,0.6734632849693298,0.5935204029083252,0.6967746019363403,0.555769145488739,0.7199114561080933,0.5240421295166016,0.6073869466781616,0.654167115688324,0.6334816813468933,0.5920310020446777,0.6506900191307068,0.5484219193458557,0.6692013740539551,0.5082942247390747
1,0.441798597574234,0.8502698540687561,0.495610773563385,0.8842014074325562,0.5549049377441406,0.9011343717575073,0.6048083305358887,0.9326505064964294,0.6461621522903442,0.95686936378479,0.5756753087043762,0.7340173125267029,0.6073362827301025,0.6686817407608032,0.623602569103241,0.6273947358131409,0.6366001963615417,0.592349112033844,0.5548095107078552,0.6985628604888916,0.5943746566772461,0.6334108710289001,0.6147173643112183,0.5953260064125061,0.6285849213600159,0.5653958320617676,0.5242428779602051,0.6778475642204285,0.5504226088523865,0.6056153774261475,0.5615994930267334,0.5635418891906738,0.5724984407424927,0.5273536443710327,0.4868549108505249,0.6711907386779785,0.5130326747894287,0.6150197982788086,0.5281639695167542,0.5767267346382141,0.5449792146682739,0.5402072668075562
1,0.31399044394493103,0.845433235168457,0.3767545819282532,0.8684733510017395,0.43460318446159363,0.8764727115631104,0.4818096160888672,0.9020366668701172,0.5250837802886963,0.9281342625617981,0.43589985370635986,0.7043522596359253,0.46078240871429443,0.6364444494247437,0.47567832469940186,0.59903883934021,0.488957017660141,0.5661374926567078,0.4124399721622467,0.6738592386245728,0.44265398383140564,0.6026549339294434,0.46015849709510803,0.5657711029052734,0.47435081005096436,0.5361937284469604,0.3828411102294922,0.6576660871505737,0.411410391330719,0.5843026638031006,0.43071821331977844,0.5504693984985352,0.4499257802963257,0.5219775438308716,0.34657055139541626,0.6569049954414368,0.35790860652923584,0.5914668440818787,0.3672093152999878,0.5463165640830994,0.3796755075454712,0.5051782131195068
1,0.23279476165771484,0.7718629837036133,0.2876933813095093,0.7928712964057922,0.3452579975128174,0.7974691390991211,0.39299023151397705,0.818362832069397,0.4309321641921997,0.8468072414398193,0.34132692217826843,0.6114432215690613,0.3536660969257355,0.5330598950386047,0.35261183977127075,0.4871566891670227,0.3487492501735687,0.44627267122268677,0.3140975534915924,0.5835613012313843,0.3313002586364746,0.5005826950073242,0.33611172437667847,0.4562417268753052,0.33576494455337524,0.41906070709228516,0.28287819027900696,0.5722272396087646,0.2833351790904999,0.49250298738479614,0.27944862842559814,0.44979479908943176,0.2758059799671173,0.4111114740371704,0.24906039237976074,0.5754271149635315,0.254142701625824,0.5042160749435425,0.25283098220825195,0.45889201760292053,0.2525922954082489,0.41428714990615845
1,0.1923242211341858,0.7140225768089294,0.24057766795158386,0.7353720664978027,0.2947460412979126,0.7361905574798584,0.33856749534606934,0.7479559779167175,0.37522876262664795,0.7679504752159119,0.29110437631607056,0.5606816411018372,0.2995050847530365,0.47898614406585693,0.2909529209136963,0.42535001039505005,0.2773832082748413,0.38089805841445923,0.26504525542259216,0.5311148166656494,0.287538081407547,0.4507441818714142,0.2934361398220062,0.4020603895187378,0.29464292526245117,0.3629622757434845,0.23472455143928528,0.5177434086799622,0.2458651065826416,0.43801552057266235,0.2505645155906677,0.3918607234954834,0.2548564374446869,0.35193130373954773,0.20188310742378235,0.5195703506469727,0.21438391506671906,0.45016008615493774,0.2172916978597641,0.40151312947273254,0.21993038058280945,0.3552456498146057
1,0.14648059010505676,0.6594083905220032,0.19353145360946655,0.6762581467628479,0.24610121548175812,0.676185131072998,0.29311057925224304,0.6880237460136414,0.3308860957622528,0.6995742321014404,0.24116867780685425,0.502665102481842,0.24910584092140198,0.4157436192035675,0.24168971180915833,0.36138391494750977,0.2298644781112671,0.3158455193042755,0.2144593894481659,0.4736941456794739,0.23429688811302185,0.39161962270736694,0.23699599504470825,0.3423713445663452,0.2343132346868515,0.3027510643005371,0.18476790189743042,0.4631041884422302,0.1836390495300293,0.382461279630661,0.1748950481414795,0.3364517092704773,0.16931283473968506,0.2963622212409973,0.154586523771286,0.4663015305995941,0.16680637001991272,0.39710962772369385,0.1668199598789215,0.34778594970703125,0.16680343449115753,0.3000274896621704
1,0.30811411142349243,0.5839017033576965,0.3717758059501648,0.6034804582595825,0.44065940380096436,0.6060236692428589,0.4988958239555359,0.6220412254333496,0.5426822900772095,0.6450781226158142,0.44047194719314575,0.42466139793395996,0.46186065673828125,0.33466261625289917,0.4722345471382141,0.27789121866226196,0.48214566707611084,0.22830702364444733,0.41231122612953186,0.3956347703933716,0.4434608221054077,0.3306623697280884,0.4630681276321411,0.2896479368209839,0.4812026023864746,0.24975094199180603,0.37959885597229004,0.381733775138855,0.3832695484161377,0.3059934973716736,0.37273868918418884,0.29072970151901245,0.3689829111099243,0.2801830768585205,0.3432665467262268,0.37639057636260986,0.36257606744766235,0.300891637802124,0.3743811845779419,0.24937403202056885,0.38937562704086304,0.20115092396736145
1,0.33465075492858887,0.5984334945678711,0.40275606513023376,0.6109991073608398,0.4725625813007355,0.6036879420280457,0.5323428511619568,0.6210432052612305,0.5759975910186768,0.6422861814498901,0.45400115847587585,0.41759100556373596,0.46730709075927734,0.3225676119327545,0.47268006205558777,0.2634497880935669,0.4777992367744446,0.21195009350776672,0.4231112003326416,0.3931612968444824,0.4472503364086151,0.31921711564064026,0.46657195687294006,0.27469515800476074,0.4827759265899658,0.23523032665252686,0.3886730968952179,0.3850719928741455,0.3881104290485382,0.31828296184539795,0.3776344358921051,0.32655996084213257,0.37222105264663696,0.3348531723022461,0.35199251770973206,0.3874428868293762,0.36098814010620117,0.3100777268409729,0.36592087149620056,0.2556021511554718,0.37353000044822693,0.20459097623825073
1,0.3602755665779114,0.5984646081924438,0.4270477592945099,0.612320065498352,0.49497824907302856,0.6092264652252197,0.5511776804924011,0.6282998919487,0.5954560041427612,0.6431870460510254,0.4808497726917267,0.42613667249679565,0.4966929256916046,0.33108437061309814,0.505177915096283,0.27219316363334656,0.5146633386611938,0.22133614122867584,0.45140543580055237,0.4029642641544342,0.4776185154914856,0.33049941062927246,0.49958038330078125,0.28737273812294006,0.5204606652259827,0.24730439484119415,0.4172663688659668,0.3957245349884033,0.4237052798271179,0.3322330713272095,0.4137507975101471,0.34921297430992126,0.4089818596839905,0.3620116710662842,0.3805012106895447,0.3989417254924774,0.3914756774902344,0.32553571462631226,0.39989328384399414,0.27480006217956543,0.4111025631427765,0.22536028921604156
1,0.3295106887817383,0.6194273233413696,0.3036210536956787,0.5556972026824951,0.28232118487358093,0.49937885999679565,0.2627272307872772,0.45047104358673096,0.2471921443939209,0.4118479788303375,0.35568341612815857,0.42266973853111267,0.414995938539505,0.3654824495315552,0.4532597064971924,0.3489479422569275,0.47775933146476746,0.34284764528274536,0.3924959897994995,0.4323422610759735,0.4325316250324249,0.3237987756729126,0.4599131941795349,0.28736412525177,0.4763687252998352,0.27739042043685913,0.42505449056625366,0.4647442102432251,0.48129016160964966,0.40402090549468994,0.5185109972953796,0.3983941376209259,0.539361298084259,0.3980700373649597,0.4530586898326874,0.5081802010536194,0.5015118718147278,0.44515231251716614,0.5289187431335449,0.4142441749572754,0.5484050512313843,0.3844465911388397
1,0.38522762060165405,0.6300353407859802,0.34539172053337097,0.5641072392463684,0.3206714391708374,0.5084673762321472,0.29200994968414307,0.4607187807559967,0.273775190114975,0.4278908669948578,0.41557741165161133,0.43217819929122925,0.4697363078594208,0.36167800426483154,0.5011469125747681,0.32931023836135864,0.52382493019104,0.31549257040023804,0.4549180269241333,0.4545331597328186,0.4930917024612427,0.3550267815589905,0.5083855390548706,0.3111805021762848,0.5173559188842773,0.2901157736778259,0.4832955300807953,0.4984797537326813,0.5313507914543152,0.45152541995048523,0.5607612133026123,0.42783480882644653,0.5764904022216797,0.41543644666671753,0.4982464015483856,0.5491272211074829,0.5272313952445984,0.5554816722869873,0.5386338233947754,0.5630395412445068,0.5431524515151978,0.5698820948600769
1,0.47072842717170715,0.6475796699523926,0.4236921966075897,0.5860401391983032,0.3905547261238098,0.5204794406890869,0.35801294445991516,0.4657391905784607,0.3344546854496002,0.42652806639671326,0.4937777519226074,0.4433448612689972,0.5454413890838623,0.3621854782104492,0.5699109435081482,0.31977832317352295,0.5850427150726318,0.2937891185283661,0.5336736440658569,0.461947500705719,0.5758674740791321,0.35629600286483765,0.5890130996704102,0.3072986900806427,0.5936818718910217,0.280160129070282,0.5625245571136475,0.48884254693984985,0.6028759479522705,0.40333276987075806,0.6122671365737915,0.3582151532173157,0.6108882427215576,0.33038660883903503,0.5809462666511536,0.5180156826972961,0.6185829639434814,0.4556032121181488,0.6304623484611511,0.4217929244041443,0.6327633261680603,0.3949815630912781
1,0.6289658546447754,0.7310680747032166,0.5824518203735352,0.6599636673927307,0.5501716732978821,0.5845090746879578,0.5161464810371399,0.5222115516662598,0.49002185463905334,0.4751167595386505,0.6625482439994812,0.5233443379402161,0.7152430415153503,0.4459778070449829,0.7379523515701294,0.40281444787979126,0.749522864818573,0.37159860134124756,0.7030556201934814,0.5474060773849487,0.750693678855896,0.4468180239200592,0.7591571807861328,0.3926295042037964,0.7570281028747559,0.35801300406455994,0.72923344373703,0.5773608684539795,0.7666467428207397,0.491915225982666,0.7720749378204346,0.44255945086479187,0.7677303552627563,0.40965157747268677,0.7431157231330872,0.6048407554626465,0.7717210054397583,0.5387828946113586,0.7765211462974548,0.5011913776397705,0.7749680280685425,0.47349813580513
1,0.671512246131897,0.8161910772323608,0.6277658939361572,0.7382012605667114,0.6025445461273193,0.6578751802444458,0.5715193748474121,0.5877146124839783,0.5410051345825195,0.5371497273445129,0.7235087156295776,0.6145360469818115,0.7793071866035461,0.5280228853225708,0.7987486124038696,0.4797757863998413,0.8084314465522766,0.44637104868888855,0.7589505314826965,0.6395114660263062,0.8118683099746704,0.5355213284492493,0.8206612467765808,0.47530707716941833,0.8166974186897278,0.43974369764328003,0.7792911529541016,0.6719301342964172,0.8228104114532471,0.5813063979148865,0.8329400420188904,0.5262088775634766,0.8305061459541321,0.48885029554367065,0.783784806728363,0.6979684829711914,0.8203674554824829,0.6363028883934021,0.8321187496185303,0.5993970036506653,0.834654688835144,0.5733444690704346
1,0.6755303740501404,0.8445940017700195,0.6337130665779114,0.7701222896575928,0.6088011264801025,0.6936081051826477,0.5808002352714539,0.623198390007019,0.557286262512207,0.5682703256607056,0.7299196720123291,0.6496400237083435,0.7842967510223389,0.5599029064178467,0.8013333082199097,0.5094974040985107,0.8090451955795288,0.4759124517440796,0.7647026777267456,0.6762726902961731,0.8181408047676086,0.5720193982124329,0.8238568305969238,0.5141971111297607,0.8180080056190491,0.4826696217060089,0.7831529974937439,0.7085067629814148,0.8247044086456299,0.6241244673728943,0.8347786664962769,0.5702258944511414,0.8346195220947266,0.5359946489334106,0.7854254841804504,0.7321120500564575,0.816192090511322,0.6690265536308289,0.8275433778762817,0.6302018761634827,0.8331977725028992,0.6024055480957031
0,0.7415916323661804,0.74184250831604,0.6820575594902039,0.7227667570114136,0.6283007264137268,0.674130380153656,0.589321494102478,0.6315702795982361,0.5513597130775452,0.6122840046882629,0.6725146770477295,0.5445454716682434,0.6407599449157715,0.47316864132881165,0.6199695467948914,0.4310039281845093,0.6025384664535522,0.39590418338775635,0.712097704410553,0.5267148613929749,0.6934597492218018,0.43653514981269836,0.6816275119781494,0.381350040435791,0.6710726618766785,0.3346821665763855,0.7521531581878662,0.5337387919425964,0.7647557258605957,0.45044583082199097,0.77279132604599,0.3958616852760315,0.777267336845398,0.34717464447021484,0.7895327806472778,0.5617024302482605,0.8195964694023132,0.5095266103744507,0.8389533162117004,0.4724825620651245,0.8541513681411743,0.43502581119537354
0,0.7420766353607178,0.732556164264679,0.6823356747627258,0.7126967906951904,0.6279856562614441,0.6604070067405701,0.589581310749054,0.6159856915473938,0.553878664970398,0.5937811732292175,0.6718592643737793,0.5352610945701599,0.6433632373809814,0.4637390971183777,0.6243918538093567,0.42312732338905334,0.6080616116523743,0.39040523767471313,0.7120153903961182,0.5186240077018738,0.6951172947883606,0.43023350834846497,0.6838200688362122,0.3766382038593292,0.6733084917068481,0.33174604177474976,0.7523373365402222,0.5259809494018555,0.7650173902511597,0.44482293725013733,0.7729656100273132,0.3920065462589264,0.7773483395576477,0.3444727957248688,0.7899469137191772,0.55338054895401,0.820866584777832,0.5020452737808228,0.8412595987319946,0.46675628423690796,0.8572161197662354,0.43113768100738525
0,0.7374494671821594,0.7282198667526245,0.6775857210159302,0.7091018557548523,0.6263858079910278,0.6553085446357727,0.5912319421768188,0.6069033145904541,0.5572259426116943,0.5801660418510437,0.6662604808807373,0.544034481048584,0.6423841118812561,0.48606064915657043,0.6282859444618225,0.45202311873435974,0.6168019771575928,0.4246981143951416,0.7050991058349609,0.5259509086608887,0.6898394227027893,0.4493914246559143,0.6817507743835449,0.4058990478515625,0.6753885746002197,0.3713688552379608,0.7448594570159912,0.5303807854652405,0.7544776201248169,0.4554317891597748,0.7606937885284424,0.40959006547927856,0.7642227411270142,0.36868852376937866,0.7822930216789246,0.553697943687439,0.8116183280944824,0.5044541954994202,0.8306242227554321,0.4723829925060272,0.845744252204895,0.44018304347991943
0,0.7359903454780579,0.6841980814933777,0.6754425764083862,0.6675509214401245,0.6240025162696838,0.6163952946662903,0.5894660353660583,0.5712344646453857,0.557003378868103,0.5502884387969971,0.6624916791915894,0.5138020515441895,0.6384745836257935,0.4599522054195404,0.6248250603675842,0.42879518866539,0.6142672896385193,0.40592876076698303,0.701022207736969,0.4969559609889984,0.6852021813392639,0.42806556820869446,0.676417887210846,0.3895857334136963,0.6696212291717529,0.3587875962257385,0.7397602200508118,0.49938151240348816,0.7478029131889343,0.4301837682723999,0.753710150718689,0.3879692852497101,0.7580054998397827,0.3518010973930359,0.7758668661117554,0.519668698310852,0.8044333457946777,0.4738785922527313,0.8232037425041199,0.4443277418613434,0.8383579254150391,0.41554778814315796
0,0.7259555459022522,0.6549934148788452,0.6681597232818604,0.6485018730163574,0.6177685856819153,0.6171319484710693,0.5799350142478943,0.5907591581344604,0.5484899878501892,0.5830633640289307,0.6567376255989075,0.5107336640357971,0.6359322667121887,0.4689941704273224,0.6240784525871277,0.44300776720046997,0.6149343848228455,0.4239594340324402,0.6913865208625793,0.4914568066596985,0.677819013595581,0.42994216084480286,0.6710531711578369,0.39739078283309937,0.665833055973053,0.37085920572280884,0.7293482422828674,0.4891529977321625,0.7395340204238892,0.42714032530784607,0.7462559938430786,0.38838326930999756,0.7513179779052734,0.356062650680542,0.7650061845779419,0.505301833152771,0.7934837937355042,0.46494680643081665,0.811531662940979,0.4410251975059509,0.8267107009887695,0.4197254180908203
0,0.7368128895759583,0.6659221649169922,0.6806018352508545,0.65287184715271,0.6274148225784302,0.6149844527244568,0.587726891040802,0.585716724395752,0.5543805956840515,0.5762285590171814,0.6658200025558472,0.5051402449607849,0.6429926753044128,0.45315560698509216,0.628899097442627,0.4235158860683441,0.617030918598175,0.40113478899002075,0.7028643488883972,0.48629242181777954,0.6900952458381653,0.4155880808830261,0.6825864315032959,0.37565183639526367,0.6773300170898438,0.34554433822631836,0.7412737607955933,0.48641306161880493,0.7521358728408813,0.41647452116012573,0.7574049234390259,0.3748607337474823,0.7608429193496704,0.3395422101020813,0.7770229578018188,0.5051241517066956,0.8071498274803162,0.45972150564193726,0.8263792991638184,0.4324357509613037,0.8424919843673706,0.4078916907310486
0,0.7145551443099976,0.6883608102798462,0.657628059387207,0.6692503094673157,0.6075285077095032,0.6248311996459961,0.5695353150367737,0.5880928635597229,0.5338965654373169,0.5705186128616333,0.6533714532852173,0.4998052418231964,0.6352410912513733,0.42189115285873413,0.6230924129486084,0.3772144615650177,0.6124570369720459,0.3398289680480957,0.6948591470718384,0.4846213161945343,0.6898043155670166,0.39135897159576416,0.6850075721740723,0.33327504992485046,0.6807762980461121,0.28527161478996277,0.7334716320037842,0.4932006895542145,0.753654956817627,0.4086757302284241,0.7665446400642395,0.35327327251434326,0.7756001353263855,0.30424126982688904,0.767559826374054,0.5218644142150879,0.8065825700759888,0.4767168164253235,0.8318983316421509,0.443875253200531,0.8525028228759766,0.41138362884521484
0,0.7127485275268555,0.6936208009719849,0.6580667495727539,0.6702378988265991,0.6107723116874695,0.624098002910614,0.5735405683517456,0.584355890750885,0.5368229746818542,0.5628354549407959,0.6577578186988831,0.5034059286117554,0.6423541307449341,0.42119118571281433,0.6325125694274902,0.3713894188404083,0.6252598166465759,0.3288962244987488,0.6998521685600281,0.49029815196990967,0.6992408037185669,0.39340510964393616,0.6988939046859741,0.3315674960613251,0.6995619535446167,0.28068673610687256,0.7386192679405212,0.5018032193183899,0.7639513611793518,0.4188890755176544,0.7809686064720154,0.36329329013824463,0.794053316116333,0.3138682246208191,0.7724706530570984,0.5336176156997681,0.8150838017463684,0.49206286668777466,0.8428491353988647,0.46123236417770386,0.8658989071846008,0.4303954839706421
0,0.7228404879570007,0.7174991369247437,0.6664447784423828,0.6970850229263306,0.6181747317314148,0.649285078048706,0.5821460485458374,0.604167640209198,0.5434834361076355,0.5757489204406738,0.6694842576980591,0.5335642099380493,0.6532905101776123,0.4449795186519623,0.6448101997375488,0.389421284198761,0.6407838463783264,0.3380451500415802,0.7151252031326294,0.5221250653266907,0.7172952890396118,0.42039018869400024,0.7193790078163147,0.3551735281944275,0.723829448223114,0.29835227131843567,0.7551885843276978,0.5381761193275452,0.785072922706604,0.4550940990447998,0.8074921369552612,0.40133240818977356,0.8262744545936584,0.35132306814193726,0.7891361713409424,0.5759543776512146,0.8349372744560242,0.5380310416221619,0.8665885329246521,0.5123157501220703,0.8937304019927979,0.48479336500167847
0,0.7156451344490051,0.6346083283424377,0.6600346565246582,0.6341114044189453,0.6108869910240173,0.6062918305397034,0.5729326009750366,0.5694891810417175,0.5350127220153809,0.5363431572914124,0.6622951030731201,0.5336465239524841,0.6479396224021912,0.4492145776748657,0.6414095759391785,0.3961312770843506,0.6385391354560852,0.3457215130329132,0.710547924041748,0.5208603739738464,0.7189705967903137,0.43315964937210083,0.7269240617752075,0.37580156326293945,0.7382932901382446,0.3211078643798828,0.750056266784668,0.5323998332023621,0.7891242504119873,0.4628323018550873,0.8196477890014648,0.4203738868236542,0.8467370271682739,0.377098947763443,0.7811554670333862,0.5646947622299194,0.8310470581054688,0.5432088971138,0.8677108883857727,0.5298143029212952,0.9003105163574219,0.5128189325332642
0,0.7433921694755554,0.6218057870864868,0.6845727562904358,0.6282336711883545,0.6259122490882874,0.6055096387863159,0.5823806524276733,0.5764145851135254,0.5419531464576721,0.548769474029541,0.6783046126365662,0.550263524055481,0.6588711738586426,0.49133187532424927,0.6480919122695923,0.4536871314048767,0.639568030834198,0.4143019914627075,0.7284143567085266,0.531416118144989,0.7369264364242554,0.463236540555954,0.7434191107749939,0.41430556774139404,0.7519389986991882,0.3664790391921997,0.767204999923706,0.5355606079101562,0.8069470524787903,0.49434104561805725,0.8387346863746643,0.4560351073741913,0.8688188791275024,0.4177073836326599,0.7970555424690247,0.5569915771484375,0.8429888486862183,0.5444347858428955,0.8809669017791748,0.5388214588165283,0.9129936695098877,0.5297685861587524
0,0.7413774728775024,0.6027034521102905,0.6854779720306396,0.6105559468269348,0.6230054497718811,0.5991540551185608,0.5734290480613708,0.5802794694900513,0.531782865524292,0.5546103119850159,0.6706134676933289,0.5715645551681519,0.6464988589286804,0.5573200583457947,0.6224396228790283,0.5400537252426147,0.6052247285842896,0.5141053199768066,0.712354838848114,0.5510492324829102,0.718765914440155,0.5150068998336792,0.7224005460739136,0.4842078685760498,0.7331278324127197,0.446313738822937,0.7493828535079956,0.5437792539596558,0.7946923971176147,0.5204313397407532,0.8356324434280396,0.49647244811058044,0.8737455606460571,0.46798479557037354,0.7829931974411011,0.5499038696289062,0.8333867192268372,0.5437737703323364,0.8764386177062988,0.538273811340332,0.9109835624694824,0.5247518420219421
0,0.7458232641220093,0.6036947965621948,0.6949841976165771,0.6096837520599365,0.6336879134178162,0.6077072620391846,0.5870786905288696,0.6011990308761597,0.5467244982719421,0.5777320861816406,0.6686831712722778,0.5648351907730103,0.6228309869766235,0.5729788541793823,0.5849606394767761,0.5656241774559021,0.553795337677002,0.5477871298789978,0.7144507765769958,0.5468486547470093,0.7144486308097839,0.523932158946991,0.729202151298523,0.5201835632324219,0.7456821799278259,0.5144515633583069,0.7567762136459351,0.5424194931983948,0.7950432896614075,0.5321133732795715,0.8394383192062378,0.5291063189506531,0.8769316077232361,0.5266020894050598,0.7948483228683472,0.5544500350952148,0.8354324102401733,0.5522109866142273,0.8753329515457153,0.5533801913261414,0.907413125038147,0.5538918375968933
0,0.8434211015701294,0.6445892453193665,0.8352259397506714,0.5711601972579956,0.8104892373085022,0.5086007714271545,0.7938966751098633,0.45981472730636597,0.7888132929801941,0.41594642400741577,0.7860671877861023,0.47073712944984436,0.7481832504272461,0.3782407343387604,0.7243381142616272,0.3204209804534912,0.7079931497573853,0.27414435148239136,0.77440345287323,0.4961317479610443,0.7179818749427795,0.4077654480934143,0.6839514374732971,0.34934237599372864,0.6584032773971558,0.3018719255924225,0.7655176520347595,0.5367463827133179,0.7087013125419617,0.47319191694259644,0.6751590371131897,0.4306139051914215,0.6535290479660034,0.3940921127796173,0.7590015530586243,0.5891868472099304,0.7116346955299377,0.5716620087623596,0.6846014261245728,0.552560567855835,0.6626251935958862,0.5297791957855225
0,0.8567003011703491,0.6704260110855103,0.858425498008728,0.5794264078140259,0.8431686162948608,0.5110685229301453,0.8348961472511292,0.4577183723449707,0.8358480930328369,0.41100946068763733,0.8060393929481506,0.47313448786735535,0.7803866863250732,0.37209615111351013,0.7671608328819275,0.30904775857925415,0.7608857750892639,0.2589706778526306,0.7870319485664368,0.4947424530982971,0.7367779016494751,0.39546090364456177,0.7066506147384644,0.33053481578826904,0.6852648258209229,0.2788997292518616,0.7717351317405701,0.5364008545875549,0.7115164399147034,0.4706524908542633,0.6745145320892334,0.42645952105522156,0.649086594581604,0.3876573145389557,0.7622374296188354,0.5930854678153992,0.7076520323753357,0.5795520544052124,0.6746271848678589,0.5659000277519226,0.6456707119941711,0.5470135807991028
0,0.8382790684700012,0.7014808654785156,0.8657724857330322,0.6170488595962524,0.8734748363494873,0.5464951992034912,0.8795274496078491,0.47434160113334656,0.8957406282424927,0.41927266120910645,0.8118606209754944,0.4837118685245514,0.8082172274589539,0.37432485818862915,0.8034476041793823,0.30667299032211304,0.8013399243354797,0.2531859278678894,0.7731359601020813,0.49991387128829956,0.743265688419342,0.3864107131958008,0.7217527031898499,0.3153650164604187,0.7052873373031616,0.2619584798812866,0.7405655384063721,0.5343997478485107,0.6828480362892151,0.4564441442489624,0.6474378108978271,0.4041355848312378,0.6243080496788025,0.36257702112197876,0.7178316116333008,0.5804377794265747,0.6576788425445557,0.5495472550392151,0.6209377646446228,0.537592887878418,0.591636061668396,0.521647036075592
0,0.790008008480072,0.7258938550949097,0.8381033539772034,0.6590826511383057,0.8626020550727844,0.5942049622535706,0.8774834871292114,0.5189285278320312,0.8973172307014465,0.4634191691875458,0.7886273264884949,0.5056226849555969,0.7963388562202454,0.39380592107772827,0.7958458065986633,0.32331401109695435,0.7935929298400879,0.26660728454589844,0.7415235042572021,0.5127905607223511,0.7207046151161194,0.39597898721694946,0.7021894454956055,0.32096076011657715,0.6844591498374939,0.2635246515274048,0.7007306814193726,0.5422313213348389,0.6510913372039795,0.4578343629837036,0.6182908415794373,0.40004050731658936,0.5944857597351074,0.35634347796440125,0.6702412962913513,0.5853776335716248,0.6168434619903564,0.5466027855873108,0.5823354721069336,0.5251585841178894,0.5546203851699829,0.5031816959381104
0,0.7480862736701965,0.7564228177070618,0.8088222146034241,0.7001692056655884,0.8515074253082275,0.6431218385696411,0.8820542693138123,0.5717628002166748,0.9101438522338867,0.5176956653594971,0.7781205773353577,0.5419580340385437,0.8037370443344116,0.435902863740921,0.8163236379623413,0.3688042461872101,0.8250861167907715,0.3146251440048218,0.7282804846763611,0.5405299067497253,0.7193988561630249,0.4123417139053345,0.7099132537841797,0.3308565616607666,0.6980018019676208,0.26767516136169434,0.6854848265647888,0.5594276189804077,0.6488304734230042,0.46110570430755615,0.6236363053321838,0.39571261405944824,0.6049041748046875,0.3472081422805786,0.6531168222427368,0.5907199382781982,0.6074612140655518,0.5391386151313782,0.5777496099472046,0.508747935295105,0.5540597438812256,0.47968316078186035
0,0.727874755859375,0.7634599208831787,0.7937213778495789,0.7089195847511292,0.8417308926582336,0.6519533395767212,0.8752814531326294,0.5856239199638367,0.9032638072967529,0.534236490726471,0.7625754475593567,0.5476952195167542,0.7788661122322083,0.43854206800460815,0.7844597101211548,0.3712843060493469,0.7872557640075684,0.31356561183929443,0.7126232981681824,0.545156717300415,0.6999048590660095,0.4205023944377899,0.687831461429596,0.340345174074173,0.6752158403396606,0.278802752494812,0.6729967594146729,0.5645730495452881,0.6419582962989807,0.4659311771392822,0.6216081380844116,0.4005134701728821,0.6057760119438171,0.3512176275253296,0.6452232599258423,0.5956827998161316,0.605057954788208,0.5434264540672302,0.5791586637496948,0.5104918479919434,0.5572165250778198,0.47945231199264526
0,0.7077552676200867,0.8317552208900452,0.774109959602356,0.7822690010070801,0.8237658739089966,0.7287204265594482,0.8655925989151001,0.6666030287742615,0.9019874930381775,0.6228508949279785,0.7388655543327332,0.6188725233078003,0.7392274737358093,0.5127832293510437,0.737778902053833,0.4531491696834564,0.7368669509887695,0.40120846033096313,0.6909242272377014,0.6125978827476501,0.6741709113121033,0.48726654052734375,0.6623053550720215,0.40867316722869873,0.6511978507041931,0.35026150941848755,0.6549452543258667,0.6298391819000244,0.6271939873695374,0.5276718735694885,0.6097817420959473,0.46197065711021423,0.5961608290672302,0.4103718400001526,0.6329789757728577,0.6593924760818481,0.6051542162895203,0.6038591265678406,0.5875943303108215,0.5748516321182251,0.57200026512146,0.5483211874961853
0,0.7060795426368713,0.8381248116493225,0.772055983543396,0.7858020067214966,0.8195852041244507,0.7280648946762085,0.8580185770988464,0.6653632521629333,0.8913487792015076,0.6203754544258118,0.7357925176620483,0.6282451152801514,0.7373833656311035,0.5217254757881165,0.7363662719726562,0.45926013588905334,0.7356940507888794,0.40609806776046753,0.6874528527259827,0.6221783757209778,0.6698327660560608,0.4978688359260559,0.6568922400474548,0.41919779777526855,0.6448360681533813,0.3600156009197235,0.6510574817657471,0.638410210609436,0.6235584020614624,0.5343795418739319,0.6053205132484436,0.4692642092704773,0.5907415151596069,0.4182026982307434,0.6275045871734619,0.6673098802566528,0.5983283519744873,0.6070416569709778,0.5790467262268066,0.5731064081192017,0.5623070001602173,0.5425967574119568
0,0.7303107976913452,0.8029453754425049,0.7807884216308594,0.7361688613891602,0.8098405003547668,0.672568142414093,0.8316400051116943,0.6096290946006775,0.8564708232879639,0.5642628073692322,0.7527425289154053,0.5953786373138428,0.7729967832565308,0.4944674074649811,0.7829627394676208,0.42705219984054565,0.7891058921813965,0.3745497465133667,0.7047237157821655,0.6027294993400574,0.6831650733947754,0.48269832134246826,0.6694017052650452,0.40676969289779663,0.6555339694023132,0.34832528233528137,0.664327085018158,0.6280842423439026,0.6258463263511658,0.5304200649261475,0.5997794270515442,0.4651946425437927,0.5804446935653687,0.4129737317562103,0.6347506046295166,0.6656997799873352,0.5834913849830627,0.6155229806900024,0.5505123138427734,0.5846350789070129,0.5246719717979431,0.5531780123710632
0,0.6802896857261658,0.7885408401489258,0.6195920705795288,0.757029116153717,0.5734961628913879,0.6926664113998413,0.5477396249771118,0.6355079412460327,0.5187776684761047,0.5985795855522156,0.6315248608589172,0.5760470032691956,0.608837366104126,0.49265947937965393,0.5937471985816956,0.4405671954154968,0.5819635987281799,0.39647167921066284,0.6715453863143921,0.5649794340133667,0.6625526547431946,0.4618915319442749,0.656509518623352,0.3966742157936096,0.6518661379814148,0.34084057807922363,0.7096513509750366,0.5783425569534302,0.7245479226112366,0.4831346571445465,0.7362619638442993,0.4231688380241394,0.7456749677658081,0.3697066605091095,0.7443760633468628,0.6123785972595215,0.7751908302307129,0.5559672117233276,0.7968287467956543,0.5162343978881836,0.8142991662025452,0.47729411721229553
0,0.6896436810493469,0.744160532951355,0.6277166604995728,0.7200154662132263,0.571119487285614,0.6711182594299316,0.5309810042381287,0.6279135942459106,0.49438589811325073,0.6031586527824402,0.6216561198234558,0.5378327965736389,0.5916439890861511,0.45786428451538086,0.5730118155479431,0.40878427028656006,0.5580628514289856,0.36622971296310425,0.663123369216919,0.5217528343200684,0.6517370343208313,0.4236445724964142,0.6456881165504456,0.36230164766311646,0.6407257318496704,0.30924710631370544,0.7031809091567993,0.5310404300689697,0.7153364419937134,0.44110533595085144,0.7264968752861023,0.38181188702583313,0.7345397472381592,0.32786282896995544,0.7400435209274292,0.5600329041481018,0.7714489698410034,0.5023541450500488,0.7941201329231262,0.4629170596599579,0.8124954104423523,0.4235498309135437
0,0.2073412835597992,0.8593491315841675,0.2822161614894867,0.840202808380127,0.3553757667541504,0.8077428936958313,0.41927623748779297,0.7940697073936462,0.4749032258987427,0.7908650040626526,0.3119279742240906,0.6379796862602234,0.3673170804977417,0.5609729886054993,0.4023595452308655,0.507183313369751,0.4310719072818756,0.459650456905365,0.26459500193595886,0.608718991279602,0.2925293445587158,0.4965720474720001,0.3135259449481964,0.4264376759529114,0.3299621641635895,0.36506980657577515,0.21788617968559265,0.610866904258728,0.22078630328178406,0.5046775341033936,0.22637295722961426,0.434295117855072,0.23415109515190125,0.36909303069114685,0.17259657382965088,0.6375975012779236,0.15296532213687897,0.560492217540741,0.14248137176036835,0.5066178441047668,0.13600148260593414,0.4528367519378662
0,0.21646946668624878,0.8155221939086914,0.2892894148826599,0.8067002892494202,0.35780078172683716,0.7826621532440186,0.4205014109611511,0.7763622999191284,0.48022377490997314,0.7811620235443115,0.3125545382499695,0.6302497386932373,0.3672417998313904,0.5589123964309692,0.40425097942352295,0.5105239748954773,0.4356054961681366,0.4671178460121155,0.2653636336326599,0.5995675325393677,0.29688501358032227,0.49179258942604065,0.32070839405059814,0.42129746079444885,0.3394295275211334,0.3573504388332367,0.21800097823143005,0.5995712876319885,0.22052401304244995,0.4922116994857788,0.22455757856369019,0.41915637254714966,0.2318299412727356,0.35206010937690735,0.1732620745897293,0.625062882900238,0.1465325653553009,0.5447362065315247,0.13168245553970337,0.48971807956695557,0.12222307920455933,0.43508440256118774
0,0.21962551772594452,0.804824709892273,0.29299190640449524,0.7993677854537964,0.35859212279319763,0.7787678241729736,0.4201831817626953,0.7755112648010254,0.4813796877861023,0.7800033092498779,0.31353530287742615,0.6317967772483826,0.3691464364528656,0.5643513202667236,0.4068109393119812,0.5165466070175171,0.43902507424354553,0.47242140769958496,0.26708248257637024,0.5992459654808044,0.30026960372924805,0.4956705570220947,0.325379878282547,0.4271337389945984,0.3457319736480713,0.36412522196769714,0.2198111116886139,0.5969399809837341,0.2258157730102539,0.4905214011669159,0.2311764657497406,0.4183765649795532,0.23986047506332397,0.3517357110977173,0.17449873685836792,0.6209807395935059,0.1487257331609726,0.5424361228942871,0.1342804729938507,0.48762309551239014,0.12516991794109344,0.4334601163864136
0,0.212922602891922,0.7884117960929871,0.28416335582733154,0.7873798608779907,0.35125452280044556,0.7688583135604858,0.4140872061252594,0.7695650458335876,0.4723425805568695,0.7694821357727051,0.3053334653377533,0.6515108942985535,0.360251784324646,0.5919080972671509,0.3980602025985718,0.5479738116264343,0.4309333562850952,0.5054599046707153,0.2569131553173065,0.6211931109428406,0.28243696689605713,0.5262675285339355,0.3070050776004791,0.4598432779312134,0.3277324438095093,0.39677298069000244,0.20828187465667725,0.6174043416976929,0.2094850242137909,0.5208740234375,0.2131780982017517,0.4545125663280487,0.2219647467136383,0.38909977674484253,0.1615007370710373,0.6373313665390015,0.13002131879329681,0.5654937624931335,0.11109186708927155,0.516111433506012,0.09871484339237213,0.4655151963233948
0,0.21260520815849304,0.7885291576385498,0.28349384665489197,0.7887824177742004,0.34895405173301697,0.7678478956222534,0.4123355746269226,0.7672672271728516,0.4717186391353607,0.7650303840637207,0.30334365367889404,0.6742106676101685,0.3587989807128906,0.6189130544662476,0.3983379900455475,0.5796664953231812,0.4332173466682434,0.5388216376304626,0.2540242671966553,0.6448190212249756,0.27720531821250916,0.5582393407821655,0.301734983921051,0.4948779046535492,0.32217472791671753,0.43251168727874756,0.20467907190322876,0.6420928239822388,0.20094673335552216,0.5551924705505371,0.2028769701719284,0.4918005168437958,0.2101273536682129,0.4270072281360626,0.15845070779323578,0.6639461517333984,0.1221051812171936,0.5982564091682434,0.10029159486293793,0.5526987314224243,0.08524037897586823,0.5041062831878662
0,0.1888120174407959,0.7661080956459045,0.2655300498008728,0.7677152752876282,0.3286961019039154,0.7558858394622803,0.38731229305267334,0.7652615308761597,0.441257119178772,0.7628602385520935,0.29153919219970703,0.6905844807624817,0.36123016476631165,0.6914873123168945,0.40980440378189087,0.6868019700050354,0.4566459059715271,0.6720478534698486,0.24339991807937622,0.6561099290847778,0.26974138617515564,0.5946970582008362,0.29348230361938477,0.5449235439300537,0.31487759947776794,0.49116837978363037,0.19082242250442505,0.6479055881500244,0.18227212131023407,0.579533576965332,0.1849479377269745,0.5279807448387146,0.19342023134231567,0.4741727113723755,0.14333611726760864,0.6607828140258789,0.09834760427474976,0.6110702753067017,0.07152727246284485,0.581110954284668,0.05210569500923157,0.5477733016014099
0,0.09731520712375641,0.6918247938156128,0.11985825002193451,0.5901437401771545,0.1651546061038971,0.49102407693862915,0.19092704355716705,0.4133099317550659,0.18683424592018127,0.35155409574508667,0.23389197885990143,0.5102808475494385,0.30337345600128174,0.42379042506217957,0.343938410282135,0.3708985447883606,0.3712812066078186,0.3254415988922119,0.24673791229724884,0.5612329840660095,0.33297300338745117,0.4880051910877228,0.38521674275398254,0.43985071778297424,0.4230940043926239,0.4009867310523987,0.2512672543525696,0.6231343746185303,0.32949066162109375,0.578007161617279,0.38446325063705444,0.5479621291160583,0.42834973335266113,0.5238861441612244,0.2507082223892212,0.69011390209198,0.3152308762073517,0.6989737749099731,0.35659143328666687,0.709052562713623,0.39490675926208496,0.7152495384216309
0,0.11420044302940369,0.7071255445480347,0.11602099239826202,0.6013449430465698,0.14066848158836365,0.4998125433921814,0.1524762064218521,0.41373735666275024,0.14181409776210785,0.3545330762863159,0.23640768229961395,0.5035030841827393,0.288630872964859,0.4036216735839844,0.3185376524925232,0.3432047367095947,0.34183043241500854,0.29698503017425537,0.2657882571220398,0.5474380254745483,0.3373655378818512,0.4571322500705719,0.38190943002700806,0.4036814570426941,0.41601887345314026,0.3639180660247803,0.281263142824173,0.6039729118347168,0.3541182279586792,0.5444269180297852,0.4031209349632263,0.5050995349884033,0.4387379288673401,0.4728221893310547,0.28714269399642944,0.6652157306671143,0.3475038409233093,0.6590712070465088,0.387532502412796,0.6540158987045288,0.42257118225097656,0.6454099416732788
0,0.17006170749664307,0.7198500633239746,0.14482417702674866,0.6205910444259644,0.1356697976589203,0.5249773859977722,0.1213683933019638,0.44297677278518677,0.09591473639011383,0.3911736309528351,0.2420400232076645,0.4898707866668701,0.26792478561401367,0.37711387872695923,0.2834753692150116,0.3108628988265991,0.2958308458328247,0.2576090693473816,0.28139546513557434,0.5223528146743774,0.33388566970825195,0.41284701228141785,0.36670374870300293,0.3458133935928345,0.3917856216430664,0.2937176525592804,0.3078606128692627,0.5694520473480225,0.36549386382102966,0.48759007453918457,0.40630340576171875,0.4333074986934662,0.4365067780017853,0.38850682973861694,0.3243778347969055,0.6234931945800781,0.385223925113678,0.5911545157432556,0.4241481423377991,0.5700880885124207,0.45705920457839966,0.5473572015762329
0,0.21780049800872803,0.752911388874054,0.2911774814128876,0.7316610813140869,0.35624149441719055,0.6818320155143738,0.4062485992908478,0.6421165466308594,0.4490191340446472,0.619706392288208,0.31676363945007324,0.5410981774330139,0.3707199692726135,0.46338409185409546,0.4051212668418884,0.41451144218444824,0.43290120363235474,0.37288838624954224,0.2738611102104187,0.5144171714782715,0.30596184730529785,0.4075031876564026,0.32792237401008606,0.33835461735725403,0.3442212641239166,0.2800445258617401,0.228664368391037,0.5159456729888916,0.23612268269062042,0.41088128089904785,0.24507811665534973,0.33973509073257446,0.25535324215888977,0.2778497636318207,0.18284589052200317,0.5413839817047119,0.1601327657699585,0.466365784406662,0.14670133590698242,0.412853866815567,0.1385173350572586,0.35953617095947266
0,0.20924994349479675,0.7281936407089233,0.2810825705528259,0.712977945804596,0.34706294536590576,0.6795483231544495,0.4075387716293335,0.6560307145118713,0.4607335925102234,0.6539345979690552,0.3063856363296509,0.5226770639419556,0.35956037044525146,0.44666680693626404,0.3945970833301544,0.39770573377609253,0.4240424633026123,0.3554500937461853,0.26455220580101013,0.49355268478393555,0.30015647411346436,0.38715416193008423,0.32361340522766113,0.31885409355163574,0.3429088592529297,0.2603769898414612,0.2195543348789215,0.49224555492401123,0.23276357352733612,0.3878640830516815,0.24389629065990448,0.31883925199508667,0.25668469071388245,0.2580837309360504,0.17358624935150146,0.5139491558074951,0.15981876850128174,0.4360196888446808,0.15343374013900757,0.3807985782623291,0.15105387568473816,0.3271237313747406
0,0.2047204077243805,0.6481503248214722,0.2762153446674347,0.6404027938842773,0.33876508474349976,0.6057332158088684,0.3946705460548401,0.5787372589111328,0.4443921148777008,0.5495657920837402,0.2774450480937958,0.5490959882736206,0.32811394333839417,0.5146678686141968,0.36696258187294006,0.4924010634422302,0.40123307704925537,0.46033918857574463,0.228316992521286,0.5267543196678162,0.24294978380203247,0.4582986831665039,0.2589913606643677,0.40893879532814026,0.27110299468040466,0.35574406385421753,0.18216422200202942,0.5297671556472778,0.16377858817577362,0.4666954278945923,0.15562216937541962,0.41771936416625977,0.1513834446668625,0.3663528561592102,0.14345726370811462,0.5543807148933411,0.09579518437385559,0.5181503891944885,0.06365455687046051,0.4980677366256714,0.03664052486419678,0.472665399312973
0,0.24085597693920135,0.7004183530807495,0.31343206763267517,0.6782273054122925,0.37151074409484863,0.615204930305481,0.41180098056793213,0.563003659248352,0.4482814073562622,0.5445994734764099,0.3147302567958832,0.4978170394897461,0.3479730486869812,0.43303877115249634,0.37098947167396545,0.4007105231285095,0.39006945490837097,0.37366151809692383,0.271283894777298,0.48388129472732544,0.2833061218261719,0.40874654054641724,0.2949935495853424,0.36599236726760864,0.305941104888916,0.3322729468345642,0.23014572262763977,0.48839977383613586,0.21806034445762634,0.4177711606025696,0.21584466099739075,0.37547123432159424,0.2177174836397171,0.33996933698654175,0.18869224190711975,0.5069688558578491,0.16303768754005432,0.45400846004486084,0.14507022500038147,0.4177364706993103,0.1325262486934662,0.3825964629650116
0,0.2426784336566925,0.6741335988044739,0.3133719861507416,0.6511368751525879,0.3636937141418457,0.5940227508544922,0.40266770124435425,0.5483192801475525,0.4363274574279785,0.5330020785331726,0.30291491746902466,0.4949902594089508,0.32850879430770874,0.44371089339256287,0.34686192870140076,0.41136765480041504,0.3621470332145691,0.3879944682121277,0.2572862207889557,0.4823368191719055,0.2625350058078766,0.41880807280540466,0.2685132920742035,0.38479918241500854,0.27468544244766235,0.35394227504730225,0.21855781972408295,0.48572853207588196,0.20174559950828552,0.42439231276512146,0.19744867086410522,0.3888232707977295,0.19591973721981049,0.35939139127731323,0.1798969805240631,0.5016778707504272,0.1526213437318802,0.45547208189964294,0.13322855532169342,0.4216863512992859,0.1185985654592514,0.39189761877059937
0,0.7731560468673706,0.5958422422409058,0.7182415127754211,0.6363252401351929,0.654200553894043,0.6531949639320374,0.6042037606239319,0.6562235355377197,0.5607665181159973,0.6616547107696533,0.6177451014518738,0.5227680802345276,0.5510050058364868,0.5016001462936401,0.5111157298088074,0.4879380464553833,0.4737953245639801,0.47280633449554443,0.6360039114952087,0.47281238436698914,0.5729458332061768,0.42610394954681396,0.5330215096473694,0.39642804861068726,0.4950089454650879,0.36943405866622925,0.6679626703262329,0.4432064890861511,0.6250826716423035,0.37815147638320923,0.5936411023139954,0.3367508351802826,0.5606581568717957,0.3016519546508789,0.7079154849052429,0.4286501705646515,0.6827380061149597,0.3735264539718628,0.6630096435546875,0.3411387801170349,0.6398755311965942,0.3128814101219177
0,0.7682783603668213,0.5836313366889954,0.7148250937461853,0.6276483535766602,0.6526939272880554,0.6496285796165466,0.6042875051498413,0.6584692597389221,0.5625193119049072,0.6680778861045837,0.613153338432312,0.5178106427192688,0.5462462902069092,0.5001146793365479,0.5056809186935425,0.48911023139953613,0.46808910369873047,0.4765043556690216,0.628880500793457,0.4663310647010803,0.5642411708831787,0.4223232865333557,0.5235542058944702,0.39530014991760254,0.4855527877807617,0.37015220522880554,0.659491777420044,0.43431583046913147,0.6129083633422852,0.3718980848789215,0.5806228518486023,0.3322811722755432,0.5476877689361572,0.2978805899620056,0.6989421248435974,0.41750726103782654,0.6727100014686584,0.3624511957168579,0.6538184881210327,0.32963693141937256,0.6319659948348999,0.29998767375946045
0,0.7632383108139038,0.542693018913269,0.728349506855011,0.6080279350280762,0.6831729412078857,0.6614853143692017,0.6435957551002502,0.6999141573905945,0.6081500053405762,0.7287021279335022,0.6044641733169556,0.5590335130691528,0.5358389616012573,0.5723485946655273,0.4932701885700226,0.5808902382850647,0.4549822509288788,0.5856611728668213,0.6042031049728394,0.5029078722000122,0.532183825969696,0.49217158555984497,0.4861311614513397,0.4848594665527344,0.4452252984046936,0.47790080308914185,0.6233426928520203,0.4572519063949585,0.5603824853897095,0.4242762327194214,0.5201641321182251,0.40121036767959595,0.48275721073150635,0.3831779658794403,0.6548996567726135,0.42006003856658936,0.6141299605369568,0.3786090016365051,0.5859999060630798,0.3577631711959839,0.5571472644805908,0.34182849526405334
0,0.7541531920433044,0.5280270576477051,0.7282523512840271,0.6047885417938232,0.6960588693618774,0.6656660437583923,0.6630520820617676,0.7184218168258667,0.6366944909095764,0.7695515751838684,0.5887081623077393,0.5906299352645874,0.525516152381897,0.6389856934547424,0.4875742793083191,0.6685492396354675,0.45220640301704407,0.6915419697761536,0.57668137550354,0.5346986055374146,0.5019234418869019,0.5571099519729614,0.4552437663078308,0.5684353113174438,0.41270124912261963,0.5770626664161682,0.5877171754837036,0.48517537117004395,0.5170738697052002,0.47690463066101074,0.4729486405849457,0.4698159694671631,0.43353474140167236,0.4665866792201996,0.611782431602478,0.43979060649871826,0.5609984993934631,0.417096883058548,0.5285109877586365,0.40902870893478394,0.4958595037460327,0.4040713608264923
0,0.7383225560188293,0.4982713758945465,0.7258754968643188,0.5788379907608032,0.7126107215881348,0.6576827764511108,0.7044423222541809,0.7236034274101257,0.6929801106452942,0.7749422192573547,0.6053807735443115,0.6304795145988464,0.5585609674453735,0.7108683586120605,0.5338144302368164,0.7576560378074646,0.5086852312088013,0.7996063232421875,0.5792109966278076,0.5823782086372375,0.5114727020263672,0.6413599848747253,0.46984636783599854,0.6730920672416687,0.4312208890914917,0.7010973691940308,0.5758523344993591,0.5295397639274597,0.5094963312149048,0.5559853911399841,0.46399933099746704,0.5685259103775024,0.42332589626312256,0.5829217433929443,0.5858776569366455,0.47757256031036377,0.5334085822105408,0.48659655451774597,0.5009145140647888,0.49554136395454407,0.46949028968811035,0.5064860582351685
0,0.7238167524337769,0.504598081111908,0.7274347543716431,0.5873869061470032,0.7203209400177002,0.6681228876113892,0.7168904542922974,0.7334340214729309,0.720291256904602,0.7928822040557861,0.626963198184967,0.670106828212738,0.5954742431640625,0.7623165845870972,0.5786192417144775,0.8157747983932495,0.5608148574829102,0.8611221313476562,0.59464031457901,0.631735622882843,0.5362879633903503,0.707816481590271,0.50056391954422,0.7544167637825012,0.4682281017303467,0.7946673631668091,0.5804350972175598,0.5852478742599487,0.5210155844688416,0.6402496099472046,0.4799495339393616,0.6736317873001099,0.4444018006324768,0.7043805122375488,0.5776074528694153,0.535586416721344,0.5296241641044617,0.5751089453697205,0.5006210207939148,0.6005351543426514,0.4751361608505249,0.6250522136688232
0,0.6777108311653137,0.49050748348236084,0.6974772810935974,0.5676634907722473,0.7069401144981384,0.6498768329620361,0.71413254737854,0.7171961665153503,0.723755419254303,0.7757028341293335,0.6196361184120178,0.6791398525238037,0.6022578477859497,0.7786890268325806,0.5929173827171326,0.8367111682891846,0.5815672874450684,0.8853121995925903,0.5847371220588684,0.6507283449172974,0.5396654009819031,0.7402738332748413,0.5117117762565613,0.7947897911071777,0.48714250326156616,0.8421692252159119,0.5638269186019897,0.6092694997787476,0.516035258769989,0.6807233691215515,0.48348572850227356,0.7268674373626709,0.4566600024700165,0.767679750919342,0.5522223114967346,0.5602100491523743,0.5134698152542114,0.6099044680595398,0.490153431892395,0.6447487473487854,0.4700903296470642,0.6782572865486145
0,0.2597759962081909,0.7175133228302002,0.33855748176574707,0.6967368721961975,0.40411287546157837,0.6362080574035645,0.4508625268936157,0.5780019760131836,0.4969174861907959,0.5457185506820679,0.3556928336620331,0.4865015745162964,0.392993688583374,0.3959161043167114,0.4147345721721649,0.3374401330947876,0.43190497159957886,0.28539615869522095,0.3128105401992798,0.466557115316391,0.33816710114479065,0.3594720661640167,0.3534224033355713,0.28901156783103943,0.3644636273384094,0.22851186990737915,0.2687181532382965,0.4702906310558319,0.2775958776473999,0.36638253927230835,0.2855670750141144,0.2992640733718872,0.2942746579647064,0.24068504571914673,0.22228801250457764,0.491969496011734,0.20977503061294556,0.41325050592422485,0.20458222925662994,0.3598025441169739,0.2039380669593811,0.30725911259651184
0,0.27929484844207764,0.6072146892547607,0.3502655327320099,0.6404184699058533,0.42097875475883484,0.6420172452926636,0.4816005825996399,0.6417903304100037,0.5361888408660889,0.6543622612953186,0.43842098116874695,0.4695498049259186,0.5157608985900879,0.4267914593219757,0.5650973320007324,0.3979667127132416,0.6062779426574707,0.3717857599258423,0.4084467589855194,0.41390174627304077,0.4744578003883362,0.3356618285179138,0.5188965797424316,0.28355714678764343,0.5555962324142456,0.2357361614704132,0.3657912313938141,0.38672763109207153,0.4033791124820709,0.2909408211708069,0.43019527196884155,0.2274836003780365,0.4570825695991516,0.17207816243171692,0.316765159368515,0.38665369153022766,0.32059788703918457,0.3025095462799072,0.32430925965309143,0.24562223255634308,0.3317602574825287,0.1912163496017456
0,0.24393798410892487,0.5206705927848816,0.2769262194633484,0.6091904640197754,0.31721732020378113,0.6878176331520081,0.354472279548645,0.7509070634841919,0.3857412338256836,0.8119184970855713,0.4278436005115509,0.5890105962753296,0.4998685121536255,0.6297003030776978,0.5456597805023193,0.6549035906791687,0.5866432189941406,0.6751331090927124,0.4369255304336548,0.5233715772628784,0.5207082033157349,0.5321225523948669,0.5748392939567566,0.5397897362709045,0.6216654181480408,0.5448012948036194,0.4235495626926422,0.4630667269229889,0.49859803915023804,0.4394814670085907,0.5498740077018738,0.4241962432861328,0.5959500074386597,0.4151455760002136,0.392581582069397,0.4092738628387451,0.44032055139541626,0.36011984944343567,0.4742254614830017,0.3275729715824127,0.509285569190979,0.3007858395576477
0,0.2548801898956299,0.5092601180076599,0.2616206407546997,0.6038161516189575,0.27649545669555664,0.6946133375167847,0.3000726103782654,0.7695389986038208,0.3226090669631958,0.8311184644699097,0.4097417891025543,0.6408568024635315,0.46363595128059387,0.7019767761230469,0.5016899704933167,0.7359616756439209,0.5373602509498596,0.7624907493591309,0.43342325091362,0.5841970443725586,0.5084086656570435,0.6238641142845154,0.5538063049316406,0.6501122713088989,0.5955034494400024,0.672584593296051,0.43518415093421936,0.5242535471916199,0.5065386295318604,0.5353636741638184,0.5531972646713257,0.5460348725318909,0.5940602421760559,0.5589805245399475,0.42086130380630493,0.4614359438419342,0.47697269916534424,0.43617773056030273,0.5161018371582031,0.4220227897167206,0.5534959435462952,0.41306811571121216
0,0.7734540104866028,0.7153778672218323,0.7083897590637207,0.6894208192825317,0.6546213626861572,0.6408165693283081,0.6173460483551025,0.5986869931221008,0.5862690210342407,0.5689218640327454,0.7010663151741028,0.528837263584137,0.6688162088394165,0.4653109908103943,0.6517259478569031,0.42812108993530273,0.6385314464569092,0.3954031467437744,0.7388334274291992,0.5127323865890503,0.7168868780136108,0.4325181543827057,0.7039260268211365,0.3848051428794861,0.6931704878807068,0.34785038232803345,0.7770810723304749,0.5170788168907166,0.7786765098571777,0.4419364333152771,0.7789967656135559,0.3954657018184662,0.7770470976829529,0.3557204008102417,0.8135967254638672,0.5386034250259399,0.8245893120765686,0.4823951721191406,0.8286141157150269,0.4463309049606323,0.8300358653068542,0.4113121032714844
0,0.7650629281997681,0.6957964897155762,0.7003000378608704,0.6776517629623413,0.6455104351043701,0.6356214284896851,0.6086662411689758,0.5953620076179504,0.5784556865692139,0.5658142566680908,0.6856338381767273,0.5224279761314392,0.6569205522537231,0.46276095509529114,0.6418983936309814,0.42633432149887085,0.6309844255447388,0.3947814702987671,0.7240180373191833,0.5032493472099304,0.7048441171646118,0.42534130811691284,0.6931399703025818,0.3797276020050049,0.6840366721153259,0.34514760971069336,0.762939453125,0.5046277046203613,0.7640336155891418,0.4298485815525055,0.764095664024353,0.38431316614151,0.7626598477363586,0.3457319438457489,0.8007423877716064,0.523090660572052,0.8132237792015076,0.46595922112464905,0.8190232515335083,0.4306475520133972,0.8221739530563354,0.3972102999687195
0,0.7827079892158508,0.6625124216079712,0.7187073230743408,0.6660919189453125,0.654691755771637,0.6496175527572632,0.607823371887207,0.6306368112564087,0.5682557821273804,0.6190481185913086,0.6648362874984741,0.514896810054779,0.6200517416000366,0.4608469605445862,0.5949365496635437,0.43044018745422363,0.572300136089325,0.4018620252609253,0.696668803691864,0.48472896218299866,0.6581962704658508,0.41319209337234497,0.6346081495285034,0.37015971541404724,0.6135499477386475,0.3340469002723694,0.7338430285453796,0.4744825065135956,0.7193434238433838,0.39779597520828247,0.707646369934082,0.3474118113517761,0.6942230463027954,0.30475765466690063,0.7734989523887634,0.4794171154499054,0.7713217735290527,0.41745632886886597,0.7662102580070496,0.3780311644077301,0.7578654885292053,0.34191441535949707
0,0.7947208285331726,0.6634150743484497,0.7293798327445984,0.6800634264945984,0.6611683964729309,0.6756771802902222,0.6106515526771545,0.6666476726531982,0.5707022547721863,0.6624037027359009,0.655778706073761,0.5337466597557068,0.6043409705162048,0.4843810498714447,0.5745426416397095,0.455500990152359,0.5482500195503235,0.4284369647502899,0.6846957206726074,0.4953194558620453,0.641097366809845,0.42498692870140076,0.6129805445671082,0.3828986585140228,0.5877683162689209,0.34734266996383667,0.7207451462745667,0.47664734721183777,0.6950597763061523,0.4003974199295044,0.6765099167823792,0.35197144746780396,0.656948447227478,0.3114321827888489,0.7611935138702393,0.47380974888801575,0.7514553666114807,0.4098825752735138,0.7409177422523499,0.37011227011680603,0.727969229221344,0.33380037546157837
0,0.7607162594795227,0.6746894121170044,0.698472261428833,0.6992607116699219,0.6358648538589478,0.693813145160675,0.5899034142494202,0.6781328916549683,0.5549070835113525,0.6708717346191406,0.6315915584564209,0.5711548924446106,0.5898577570915222,0.5348520278930664,0.566909909248352,0.5112812519073486,0.5483366847038269,0.4905228912830353,0.659004807472229,0.5330678820610046,0.6212157011032104,0.47697365283966064,0.5983555316925049,0.4428805112838745,0.5800614356994629,0.4139642119407654,0.6927799582481384,0.5122177600860596,0.6718187928199768,0.44591110944747925,0.6578916907310486,0.40370750427246094,0.6438644528388977,0.36641669273376465,0.7308777570724487,0.5069642663002014,0.735964298248291,0.45003849267959595,0.7376630902290344,0.411977082490921,0.7365338802337646,0.37433791160583496
0,0.7766587138175964,0.6421868205070496,0.7224124670028687,0.6842610239982605,0.6604037880897522,0.7018985152244568,0.6116529703140259,0.7045800685882568,0.5726020336151123,0.7057352066040039,0.6276764869689941,0.581576406955719,0.5768031477928162,0.5598587393760681,0.5478413105010986,0.5464776158332825,0.5233343839645386,0.5342059135437012,0.6458343863487244,0.5348384380340576,0.5939115881919861,0.49614158272743225,0.5632017254829407,0.47094136476516724,0.5378010272979736,0.44984686374664307,0.6750534176826477,0.5041943788528442,0.6418185830116272,0.4477429687976837,0.6209084987640381,0.4101424217224121,0.5997908115386963,0.3779129385948181,0.711704671382904,0.4867992699146271,0.7004061341285706,0.4307860732078552,0.6928937435150146,0.3946571350097656,0.6824883222579956,0.36130720376968384
0,0.7962836027145386,0.6023986339569092,0.7537347078323364,0.6586371660232544,0.6976287364959717,0.7009463906288147,0.6511284112930298,0.7302594184875488,0.6134288907051086,0.751407265663147,0.6306842565536499,0.5950776934623718,0.5695900917053223,0.5960026383399963,0.5324289202690125,0.5977098345756531,0.49941959977149963,0.5957350730895996,0.6358559131622314,0.5434457063674927,0.5711686611175537,0.5252408385276794,0.5308685302734375,0.5125970244407654,0.49570733308792114,0.5006488561630249,0.6568954586982727,0.5020585060119629,0.60606849193573,0.4583929777145386,0.5734412670135498,0.4291180670261383,0.5429435968399048,0.40628618001937866,0.6881662607192993,0.47179114818573,0.6610287427902222,0.420889675617218,0.6433026194572449,0.3882949948310852,0.6242396831512451,0.35980895161628723
0,0.7742839455604553,0.5955910682678223,0.7282387614250183,0.6496049165725708,0.6784048080444336,0.6897083520889282,0.6335906386375427,0.7223050594329834,0.5939191579818726,0.7480044960975647,0.6133652329444885,0.5622808933258057,0.5468817353248596,0.5534775257110596,0.5069929361343384,0.5457395911216736,0.4705081582069397,0.5345225930213928,0.6211681962013245,0.5069335103034973,0.5532587170600891,0.47501933574676514,0.5104126930236816,0.45559024810791016,0.47192391753196716,0.4372853934764862,0.6468014121055603,0.46895766258239746,0.5989604592323303,0.40925508737564087,0.5652086138725281,0.3723917007446289,0.5326457619667053,0.34182143211364746,0.6813166737556458,0.4462853670120239,0.6602977514266968,0.3848246932029724,0.6437311768531799,0.347428560256958,0.6241198778152466,0.31199759244918823
0,0.7550910115242004,0.5937447547912598,0.7047524452209473,0.6364695429801941,0.6504771113395691,0.6684302687644958,0.6041046977043152,0.6931052803993225,0.5637489557266235,0.7190608978271484,0.6146795749664307,0.5303969383239746,0.5513985753059387,0.4997723698616028,0.512632429599762,0.479605108499527,0.4774937629699707,0.4589207172393799,0.6349418759346008,0.47861164808273315,0.5768730044364929,0.4280165135860443,0.5395218729972839,0.3927655816078186,0.5062253475189209,0.35836732387542725,0.6672216653823853,0.44823166728019714,0.6334671378135681,0.3758295774459839,0.6107807755470276,0.32567882537841797,0.5863391160964966,0.28152549266815186,0.7072287201881409,0.4351271986961365,0.7036726474761963,0.36702632904052734,0.6981030702590942,0.3209892511367798,0.6873470544815063,0.2766566574573517
0,0.7319663763046265,0.579757571220398,0.6798309683799744,0.6098827719688416,0.6269387602806091,0.6170902848243713,0.5791487097740173,0.6162898540496826,0.5337991118431091,0.6232005953788757,0.640282928943634,0.48998597264289856,0.5942604541778564,0.42794153094291687,0.5667400360107422,0.3889692425727844,0.5416308045387268,0.35112959146499634,0.6766197681427002,0.4536154866218567,0.6474272608757019,0.3788397014141083,0.6273545026779175,0.32628387212753296,0.6100088953971863,0.2738640606403351,0.7156367301940918,0.44193726778030396,0.7139182090759277,0.3600371181964874,0.71468186378479,0.3017791211605072,0.7128896713256836,0.24424463510513306,0.755510687828064,0.4509240984916687,0.780276358127594,0.3907579183578491,0.7985132932662964,0.350281685590744,0.812292754650116,0.3078176975250244
0,0.752937376499176,0.6833168268203735,0.7020872235298157,0.6438801884651184,0.6660299301147461,0.5737244486808777,0.6450517177581787,0.5115964412689209,0.6171842813491821,0.47720086574554443,0.7316732406616211,0.4796326756477356,0.7261739373207092,0.4016121029853821,0.7240350842475891,0.3530232012271881,0.7248478531837463,0.3132355213165283,0.7730862498283386,0.47890716791152954,0.7876033186912537,0.3900923728942871,0.7971274256706238,0.3355947732925415,0.8070090413093567,0.29300859570503235,0.8075095415115356,0.4999294877052307,0.8440490961074829,0.4294684827327728,0.8653272986412048,0.38447219133377075,0.8837569952011108,0.34507614374160767,0.8346794247627258,0.5389680862426758,0.8819009065628052,0.5115067958831787,0.9128980040550232,0.4892534613609314,0.9404956102371216,0.4661150276660919
0,0.7816188335418701,0.6609720587730408,0.715463399887085,0.6824853420257568,0.6526216864585876,0.6762146353721619,0.6047913432121277,0.6524491906166077,0.5671142339706421,0.6326888203620911,0.6482774615287781,0.5716898441314697,0.6023068428039551,0.5412085056304932,0.5743882656097412,0.519953191280365,0.5550236105918884,0.5014236569404602,0.6751402020454407,0.5382845401763916,0.6334268450737,0.4925781190395355,0.60990971326828,0.4649149179458618,0.5913235545158386,0.4414093792438507,0.7086430191993713,0.5187255144119263,0.6892659664154053,0.46133583784103394,0.6775347590446472,0.4267345070838928,0.6656273603439331,0.398264616727829,0.745701014995575,0.5109318494796753,0.7463800311088562,0.4598884880542755,0.7480406165122986,0.432542622089386,0.7475768327713013,0.4046204388141632
0,0.2822513282299042,0.813010036945343,0.35983577370643616,0.7829402089118958,0.41311711072921753,0.7136073112487793,0.4444468021392822,0.648627758026123,0.47471731901168823,0.6123773455619812,0.34615984559059143,0.5891466736793518,0.3761776089668274,0.5160907506942749,0.39595597982406616,0.47167491912841797,0.4112917482852936,0.4355353116989136,0.3029848337173462,0.5746491551399231,0.31388553977012634,0.4824295938014984,0.32482287287712097,0.42771822214126587,0.3349553346633911,0.38375890254974365,0.2612808346748352,0.57980877161026,0.25602978467941284,0.49110326170921326,0.25749167799949646,0.4361618161201477,0.26119494438171387,0.3898906707763672,0.2195337861776352,0.6011158227920532,0.1990615576505661,0.535680890083313,0.1880040466785431,0.49197328090667725,0.18095164000988007,0.4499739408493042
0,0.26295679807662964,0.7464595437049866,0.3402928113937378,0.748202383518219,0.41029518842697144,0.7152315378189087,0.45909714698791504,0.6770778298377991,0.4993959963321686,0.6600705981254578,0.38417187333106995,0.5716810822486877,0.43898430466651917,0.5177574157714844,0.4730501174926758,0.4818413257598877,0.49956434965133667,0.4509292244911194,0.3480370044708252,0.5379036664962769,0.3862163722515106,0.45049601793289185,0.41089650988578796,0.39842766523361206,0.4296621084213257,0.3579055666923523,0.3076586425304413,0.5251436233520508,0.3331768810749054,0.43454867601394653,0.35116276144981384,0.3817128539085388,0.36776506900787354,0.3400900959968567,0.26103296875953674,0.5287213921546936,0.2641878128051758,0.4558217227458954,0.26835745573043823,0.4099653959274292,0.2749008238315582,0.36882662773132324
0,0.21911336481571198,0.661950409412384,0.29435813426971436,0.70405113697052,0.3678135275840759,0.7058794498443604,0.42511385679244995,0.6967211961746216,0.467338889837265,0.7155780792236328,0.3799513280391693,0.5669283270835876,0.445169061422348,0.5409653186798096,0.48554694652557373,0.5210500955581665,0.5185103416442871,0.5040837526321411,0.35509103536605835,0.5195735692977905,0.41397708654403687,0.46013906598091125,0.45041224360466003,0.42427653074264526,0.4802605211734772,0.3960427939891815,0.32204198837280273,0.48840421438217163,0.36813169717788696,0.42269623279571533,0.3995862305164337,0.3858147859573364,0.4273971617221832,0.35821396112442017,0.27944415807724,0.4677357077598572,0.3012494146823883,0.40692561864852905,0.318612277507782,0.36989420652389526,0.3371284008026123,0.33769381046295166
0,0.23973029851913452,0.653296947479248,0.30717575550079346,0.6872404217720032,0.3788345158100128,0.6869958639144897,0.4330558776855469,0.6775152683258057,0.47444605827331543,0.6869221329689026,0.40565598011016846,0.5480183362960815,0.4806600511074066,0.5207074284553528,0.5299599766731262,0.5026184916496277,0.5704168081283569,0.48749884963035583,0.38018473982810974,0.4965226948261261,0.45044711232185364,0.4315595030784607,0.49928611516952515,0.3938863277435303,0.5398070812225342,0.3630964159965515,0.34411951899528503,0.4657156467437744,0.39866694808006287,0.3933529555797577,0.44190192222595215,0.35194432735443115,0.48125505447387695,0.3195762634277344,0.29869168996810913,0.45004802942276,0.32383379340171814,0.3773766756057739,0.34491363167762756,0.3295917510986328,0.36929771304130554,0.2866929769515991
0,0.25895798206329346,0.657794713973999,0.3282879590988159,0.6681872606277466,0.3869105279445648,0.6329737901687622,0.42609742283821106,0.5913814902305603,0.4643903374671936,0.5637549757957458,0.4067709445953369,0.5295654535293579,0.47826477885246277,0.4833568334579468,0.523777425289154,0.45519647002220154,0.5619655251502991,0.4320681393146515,0.3807530403137207,0.49441415071487427,0.4484497904777527,0.4207174777984619,0.49721062183380127,0.37682998180389404,0.5372430682182312,0.3400798439979553,0.3422294557094574,0.4826110899448395,0.39286157488822937,0.40040820837020874,0.4336512088775635,0.3549310564994812,0.4729253649711609,0.3179622292518616,0.29553595185279846,0.4899354875087738,0.3122876286506653,0.42363399267196655,0.330387145280838,0.3760492205619812,0.35140135884284973,0.33169031143188477
0,0.29560545086860657,0.7200508713722229,0.3681524097919464,0.6905580163002014,0.4178541302680969,0.6187969446182251,0.44451767206192017,0.545623779296875,0.4708021879196167,0.48600175976753235,0.3759468197822571,0.5145264267921448,0.4185352027416229,0.4228940010070801,0.4466218054294586,0.3625187277793884,0.4683572053909302,0.3095244765281677,0.32859325408935547,0.502640426158905,0.34905925393104553,0.3957967758178711,0.3679649829864502,0.32418328523635864,0.38251352310180664,0.2590537369251251,0.2824663817882538,0.5234798192977905,0.2738720774650574,0.42826658487319946,0.2730940878391266,0.36034756898880005,0.27728909254074097,0.29509174823760986,0.24070799350738525,0.5692096948623657,0.21296139061450958,0.5131014585494995,0.19710466265678406,0.474029004573822,0.18730734288692474,0.4303528666496277
0,0.20423591136932373,0.6570384502410889,0.1768483817577362,0.5665209293365479,0.17059436440467834,0.4752131700515747,0.16839385032653809,0.39387571811676025,0.14871357381343842,0.33565372228622437,0.2535187005996704,0.4328605532646179,0.2732301354408264,0.3112322986125946,0.28532955050468445,0.24148103594779968,0.2954972982406616,0.18795087933540344,0.2938331663608551,0.4597351849079132,0.3365270495414734,0.33698588609695435,0.36504122614860535,0.26455557346343994,0.387349009513855,0.21148288249969482,0.32406339049339294,0.5050491690635681,0.3810309171676636,0.41409966349601746,0.42138826847076416,0.3584355413913727,0.45085078477859497,0.3167441487312317,0.34506717324256897,0.5592374205589294,0.40155816078186035,0.5153414607048035,0.4372407793998718,0.4874914586544037,0.46687379479408264,0.4603424668312073
0,0.21681150794029236,0.6532546877861023,0.28421199321746826,0.693093478679657,0.3513202965259552,0.7001962065696716,0.40509170293807983,0.6887273192405701,0.44695255160331726,0.6881536245346069,0.3847469091415405,0.5624352097511292,0.4576270580291748,0.5442199110984802,0.5041810870170593,0.5301907062530518,0.542083740234375,0.5151981115341187,0.3684862554073334,0.5093531012535095,0.44315364956855774,0.4570425748825073,0.49115702509880066,0.42858952283859253,0.5300256013870239,0.40530866384506226,0.34004929661750793,0.47436287999153137,0.39972081780433655,0.4050562381744385,0.4423021376132965,0.3691350817680359,0.48020461201667786,0.3424263894557953,0.3015792965888977,0.4521619379520416,0.3420526087284088,0.39323627948760986,0.37328270077705383,0.35768330097198486,0.40504714846611023,0.328797310590744
0,0.2597429156303406,0.6497310400009155,0.3345639705657959,0.6486722230911255,0.4040379524230957,0.6263111233711243,0.4703223705291748,0.6215980052947998,0.5243675708770752,0.6291424036026001,0.3656195104122162,0.45541173219680786,0.4214836359024048,0.3909721374511719,0.4595016837120056,0.3549136817455292,0.4909306466579437,0.324077844619751,0.31527888774871826,0.4238097071647644,0.33236613869667053,0.3245169222354889,0.34164565801620483,0.2665146589279175,0.3452126979827881,0.21699291467666626,0.2665921449661255,0.4245910048484802,0.252347469329834,0.32775652408599854,0.2410963773727417,0.26527684926986694,0.23310866951942444,0.2077253758907318,0.22176504135131836,0.4519553482532501,0.17718486487865448,0.39058640599250793,0.1440192610025406,0.35491830110549927,0.11681856215000153,0.3199004828929901
0,0.25809812545776367,0.6489006876945496,0.3337187170982361,0.6441578269004822,0.4021860361099243,0.6217930912971497,0.46698713302612305,0.614680290222168,0.5206503868103027,0.6189180612564087,0.36602455377578735,0.4469706118106842,0.42199981212615967,0.38214948773384094,0.45951658487319946,0.3453483283519745,0.489895761013031,0.31556326150894165,0.3154624104499817,0.4170202612876892,0.3320799469947815,0.3170366883277893,0.34049350023269653,0.259762167930603,0.34350258111953735,0.2114209234714508,0.2664962410926819,0.41927626729011536,0.2516711950302124,0.32239896059036255,0.2409970462322235,0.26057010889053345,0.23339501023292542,0.20440393686294556,0.22141805291175842,0.44773241877555847,0.17743493616580963,0.3865254521369934,0.14492402970790863,0.35005220770835876,0.11802028119564056,0.31475311517715454
0,0.2619645595550537,0.6529962420463562,0.3340463936328888,0.6458715200424194,0.40158265829086304,0.6237462162971497,0.4658556878566742,0.6329072713851929,0.5253825783729553,0.6485687494277954,0.3615654408931732,0.44578817486763,0.4184383451938629,0.37082913517951965,0.4579576849937439,0.32895728945732117,0.49192196130752563,0.2924951910972595,0.30704018473625183,0.41406726837158203,0.3126661777496338,0.2985228896141052,0.31571683287620544,0.22281043231487274,0.3128637373447418,0.16183125972747803,0.2573946714401245,0.42813482880592346,0.22676138579845428,0.32612597942352295,0.20586535334587097,0.2550145983695984,0.1889532506465912,0.19043630361557007,0.21795304119586945,0.4752228558063507,0.16855773329734802,0.4396466314792633,0.13195502758026123,0.4191129803657532,0.10119032859802246,0.3969837725162506
0,0.25780415534973145,0.6436611413955688,0.3286687731742859,0.6396229267120361,0.3946840465068817,0.6208688616752625,0.460024356842041,0.6331961750984192,0.5194414854049683,0.6483814716339111,0.35741376876831055,0.44294294714927673,0.41405537724494934,0.367571085691452,0.45244601368904114,0.3237220048904419,0.4845605790615082,0.287361204624176,0.30244582891464233,0.41036173701286316,0.30894285440444946,0.294677197933197,0.31282278895378113,0.21913498640060425,0.3106532692909241,0.15968480706214905,0.25313442945480347,0.4235820472240448,0.22290508449077606,0.32135748863220215,0.2025170773267746,0.24974046647548676,0.18608178198337555,0.1863805055618286,0.2134929746389389,0.46948784589767456,0.1643924117088318,0.43536287546157837,0.1276203691959381,0.41547223925590515,0.09640878438949585,0.3952334225177765
0,0.7264884114265442,0.7008034586906433,0.6670030355453491,0.6722632646560669,0.6065640449523926,0.6209223866462708,0.5535885095596313,0.5951387882232666,0.5047537684440613,0.5988932847976685,0.665081799030304,0.47199270129203796,0.6404197216033936,0.38190194964408875,0.6241930723190308,0.3315280079841614,0.6085039973258972,0.2890605926513672,0.7154169678688049,0.4588228762149811,0.7143986821174622,0.35294705629348755,0.7121974229812622,0.2872522473335266,0.7123929858207703,0.23035696148872375,0.7589406967163086,0.47935640811920166,0.7950008511543274,0.3921121060848236,0.8224930763244629,0.33901283144950867,0.8454339504241943,0.2892214059829712,0.7928182482719421,0.5266610980033875,0.8447142839431763,0.49778851866722107,0.8807384967803955,0.4770609736442566,0.9111571311950684,0.45212772488594055
0,0.731709897518158,0.689838171005249,0.6750409007072449,0.6614172458648682,0.6167780160903931,0.6143293380737305,0.5670682191848755,0.5883608460426331,0.5199453234672546,0.5864763259887695,0.6756548881530762,0.465842604637146,0.6505333781242371,0.37664705514907837,0.6357188820838928,0.32356905937194824,0.6224620938301086,0.27905797958374023,0.7263826131820679,0.4522295594215393,0.7279065251350403,0.34753283858299255,0.7285630106925964,0.2820048928260803,0.7313405871391296,0.22728416323661804,0.7699123620986938,0.47194576263427734,0.8070479035377502,0.38868051767349243,0.8353076577186584,0.3343644142150879,0.8602372407913208,0.28375381231307983,0.8041110038757324,0.5184128284454346,0.856354832649231,0.4947648346424103,0.8924726843833923,0.47386273741722107,0.9244149923324585,0.449086993932724
0,0.7300739884376526,0.6919465065002441,0.669854998588562,0.668470561504364,0.6184834241867065,0.6185478568077087,0.5851284861564636,0.5733757019042969,0.5597889423370361,0.5292351245880127,0.6649371981620789,0.4760882258415222,0.6397534012794495,0.3866084814071655,0.6197973489761353,0.33617907762527466,0.6018126606941223,0.2932036221027374,0.7086669206619263,0.4632515013217926,0.6958510875701904,0.3623238801956177,0.6841781139373779,0.29830607771873474,0.6732984781265259,0.24103230237960815,0.7509419918060303,0.48064348101615906,0.7771762013435364,0.3900720477104187,0.7947274446487427,0.3296172618865967,0.8067179918289185,0.27342021465301514,0.7877495884895325,0.522213339805603,0.8332409858703613,0.4773232042789459,0.8620258569717407,0.44706323742866516,0.8852911591529846,0.4139607548713684
0,0.7367657423019409,0.6889108419418335,0.6744508147239685,0.6653910279273987,0.619715690612793,0.6174805760383606,0.5830543041229248,0.5722790360450745,0.5525572896003723,0.5324253439903259,0.6665199398994446,0.47207215428352356,0.6393364071846008,0.38533174991607666,0.6185777187347412,0.3362354040145874,0.6003048419952393,0.29482245445251465,0.7116589546203613,0.4555412232875824,0.6993831396102905,0.35477352142333984,0.6879026293754578,0.2914297878742218,0.6769011616706848,0.23562121391296387,0.7552826404571533,0.46855148673057556,0.7796392440795898,0.3786720335483551,0.7942796349525452,0.31917524337768555,0.8035717010498047,0.26473039388656616,0.7936177253723145,0.5050889849662781,0.8369085192680359,0.45545119047164917,0.8636242747306824,0.42025458812713623,0.8848323822021484,0.38277697563171387
0,0.7375999689102173,0.6923359036445618,0.6745153665542603,0.6696512699127197,0.6189806461334229,0.6229428648948669,0.5797271132469177,0.579104483127594,0.5485277771949768,0.5365854501724243,0.6657032370567322,0.4745754897594452,0.6457740068435669,0.38260719180107117,0.6308239698410034,0.3304389715194702,0.614932119846344,0.2843039035797119,0.7069763541221619,0.46332889795303345,0.6935015320777893,0.3616284132003784,0.6798527836799622,0.2998053729534149,0.6646602153778076,0.2455289661884308,0.7470729351043701,0.47646698355674744,0.7575924396514893,0.3803490996360779,0.7607746720314026,0.31913384795188904,0.758933424949646,0.2635018825531006,0.7842685580253601,0.5084699392318726,0.8046647310256958,0.4414932429790497,0.815466046333313,0.39722245931625366,0.8222988247871399,0.35371237993240356
0,0.73841392993927,0.6926043033599854,0.6753774881362915,0.6695292592048645,0.6237391829490662,0.6096867322921753,0.5953910946846008,0.5512315034866333,0.5843949317932129,0.4960325360298157,0.6645737886428833,0.48135003447532654,0.6373016834259033,0.3949768543243408,0.618302583694458,0.34170904755592346,0.601757287979126,0.2975304126739502,0.7067312598228455,0.4673290252685547,0.6881836652755737,0.3694375455379486,0.6729989051818848,0.3048890233039856,0.658255934715271,0.24801918864250183,0.7486504912376404,0.4781658947467804,0.7566043734550476,0.38719019293785095,0.7593095898628235,0.32351505756378174,0.7582024931907654,0.2645205557346344,0.789032518863678,0.5114008784294128,0.8282228112220764,0.4547717571258545,0.85459303855896,0.41550496220588684,0.8746687769889832,0.3753374218940735
0,0.7450748682022095,0.6958147287368774,0.6820546388626099,0.6690981984138489,0.6377152800559998,0.6025326251983643,0.6170998811721802,0.5344631671905518,0.5951798558235168,0.4754955470561981,0.6633810997009277,0.4822732210159302,0.6445125341415405,0.3914121091365814,0.6301641464233398,0.339042991399765,0.6150822639465332,0.29051268100738525,0.7035329341888428,0.4674999415874481,0.6897329092025757,0.36747974157333374,0.6763480305671692,0.3062535524368286,0.6614722013473511,0.2504693865776062,0.7417424321174622,0.4775392711162567,0.7417747378349304,0.383068323135376,0.7374176383018494,0.3234322965145111,0.7286297082901001,0.26719850301742554,0.7794338464736938,0.5064055323600769,0.7822285294532776,0.4380384683609009,0.7794749140739441,0.3928205370903015,0.7725116610527039,0.34882110357284546
0,0.7479708194732666,0.6969877481460571,0.6812120676040649,0.6649795770645142,0.6415959000587463,0.5916634202003479,0.6325497627258301,0.5154168605804443,0.6218768358230591,0.44884219765663147,0.6680851578712463,0.48221731185913086,0.6533995866775513,0.38777533173561096,0.6469929814338684,0.33040130138397217,0.6429415941238403,0.2769715189933777,0.7051008343696594,0.4716629683971405,0.6900705099105835,0.36945289373397827,0.6790032982826233,0.30578017234802246,0.6689886450767517,0.24756696820259094,0.739866316318512,0.4810577929019928,0.7352153062820435,0.3849157691001892,0.7281100153923035,0.32465827465057373,0.7199591994285583,0.2707996070384979,0.7767707109451294,0.5058654546737671,0.7747206091880798,0.436109721660614,0.7685977220535278,0.3894686996936798,0.7600330710411072,0.3445046842098236
0,0.26668214797973633,0.7497797608375549,0.3425016403198242,0.7395219802856445,0.4076400697231293,0.6831559538841248,0.4507332444190979,0.618751585483551,0.4959498643875122,0.5833755135536194,0.38349103927612305,0.5329495668411255,0.40310224890708923,0.44064781069755554,0.4124658703804016,0.381736159324646,0.4199554920196533,0.33049678802490234,0.34950152039527893,0.5122265815734863,0.37413302063941956,0.4087178111076355,0.38940468430519104,0.34207990765571594,0.4025259017944336,0.2865321636199951,0.31349602341651917,0.5109295845031738,0.33800584077835083,0.4114954471588135,0.3557588458061218,0.353390634059906,0.3713175058364868,0.30372533202171326,0.27181702852249146,0.5235505104064941,0.29213374853134155,0.4482536315917969,0.3079630136489868,0.4030095934867859,0.3228379786014557,0.3608205318450928
0,0.263144850730896,0.7463833689689636,0.33727699518203735,0.7362229228019714,0.4056944251060486,0.6880844831466675,0.45862558484077454,0.6419584155082703,0.5087860822677612,0.615500271320343,0.3792905807495117,0.5342308282852173,0.40215572714805603,0.44242918491363525,0.4135962724685669,0.3845033049583435,0.42425039410591125,0.3336704969406128,0.34086087346076965,0.5115642547607422,0.3669700622558594,0.408336877822876,0.3850470781326294,0.34170985221862793,0.4010271430015564,0.28692400455474854,0.29983267188072205,0.5102626085281372,0.3225538730621338,0.41028672456741333,0.340593546628952,0.3515528440475464,0.3590410649776459,0.3003333508968353,0.2547772228717804,0.5239579677581787,0.27025654911994934,0.4462004005908966,0.28377437591552734,0.3990930914878845,0.29950836300849915,0.35409969091415405
0,0.2638603448867798,0.7460585236549377,0.33947697281837463,0.7386885285377502,0.4079834222793579,0.695124626159668,0.4576363265514374,0.6513040661811829,0.5041106939315796,0.6250320076942444,0.3820807635784149,0.5387822985649109,0.41787397861480713,0.44990018010139465,0.4366971552371979,0.3929775357246399,0.45184820890426636,0.34146782755851746,0.34086519479751587,0.5120826959609985,0.3747459053993225,0.41067320108413696,0.39678093791007996,0.3446006178855896,0.4142824113368988,0.2886158525943756,0.29606643319129944,0.509117066860199,0.31296053528785706,0.4062819480895996,0.32737091183662415,0.3421267867088318,0.3428216874599457,0.2860700786113739,0.24831369519233704,0.524651288986206,0.24610450863838196,0.4448867738246918,0.24827726185321808,0.3920338451862335,0.25544703006744385,0.3404996693134308
0,0.26059117913246155,0.7459908723831177,0.334404855966568,0.7361536622047424,0.4043491780757904,0.6923262476921082,0.45979049801826477,0.6524657607078552,0.5100947022438049,0.6330101490020752,0.3727855682373047,0.5343088507652283,0.413299024105072,0.444330096244812,0.4360443949699402,0.38686835765838623,0.4536500871181488,0.33689695596694946,0.33066266775131226,0.50803542137146,0.3628947138786316,0.40252065658569336,0.38461834192276,0.33580824732780457,0.40087422728538513,0.27988916635513306,0.28587135672569275,0.5069632530212402,0.295302152633667,0.4007977545261383,0.30228862166404724,0.3321417570114136,0.3109145164489746,0.2725226581096649,0.23983874917030334,0.5272020101547241,0.22315546870231628,0.44831445813179016,0.21363210678100586,0.395096093416214,0.20945662260055542,0.3424884080886841
0,0.25711673498153687,0.7382602095603943,0.3338673412799835,0.7260291576385498,0.40816882252693176,0.6979889273643494,0.4738324284553528,0.6821408271789551,0.5315883159637451,0.677908182144165,0.3687354326248169,0.5261014103889465,0.41245850920677185,0.4379402995109558,0.4377251863479614,0.3834550976753235,0.4596453309059143,0.33468377590179443,0.3232070207595825,0.49730634689331055,0.352105975151062,0.38907527923583984,0.3716312646865845,0.3226172924041748,0.3874371349811554,0.26631882786750793,0.27605968713760376,0.49864086508750916,0.2784706652164459,0.3930981457233429,0.28066158294677734,0.3258390426635742,0.28693240880966187,0.26559415459632874,0.23085534572601318,0.5246674418449402,0.20112623274326324,0.4520004093647003,0.1820814460515976,0.40355995297431946,0.1688465178012848,0.355697900056839
0,0.7805802822113037,0.8332892656326294,0.7188829183578491,0.8247268199920654,0.6686297059059143,0.7969746589660645,0.6362040042877197,0.773184061050415,0.6181426644325256,0.7459690570831299,0.7017408609390259,0.6401442885398865,0.6782576441764832,0.5807552933692932,0.6692063808441162,0.5489859580993652,0.6654775142669678,0.5509446263313293,0.7442686557769775,0.6175367832183838,0.7412674427032471,0.5299326181411743,0.7377679347991943,0.503872275352478,0.737130343914032,0.530859649181366,0.7843648195266724,0.6229175925254822,0.7889127731323242,0.540798008441925,0.7873201966285706,0.5246325135231018,0.7825286984443665,0.5534964799880981,0.823499321937561,0.6491575837135315,0.8457275629043579,0.5998087525367737,0.8507981896400452,0.5797437429428101,0.8490280508995056,0.5905227661132812
0,0.7790714502334595,0.8134350776672363,0.7217164039611816,0.8127287030220032,0.6742745637893677,0.797173023223877,0.6432141661643982,0.7804189920425415,0.625889778137207,0.7649220824241638,0.7030489444732666,0.6318086981773376,0.6781764626502991,0.5725527405738831,0.666972815990448,0.5421152710914612,0.6618475914001465,0.554468035697937,0.7488840818405151,0.6068896651268005,0.7486815452575684,0.5117018818855286,0.7461106181144714,0.5047311782836914,0.7449666261672974,0.547933042049408,0.7891773581504822,0.6130620837211609,0.799926221370697,0.5305795669555664,0.7977415919303894,0.5314242839813232,0.7917237877845764,0.5647873282432556,0.8276107311248779,0.6429115533828735,0.8538497090339661,0.6015459895133972,0.8616435527801514,0.5851151347160339,0.8627433776855469,0.5897188782691956
0,0.7615787386894226,0.7865309119224548,0.7072377800941467,0.7780261635780334,0.6610130071640015,0.7584059238433838,0.6316371560096741,0.7403866052627563,0.6068074107170105,0.7235491275787354,0.6992684602737427,0.61125648021698,0.6748167872428894,0.5449092388153076,0.662957489490509,0.5029370188713074,0.6549946069717407,0.46516430377960205,0.7417928576469421,0.5896114706993103,0.7324265241622925,0.4982339143753052,0.7291560173034668,0.44058936834335327,0.7291596531867981,0.3912063241004944,0.7828052639961243,0.598583459854126,0.8021268844604492,0.5147402882575989,0.8176660537719727,0.4623769521713257,0.8310092687606812,0.41605621576309204,0.8204085826873779,0.6316189169883728,0.8583819270133972,0.5863132476806641,0.8828014135360718,0.5536994338035583,0.9035285115242004,0.5207538604736328
0,0.7583162784576416,0.7826985716819763,0.7006567716598511,0.7653710842132568,0.6495652198791504,0.736038088798523,0.6103119254112244,0.7156864404678345,0.5733852982521057,0.7050411105155945,0.692445695400238,0.5969037413597107,0.6605718731880188,0.5255610942840576,0.641292929649353,0.4780895709991455,0.6263549327850342,0.4371027946472168,0.7345527410507202,0.5757834911346436,0.7197786569595337,0.48126041889190674,0.7126977443695068,0.41985100507736206,0.7079620957374573,0.367013156414032,0.7762780785560608,0.5842613577842712,0.7935004234313965,0.4968053996562958,0.8075081706047058,0.43909919261932373,0.8186463117599487,0.38632816076278687,0.815135657787323,0.6163468360900879,0.8535127639770508,0.568382978439331,0.8786454796791077,0.5325119495391846,0.8991926312446594,0.4950365424156189
0,0.7565411925315857,0.7849077582359314,0.7016603350639343,0.7758084535598755,0.6552532315254211,0.7535257935523987,0.6318754553794861,0.7287232875823975,0.6356898546218872,0.7006402611732483,0.6937305331230164,0.6047642230987549,0.6715707182884216,0.5515950322151184,0.6620886325836182,0.5197105407714844,0.6577194929122925,0.4921380877494812,0.7351099848747253,0.585150957107544,0.725565493106842,0.508705198764801,0.7216730713844299,0.4662128686904907,0.7219994068145752,0.4324747920036316,0.7757195830345154,0.594215989112854,0.7900112271308899,0.5239604711532593,0.798943042755127,0.479939728975296,0.8073151111602783,0.44160595536231995,0.813127338886261,0.6266718506813049,0.8467320799827576,0.5901634097099304,0.8683868646621704,0.5676653385162354,0.8865990042686462,0.5446659326553345
0,0.7558301687240601,0.7815799117088318,0.7063058018684387,0.7719897031784058,0.6601890325546265,0.743459939956665,0.6407489776611328,0.7111330628395081,0.6639342308044434,0.6917478442192078,0.6898766756057739,0.5991201996803284,0.6717225909233093,0.5358453989028931,0.6681428551673889,0.5178199410438538,0.6724345088005066,0.5289913415908813,0.7320964336395264,0.5837293863296509,0.7258757948875427,0.5100260972976685,0.7245156168937683,0.47552210092544556,0.7263738512992859,0.4600505828857422,0.7722180485725403,0.5960675477981567,0.7846718430519104,0.5340667366981506,0.7920261025428772,0.4979829490184784,0.7981703877449036,0.4729871153831482,0.8067537546157837,0.6306275725364685,0.8302701711654663,0.5983893871307373,0.8452265858650208,0.5825303792953491,0.8576897382736206,0.5679425001144409
0,0.7600515484809875,0.7779179215431213,0.7113516330718994,0.7683563828468323,0.6647018194198608,0.7346891760826111,0.6543360948562622,0.693536102771759,0.6814277172088623,0.6606541275978088,0.6899991631507874,0.6000763177871704,0.6714056730270386,0.5347617864608765,0.6746384501457214,0.527900755405426,0.6876419186592102,0.5542044639587402,0.7303255200386047,0.5812471508979797,0.722897469997406,0.506138265132904,0.7215044498443604,0.4714285731315613,0.7229955196380615,0.4674721658229828,0.7673417329788208,0.5912733674049377,0.7797810435295105,0.5294942259788513,0.7850814461708069,0.498061865568161,0.7858628630638123,0.48934227228164673,0.8005271553993225,0.6226568222045898,0.8206819295883179,0.5919249653816223,0.8265348672866821,0.5863214731216431,0.8260015249252319,0.5916247963905334
0,0.7668220400810242,0.7723912000656128,0.7302483320236206,0.7640509009361267,0.6996704936027527,0.7299730777740479,0.688444972038269,0.6948451399803162,0.7029005885124207,0.6565254926681519,0.700231671333313,0.6029841899871826,0.6872193813323975,0.5522091388702393,0.6940917372703552,0.5623248815536499,0.7103886008262634,0.6047741174697876,0.7362688779830933,0.5820385813713074,0.7320956587791443,0.49124908447265625,0.7317237257957458,0.4885779023170471,0.7365288138389587,0.5163544416427612,0.7674752473831177,0.5905349254608154,0.7829771637916565,0.5117539167404175,0.7787312865257263,0.5307607054710388,0.77088862657547,0.5645473003387451,0.8009175658226013,0.6213734745979309,0.8220264315605164,0.5879520177841187,0.8168299198150635,0.6042869091033936,0.8038724660873413,0.6306151151657104
0,0.7643867135047913,0.7699147462844849,0.7289868593215942,0.758094310760498,0.7038763761520386,0.7227439284324646,0.7089932560920715,0.6847322583198547,0.7280270457267761,0.6470921635627747,0.6997262835502625,0.6203866600990295,0.6947663426399231,0.5523784756660461,0.705504298210144,0.580867350101471,0.7187309265136719,0.6196377873420715,0.7350119948387146,0.6063323616981506,0.7390633225440979,0.5080469250679016,0.7388339042663574,0.5397816896438599,0.7383632063865662,0.5769116878509521,0.7666947841644287,0.6132202744483948,0.7750267386436462,0.5435047149658203,0.763367235660553,0.591905415058136,0.7532030940055847,0.6327941417694092,0.7956992387771606,0.6353144645690918,0.7877495884895325,0.6123488545417786,0.7714341878890991,0.6436044573783875,0.7599515914916992,0.6704118251800537
0,0.7555444240570068,0.7941786050796509,0.7002097368240356,0.7848808765411377,0.6555350422859192,0.7626702189445496,0.6250350475311279,0.7472566366195679,0.5971141457557678,0.7379149198532104,0.6943188309669495,0.6147929430007935,0.6746526956558228,0.5580726265907288,0.6655896902084351,0.5271273255348206,0.6592308878898621,0.5010757446289062,0.7357346415519714,0.5970941185951233,0.7311851382255554,0.5225838422775269,0.7302809953689575,0.48046576976776123,0.732079803943634,0.44917264580726624,0.7744026780128479,0.607610821723938,0.7883188128471375,0.5433471202850342,0.798933744430542,0.5080893039703369,0.8078542947769165,0.4786457121372223,0.8077020049095154,0.6397953033447266,0.83757483959198,0.6121760010719299,0.8572157621383667,0.5990540385246277,0.8736288547515869,0.5862926244735718
0,0.7534074187278748,0.7781981825828552,0.6996579170227051,0.7676563262939453,0.6548978686332703,0.7459498643875122,0.6273565292358398,0.7297244668006897,0.6064524054527283,0.7137355804443359,0.6855889558792114,0.5987329483032227,0.6637732982635498,0.542161226272583,0.6547049283981323,0.511108934879303,0.6481407284736633,0.4854871332645416,0.7273718118667603,0.5796660780906677,0.7176961898803711,0.5044325590133667,0.713511049747467,0.46126818656921387,0.7115839123725891,0.4256246089935303,0.7668511271476746,0.5891246795654297,0.779518723487854,0.523301899433136,0.7852723598480225,0.4843299388885498,0.7882878184318542,0.449960857629776,0.8016641139984131,0.6201996803283691,0.8276887536048889,0.5863687992095947,0.8419749140739441,0.5675541758537292,0.8521370887756348,0.548059344291687
0,0.270125150680542,0.7760254740715027,0.3399631679058075,0.7572988271713257,0.40936481952667236,0.7288187146186829,0.4722556471824646,0.7279242873191833,0.5294093489646912,0.7312757968902588,0.3588640093803406,0.5632504820823669,0.39775392413139343,0.47900742292404175,0.4235188961029053,0.4279092848300934,0.4461138844490051,0.38000980019569397,0.3120284974575043,0.5382381081581116,0.3318820595741272,0.43078842759132385,0.34708327054977417,0.36479103565216064,0.3580232560634613,0.3066510260105133,0.26715928316116333,0.5411383509635925,0.2565206289291382,0.4465228319168091,0.2554224729537964,0.3854933977127075,0.258480429649353,0.3272528052330017,0.22591719031333923,0.5647917985916138,0.2050171196460724,0.49541985988616943,0.19611787796020508,0.45100709795951843,0.19320419430732727,0.4045897126197815
0,0.2740642726421356,0.7832457423210144,0.3447011411190033,0.7654631733894348,0.41235119104385376,0.7409628629684448,0.47090715169906616,0.7383697628974915,0.5242239832878113,0.7345861792564392,0.36100322008132935,0.5726393461227417,0.3994830846786499,0.49255892634391785,0.42540857195854187,0.44699275493621826,0.44916316866874695,0.4041008949279785,0.31318020820617676,0.5480231046676636,0.3329324722290039,0.4463028311729431,0.3496145009994507,0.3861538767814636,0.36398056149482727,0.3323199152946472,0.26795506477355957,0.5510790348052979,0.255622535943985,0.4604600667953491,0.257135272026062,0.40490400791168213,0.2655438780784607,0.3522447943687439,0.22638007998466492,0.5753868818283081,0.20046155154705048,0.5115370750427246,0.19481875002384186,0.474507600069046,0.19932758808135986,0.4377276301383972
0,0.2735191583633423,0.7851980924606323,0.34113600850105286,0.7666572332382202,0.4069748520851135,0.7404111623764038,0.45839640498161316,0.7286233901977539,0.5005647540092468,0.7162762880325317,0.3622024655342102,0.5729644298553467,0.39927035570144653,0.49716493487358093,0.42406368255615234,0.45559030771255493,0.44721704721450806,0.41818106174468994,0.31487518548965454,0.5480441451072693,0.3344205319881439,0.4520929455757141,0.3537842631340027,0.3974301517009735,0.3730771839618683,0.35434791445732117,0.270386278629303,0.5525151491165161,0.25793761014938354,0.46590983867645264,0.2627181112766266,0.41725143790245056,0.27674511075019836,0.3781116306781769,0.2290717363357544,0.579427182674408,0.19854488968849182,0.5150370001792908,0.19599977135658264,0.485717236995697,0.20713737607002258,0.46581655740737915
0,0.27447161078453064,0.781564474105835,0.33504047989845276,0.7697779536247253,0.39000800251960754,0.7459242343902588,0.42784053087234497,0.7407141923904419,0.46043261885643005,0.7380414009094238,0.3683207333087921,0.5726625919342041,0.39489367604255676,0.5058822631835938,0.41229718923568726,0.4736144542694092,0.4320873022079468,0.449518620967865,0.32259130477905273,0.5479122996330261,0.3368545174598694,0.46374207735061646,0.35321593284606934,0.41747772693634033,0.37394246459007263,0.38898026943206787,0.2777414321899414,0.5539450645446777,0.2727615237236023,0.47676050662994385,0.2789374887943268,0.4403734803199768,0.29468077421188354,0.4191957712173462,0.23424112796783447,0.5834112763404846,0.20869901776313782,0.5333166718482971,0.20771296322345734,0.5202081203460693,0.21863889694213867,0.5203521847724915
0,0.27655088901519775,0.7776401042938232,0.3310227692127228,0.7708436250686646,0.3791084587574005,0.7514792084693909,0.4060538113117218,0.7394949793815613,0.4278244972229004,0.7261361479759216,0.3690958619117737,0.5721248388290405,0.39564594626426697,0.5065079927444458,0.4126149117946625,0.4776518940925598,0.42836111783981323,0.4684760570526123,0.3256687819957733,0.5468923449516296,0.33916348218917847,0.47000977396965027,0.35210129618644714,0.42877712845802307,0.3665732145309448,0.42104995250701904,0.2820112109184265,0.5538058280944824,0.2779081463813782,0.47769424319267273,0.28300780057907104,0.44430190324783325,0.2971256375312805,0.4409215450286865,0.23768427968025208,0.586268961429596,0.2098163366317749,0.5381852388381958,0.20795851945877075,0.5215768218040466,0.21882110834121704,0.5265646576881409
0,0.27907294034957886,0.7797003984451294,0.3278132677078247,0.7710798978805542,0.3665331304073334,0.7521723508834839,0.38973450660705566,0.737616777420044,0.3986026644706726,0.7160707116127014,0.36976358294487,0.5814260840415955,0.3962167501449585,0.510583221912384,0.41192835569381714,0.48440617322921753,0.42285168170928955,0.4938409924507141,0.32696181535720825,0.5566601157188416,0.34082677960395813,0.46992257237434387,0.35341641306877136,0.43676382303237915,0.36648017168045044,0.44965988397598267,0.28457218408584595,0.5661003589630127,0.2803634703159332,0.48016443848609924,0.2887595593929291,0.45711982250213623,0.3069095313549042,0.4715009927749634,0.2414669394493103,0.6024158596992493,0.21729257702827454,0.5541417002677917,0.22018802165985107,0.5422965884208679,0.23593750596046448,0.5586633086204529
0,0.2848137319087982,0.7776619791984558,0.3310632109642029,0.765231192111969,0.36805668473243713,0.7445690631866455,0.3842385411262512,0.7298327088356018,0.3783991038799286,0.7031733393669128,0.37937816977500916,0.579459011554718,0.3983725309371948,0.5022592544555664,0.41305315494537354,0.4954134225845337,0.41917091608047485,0.5379946231842041,0.33660686016082764,0.5586639642715454,0.3455359935760498,0.45990365743637085,0.3591899573802948,0.4475197196006775,0.3701167702674866,0.48631590604782104,0.2936936318874359,0.5710017681121826,0.28935495018959045,0.4787815809249878,0.3027072250843048,0.47813212871551514,0.32137617468833923,0.5128158330917358,0.24821488559246063,0.6091709136962891,0.22355195879936218,0.562019407749176,0.23401537537574768,0.5578868389129639,0.25595784187316895,0.579386293888092
0,0.28150731325149536,0.7980495691299438,0.32962438464164734,0.7896615266799927,0.37077078223228455,0.7580946087837219,0.3760257959365845,0.7256784439086914,0.35947462916374207,0.6897464990615845,0.38307395577430725,0.6061131358146667,0.4047313928604126,0.5131978988647461,0.4217931628227234,0.5214225053787231,0.42613863945007324,0.5657497048377991,0.34040766954421997,0.5862735509872437,0.3557474613189697,0.47310471534729004,0.3722606301307678,0.49375903606414795,0.3794800341129303,0.5428785085678101,0.2974710762500763,0.5934402942657471,0.3084840178489685,0.5051992535591125,0.3284364342689514,0.5355267524719238,0.34082064032554626,0.5787984132766724,0.2543855607509613,0.623863935470581,0.26830118894577026,0.6112166047096252,0.2930305302143097,0.6355798244476318,0.3130437731742859,0.660676121711731
1,0.30073273181915283,0.7005080580711365,0.3703646659851074,0.7103103995323181,0.44008880853652954,0.6958844661712646,0.5004275441169739,0.68180251121521,0.5521302223205566,0.6675833463668823,0.4326384961605072,0.5217563509941101,0.4626401662826538,0.43710166215896606,0.4780741035938263,0.38302740454673767,0.49264347553253174,0.3300749659538269,0.40551844239234924,0.4886172413825989,0.45234379172325134,0.4121599793434143,0.4863695204257965,0.36314070224761963,0.5167670845985413,0.318545937538147,0.37099581956863403,0.4754878580570221,0.37962663173675537,0.3814736604690552,0.3787912428379059,0.32725584506988525,0.38523051142692566,0.28259846568107605,0.3341585397720337,0.47658252716064453,0.3577249348163605,0.39980199933052063,0.37238794565200806,0.35175707936286926,0.3920834958553314,0.30777087807655334
1,0.2742736041545868,0.6794753670692444,0.3405328094959259,0.6784803867340088,0.4085882008075714,0.6574315428733826,0.46930450201034546,0.6481915712356567,0.5166517496109009,0.6295520067214966,0.3884929418563843,0.48266780376434326,0.4088781177997589,0.3923608362674713,0.4183039963245392,0.3369019627571106,0.42808860540390015,0.2813735008239746,0.3602152466773987,0.4543764293193817,0.39704158902168274,0.37108319997787476,0.42533940076828003,0.3132697641849518,0.449663907289505,0.26000815629959106,0.3248618245124817,0.4470997154712677,0.3278908431529999,0.3540428876876831,0.3199988007545471,0.3170450031757355,0.31952181458473206,0.28544577956199646,0.28600844740867615,0.4552743136882782,0.30019766092300415,0.37552863359451294,0.3099696636199951,0.3222663700580597,0.3240334987640381,0.27078157663345337
1,0.22285617887973785,0.6492225527763367,0.28548872470855713,0.6522513031959534,0.3543463945388794,0.628726065158844,0.41247060894966125,0.6120863556861877,0.4565141797065735,0.5927862524986267,0.33117878437042236,0.4589715301990509,0.3477160334587097,0.3612557053565979,0.35293784737586975,0.300575852394104,0.3574409484863281,0.2402406632900238,0.29830554127693176,0.42934492230415344,0.33440685272216797,0.3460628390312195,0.3558831512928009,0.2837368845939636,0.37319934368133545,0.22459229826927185,0.2604202628135681,0.4223053753376007,0.25258153676986694,0.3328344225883484,0.23615002632141113,0.29376089572906494,0.22886714339256287,0.261558473110199,0.22151842713356018,0.42941972613334656,0.2333870530128479,0.3468549847602844,0.23855093121528625,0.2946469783782959,0.24863620102405548,0.24490296840667725
1,0.24200308322906494,0.6302018761634827,0.3139076232910156,0.6345328092575073,0.380851149559021,0.611688494682312,0.44108861684799194,0.6058921813964844,0.48631060123443604,0.5964568853378296,0.3404185175895691,0.41990235447883606,0.3565962016582489,0.3210146427154541,0.36760398745536804,0.26635444164276123,0.3807610273361206,0.21758782863616943,0.2946917414665222,0.40289005637168884,0.2776791453361511,0.30670130252838135,0.2676478624343872,0.2533017694950104,0.2659620940685272,0.21044135093688965,0.254692941904068,0.4140689969062805,0.24601411819458008,0.32192426919937134,0.24426588416099548,0.2561594247817993,0.24663828313350677,0.19910910725593567,0.22308509051799774,0.4411078989505768,0.22896802425384521,0.39431101083755493,0.2369874268770218,0.39180803298950195,0.24713973701000214,0.38998937606811523
1,0.3696506917476654,0.5912538766860962,0.4392739236354828,0.6078090071678162,0.5136510729789734,0.6035995483398438,0.5738547444343567,0.6044214963912964,0.6190283894538879,0.6057888269424438,0.510904848575592,0.42367732524871826,0.5472180843353271,0.3435477912425995,0.5678778290748596,0.2933981418609619,0.5883217453956604,0.24885956943035126,0.4824535548686981,0.3905178904533386,0.5303771495819092,0.3166704773902893,0.5642801523208618,0.27354294061660767,0.5951205492019653,0.24011671543121338,0.44605496525764465,0.37647318840026855,0.45866209268569946,0.2867194712162018,0.46670347452163696,0.23206551373004913,0.48157840967178345,0.1904599368572235,0.4080197811126709,0.3761836886405945,0.4349142909049988,0.3003097176551819,0.4506036043167114,0.25564271211624146,0.4724498689174652,0.2184034138917923
1,0.4492587447166443,0.5797376036643982,0.5137843489646912,0.5994868874549866,0.5800184011459351,0.5995349884033203,0.6363934874534607,0.6044601798057556,0.6786442995071411,0.605654239654541,0.5809894800186157,0.42183011770248413,0.6161996126174927,0.3441866636276245,0.6361369490623474,0.29492050409317017,0.6560268998146057,0.24752244353294373,0.5577086210250854,0.38738301396369934,0.6062707901000977,0.3178855776786804,0.6414266228675842,0.27593356370925903,0.6727209687232971,0.24098800122737885,0.5263943672180176,0.37151333689689636,0.5406908988952637,0.2795485258102417,0.5489110946655273,0.22636587917804718,0.5629982352256775,0.18591588735580444,0.4931950569152832,0.36859872937202454,0.5230841636657715,0.2941169738769531,0.5436531901359558,0.24839995801448822,0.569840133190155,0.20795978605747223
1,0.5404825806617737,0.5764645338058472,0.6000718474388123,0.5875762104988098,0.66015625,0.581879198551178,0.7099041938781738,0.5829440355300903,0.7505298256874084,0.5813172459602356,0.6477628946304321,0.4135434031486511,0.6707626581192017,0.33688902854919434,0.6835641860961914,0.28705161809921265,0.6961585879325867,0.23912490904331207,0.6227333545684814,0.38635337352752686,0.6589595079421997,0.31377965211868286,0.6855910420417786,0.267764151096344,0.7094012498855591,0.2283933013677597,0.5917017459869385,0.3759666085243225,0.6012966632843018,0.2905457317829132,0.6076623797416687,0.24110448360443115,0.619042158126831,0.20062819123268127,0.5581117272377014,0.3788708746433258,0.5751801133155823,0.3081706762313843,0.5888820886611938,0.2628460228443146,0.607776403427124,0.2203156054019928
1,0.5943338871002197,0.7411127686500549,0.6536033153533936,0.7456920146942139,0.7116901874542236,0.7311445474624634,0.7587788701057434,0.7292093634605408,0.7975894212722778,0.723831295967102,0.6953409314155579,0.5739563703536987,0.7187228798866272,0.4985816478729248,0.7316224575042725,0.450423002243042,0.7447225451469421,0.40553078055381775,0.6690849661827087,0.5497427582740784,0.6991667151451111,0.47161319851875305,0.7251166105270386,0.42529237270355225,0.7493385672569275,0.3881572484970093,0.6388429999351501,0.5422177314758301,0.6497079730033875,0.4606276750564575,0.6598753333091736,0.41835373640060425,0.6738121509552002,0.38591262698173523,0.6085643172264099,0.5474410057067871,0.6263006329536438,0.47894617915153503,0.6410872340202332,0.4336519241333008,0.660071074962616,0.3924340307712555
1,0.47902795672416687,0.8391169905662537,0.5413161516189575,0.8432179689407349,0.6048317551612854,0.8192630410194397,0.656548023223877,0.8098275661468506,0.6983283758163452,0.7994983792304993,0.5836367011070251,0.6612896919250488,0.6041551232337952,0.5843893885612488,0.6147382259368896,0.5380315780639648,0.6250722408294678,0.4935745596885681,0.5560363531112671,0.6382021903991699,0.5868038535118103,0.5608923435211182,0.6131097674369812,0.511874794960022,0.6367043256759644,0.4693860113620758,0.5225895643234253,0.6327572464942932,0.5313644409179688,0.5648962259292603,0.5255849361419678,0.5846156477928162,0.5256055593490601,0.601753294467926,0.48641180992126465,0.639928936958313,0.500658392906189,0.5711987614631653,0.5120781064033508,0.5247315168380737,0.5280014276504517,0.4812326431274414
0,0.7453482747077942,0.9017075300216675,0.7789666056632996,0.8178017735481262,0.7908791303634644,0.7285849452018738,0.7811558246612549,0.6529730558395386,0.7778396010398865,0.580458402633667,0.8467209935188293,0.797431468963623,0.7935508489608765,0.678611695766449,0.7560492753982544,0.6161105632781982,0.7233129739761353,0.584601104259491,0.802431046962738,0.8341620564460754,0.7353141903877258,0.6857885122299194,0.7164188027381897,0.6968513131141663,0.7205283045768738,0.7271350622177124,0.7524831295013428,0.8559206128120422,0.6960868239402771,0.707768440246582,0.6942315101623535,0.7266258001327515,0.7077305316925049,0.7649160623550415,0.7033376693725586,0.8637987375259399,0.6679373979568481,0.7412436604499817,0.6738283634185791,0.7446120381355286,0.6898055672645569,0.7738509774208069
0,0.7418390512466431,0.874774158000946,0.7647516131401062,0.7769070267677307,0.7676553726196289,0.6946094036102295,0.7439741492271423,0.6320728659629822,0.7236412167549133,0.5780122876167297,0.8349944353103638,0.7589067816734314,0.7695127725601196,0.6638237237930298,0.7213163375854492,0.6182287931442261,0.680992066860199,0.595928430557251,0.7959058880805969,0.8094840049743652,0.7125805616378784,0.6825636625289917,0.697950005531311,0.691927433013916,0.704890787601471,0.7170619964599609,0.7476192712783813,0.8445287346839905,0.6730083227157593,0.7145660519599915,0.6782538890838623,0.7276100516319275,0.6993563771247864,0.7568414211273193,0.7003213167190552,0.8645594716072083,0.6517183780670166,0.7497043609619141,0.6593127250671387,0.7421102523803711,0.6788961291313171,0.759041965007782
0,0.7558309435844421,0.8752291202545166,0.7704672813415527,0.7885311245918274,0.7665922045707703,0.681286633014679,0.7373985052108765,0.5915287137031555,0.7207024693489075,0.5237739086151123,0.8371379971504211,0.6951874494552612,0.774300754070282,0.5893065929412842,0.7210688591003418,0.5567975640296936,0.6825891137123108,0.545486569404602,0.8074973821640015,0.7318118810653687,0.7129234075546265,0.6288939118385315,0.69432532787323,0.6665101051330566,0.7067009806632996,0.6993045806884766,0.7670645713806152,0.7608791589736938,0.6822348833084106,0.6604692935943604,0.6737304925918579,0.7013522386550903,0.6886810064315796,0.7359376549720764,0.7236073613166809,0.7851064205169678,0.6609344482421875,0.6997596621513367,0.6520721912384033,0.7205683588981628,0.6607630848884583,0.7414439916610718
0,0.799340009689331,0.7740230560302734,0.7364111542701721,0.7507343292236328,0.6962940692901611,0.6700620055198669,0.6860222220420837,0.5933582782745361,0.6818614602088928,0.5382482409477234,0.7062219381332397,0.635429322719574,0.6943274140357971,0.5859314799308777,0.6922791004180908,0.5527409315109253,0.6947847604751587,0.5258095264434814,0.7418347597122192,0.6299423575401306,0.7333887815475464,0.5786811113357544,0.743958055973053,0.6272868514060974,0.7538368701934814,0.6682376861572266,0.7762903571128845,0.6318909525871277,0.766238808631897,0.5918015837669373,0.7705138325691223,0.6506808996200562,0.776452898979187,0.6950846314430237,0.8130893707275391,0.6390314698219299,0.7997920513153076,0.6081408858299255,0.7970801591873169,0.6536777019500732,0.7970137000083923,0.6917157173156738
0,0.8119751214981079,0.7886037230491638,0.7509334087371826,0.7684382200241089,0.7068271636962891,0.6870515942573547,0.6948195099830627,0.606999933719635,0.6896616220474243,0.5496057868003845,0.7133042812347412,0.6535861492156982,0.6967880129814148,0.6008466482162476,0.6890445947647095,0.5682773590087891,0.6859270930290222,0.5416516065597534,0.7481593489646912,0.6453672051429749,0.7325363159179688,0.5907140970230103,0.7467324733734131,0.6386286020278931,0.761510968208313,0.6781936287879944,0.7827849984169006,0.6451542973518372,0.7690548896789551,0.602674126625061,0.7778079509735107,0.6635961532592773,0.7878078818321228,0.706932008266449,0.8199166655540466,0.6486481428146362,0.80353844165802,0.6175994277000427,0.8042392730712891,0.6654026508331299,0.8078721165657043,0.7016205191612244
0,0.7507404088973999,0.887601375579834,0.7353286147117615,0.7703578472137451,0.7462259531021118,0.6751522421836853,0.7525814771652222,0.5972095727920532,0.7539133429527283,0.525044322013855,0.8525304794311523,0.6766414046287537,0.7941997647285461,0.5851825475692749,0.7397887110710144,0.5696350336074829,0.7001181244850159,0.5696108937263489,0.8482567071914673,0.7106553912162781,0.7436268329620361,0.6302987337112427,0.7192081212997437,0.6761445999145508,0.7293339371681213,0.7092456221580505,0.8245632648468018,0.7436619997024536,0.7227383255958557,0.6715359091758728,0.7085197567939758,0.7177836298942566,0.7225397825241089,0.7474318146705627,0.7920970916748047,0.7757744789123535,0.712745726108551,0.7220569252967834,0.6967012882232666,0.7471365928649902,0.7044686079025269,0.764083981513977
0,0.757578432559967,0.8767623901367188,0.768779456615448,0.776719868183136,0.7624783515930176,0.6748045682907104,0.7409209609031677,0.5957703590393066,0.7334381937980652,0.526796817779541,0.832919180393219,0.7130622863769531,0.7613608837127686,0.6105461716651917,0.7118712663650513,0.578528642654419,0.6792998313903809,0.5741540193557739,0.8010143637657166,0.7621666193008423,0.7092437744140625,0.6504611968994141,0.693996012210846,0.669802725315094,0.705214262008667,0.6984362006187439,0.760428786277771,0.7981060147285461,0.6785098314285278,0.6837043762207031,0.6734368205070496,0.7069347500801086,0.6889925003051758,0.7377524375915527,0.7182009816169739,0.8239887952804565,0.659376859664917,0.7244792580604553,0.6588144302368164,0.7356260418891907,0.6731592416763306,0.7591689825057983
0,0.7739741802215576,0.8590964078903198,0.8005427718162537,0.7767511010169983,0.7923822999000549,0.6921185851097107,0.7592135071754456,0.6209868788719177,0.7407550811767578,0.5610218048095703,0.8290665745735168,0.764133095741272,0.7603497505187988,0.6740800738334656,0.7288897633552551,0.6251890063285828,0.7072780728340149,0.5973686575889587,0.7833360433578491,0.8120899200439453,0.7130971550941467,0.6731271147727966,0.7185784578323364,0.6624387502670288,0.7346993684768677,0.6801156401634216,0.7388514876365662,0.8403393030166626,0.6851809620857239,0.7062926888465881,0.6981277465820312,0.6986335515975952,0.7146531343460083,0.7181742191314697,0.6950995922088623,0.8526452779769897,0.6605106592178345,0.7391716837882996,0.6756870150566101,0.7268627882003784,0.6895377039909363,0.7397447824478149
